id;x;y;type;capacity;cost
0;16.9240146156931;51.136968994631886;existing_shelter;517.0;0.0
1;17.0465629820728;51.1056246306043;existing_shelter;197.0;0.0
2;17.0742127006288;51.1316960030849;existing_shelter;127.0;0.0
3;17.0783131276616;51.1322969248169;existing_shelter;40.0;0.0
4;17.1072791410178;51.132312788980094;existing_shelter;137.0;0.0
5;17.0557693285195;51.1207388572667;existing_shelter;40.0;0.0
6;17.0354909999997;51.0933484999991;existing_shelter;55.0;0.0
7;17.0377035999997;51.0929436999991;existing_shelter;55.0;0.0
8;17.0110413999997;51.0817146999991;existing_shelter;61.0;0.0
9;17.0112999999997;51.0813838999991;existing_shelter;60.0;0.0
10;17.0078628999997;51.088868399999114;existing_shelter;88.0;0.0
11;17.0188934999997;51.0861996999991;existing_shelter;134.0;0.0
12;16.9901982867113;51.1425514477969;existing_shelter;138.0;0.0
13;17.0544260447167;51.1221854347373;existing_shelter;56.0;0.0
14;17.0312919214575;51.1117559491807;existing_shelter;83.0;0.0
15;17.0308976234081;51.108764876196496;existing_shelter;66.0;0.0
16;17.0337461293832;51.1087853699498;existing_shelter;107.0;0.0
17;17.0333202448829;51.1115783877259;existing_shelter;24.0;0.0
18;17.0313748051558;51.1092982166956;existing_shelter;32.0;0.0
19;17.0332991224869;51.1087774909608;existing_shelter;99.0;0.0
20;17.0329792690617;51.1102124727844;existing_shelter;37.0;0.0
21;17.032194848045;51.1107932666807;existing_shelter;50.0;0.0
22;17.0317896390801;51.1108816476066;existing_shelter;52.0;0.0
23;17.0321774747151;51.1104685315275;existing_shelter;70.0;0.0
24;17.0086148367303;51.0870645479704;existing_shelter;65.0;0.0
25;17.0073319864493;51.0873848624003;existing_shelter;139.0;0.0
26;17.0063261580683;51.0876742895169;existing_shelter;65.0;0.0
27;17.0323384707901;51.1103951210722;existing_shelter;63.0;0.0
28;17.0235140812978;51.1046398949794;existing_shelter;91.0;0.0
29;17.024264101148;51.1041910774907;existing_shelter;91.0;0.0
30;17.0235446999997;51.1046581999991;existing_shelter;42.0;0.0
31;17.0235446999997;51.1046581999991;existing_shelter;96.0;0.0
32;17.0225519999997;51.1034630999991;existing_shelter;63.0;0.0
33;17.0235446999997;51.1046581999991;existing_shelter;81.0;0.0
34;17.0226846999997;51.1049800999991;existing_shelter;120.0;0.0
35;17.0226602999997;51.1049619999991;existing_shelter;80.0;0.0
36;17.0064894999997;51.0884600999991;existing_shelter;53.0;0.0
37;17.0253493999997;51.1026823999991;existing_shelter;76.0;0.0
38;17.0249790999997;51.103100399999114;existing_shelter;61.0;0.0
39;17.0301254999997;51.1020211999991;existing_shelter;88.0;0.0
40;17.0299083999997;51.1017306999991;existing_shelter;74.0;0.0
41;17.0295051999997;51.1022134999991;existing_shelter;160.0;0.0
42;17.0291248999997;51.1018376999991;existing_shelter;90.0;0.0
43;17.0327982999997;51.1058033999991;existing_shelter;115.0;0.0
44;17.0368744999997;51.1051746999991;existing_shelter;63.0;0.0
45;17.0338368674851;51.103759574129086;existing_shelter;110.0;0.0
46;17.0351400923047;51.1035421978556;existing_shelter;106.0;0.0
47;17.0350846518389;51.1033571294281;existing_shelter;113.0;0.0
48;17.0380073999997;51.1037547999991;existing_shelter;112.0;0.0
49;17.0391466999997;51.1058180999991;existing_shelter;102.0;0.0
50;17.0540698976508;51.1243272205462;existing_shelter;90.0;0.0
51;17.0334321999997;51.1036934999991;existing_shelter;87.0;0.0
52;17.0539677222511;51.1242014631657;existing_shelter;92.0;0.0
53;17.0537491222163;51.1237486596795;existing_shelter;118.0;0.0
54;17.0235466999997;51.1050050999991;existing_shelter;86.0;0.0
55;17.0532783107149;51.1230680910512;existing_shelter;145.0;0.0
56;17.0529623967842;51.1223960300546;existing_shelter;116.0;0.0
57;17.0232262999997;51.1048530999991;existing_shelter;54.0;0.0
58;17.0229601731587;51.105549284825486;existing_shelter;64.0;0.0
59;17.0322064575889;51.1024586256139;existing_shelter;84.0;0.0
60;17.0342644662755;51.0931394872824;existing_shelter;59.0;0.0
61;17.0343321082342;51.0924080531543;existing_shelter;82.0;0.0
62;17.0344526400019;51.090821484611695;existing_shelter;82.0;0.0
63;17.0196549766789;51.0821646703778;existing_shelter;64.0;0.0
64;17.0136454926169;51.0863972091517;existing_shelter;57.0;0.0
65;17.0059334659045;51.0885753021988;existing_shelter;101.0;0.0
66;16.8932609282163;51.1509242432469;existing_shelter;324.0;0.0
67;17.0145385791615;51.0861602663464;existing_shelter;90.0;0.0
68;17.0339341156833;51.1017797362912;existing_shelter;70.0;0.0
69;16.9655445949014;51.0786995762394;existing_shelter;70.0;0.0
70;17.0352252144337;51.1002650913522;existing_shelter;75.0;0.0
71;17.0382756021735;51.101994131175886;existing_shelter;74.0;0.0
72;17.0375875556085;51.1054806369848;existing_shelter;63.0;0.0
73;17.0113120493532;51.1043391475008;existing_shelter;102.0;0.0
74;17.030688914019;51.1188088219715;existing_shelter;104.0;0.0
75;17.0655872193471;51.1091314587319;existing_shelter;50.0;0.0
76;17.0677287148984;51.1085198192536;existing_shelter;54.0;0.0
77;17.0943197966992;51.1133654933019;existing_shelter;81.0;0.0
78;17.1064807647404;51.0990241826973;existing_shelter;60.0;0.0
79;17.1067416095672;51.1000971082133;existing_shelter;65.0;0.0
80;17.1035144930256;51.108522555375686;existing_shelter;44.0;0.0
81;17.013072081382;51.1194400680807;existing_shelter;87.0;0.0
82;17.0248155744693;51.1036815518784;existing_shelter;62.0;0.0
83;17.0343680665988;51.102184621199115;existing_shelter;36.0;0.0
84;17.0342182118088;51.101506176859885;existing_shelter;89.0;0.0
85;17.0290421520352;51.1092287193724;existing_shelter;169.0;0.0
86;17.0338452872978;51.1108480725022;existing_shelter;57.0;0.0
87;17.0321346246787;51.118219914435485;existing_shelter;45.0;0.0
88;17.034560582739;51.0937193746899;existing_shelter;55.0;0.0
89;17.0050118405868;51.1132176104151;existing_shelter;3474.0;0.0
90;17.0002781447155;51.1645750313034;existing_shelter;308.0;0.0
91;17.0129306786752;51.1048079498872;existing_shelter;118.0;0.0
92;16.8775209610734;51.1438007915614;existing_shelter;56.0;0.0
93;17.097481275565;51.1273630430467;existing_shelter;133.0;0.0
94;16.9655056190516;51.140591926472496;existing_shelter;120.0;0.0
95;16.9551429883368;51.1305611353044;existing_shelter;114.0;0.0
96;17.0277648113061;51.111541881347286;existing_shelter;419.0;0.0
97;17.0377383641536;51.1246533920331;existing_shelter;65.0;0.0
98;17.0369878154346;51.1094225598873;existing_shelter;52.0;0.0
99;17.0060414072351;51.0707392052159;existing_shelter;249.0;0.0
100;17.0356857855971;51.1127033648606;existing_shelter;193.0;0.0
101;16.9913987878544;51.11175946966221;existing_shelter;119.0;0.0
102;16.9911632193988;51.106575269268;existing_shelter;144.0;0.0
103;17.0394230746951;51.124774285018496;existing_shelter;120.0;0.0
104;16.9535219999997;51.1303474999991;existing_shelter;237.0;0.0
105;17.0373511297997;51.0963715551217;existing_shelter;357.0;0.0
106;16.9845767819113;51.0978338234811;existing_shelter;133.0;0.0
107;16.9855050662652;51.0972235016655;existing_shelter;81.0;0.0
108;17.013550806459;51.0913831864284;existing_shelter;100.0;0.0
109;17.0582076241527;51.1043455156824;existing_shelter;97.0;0.0
110;17.0164862820024;51.0880955639705;existing_shelter;109.0;0.0
111;17.0223440588556;51.0765427449143;existing_shelter;194.0;0.0
112;17.0264197359762;51.090121262718895;existing_shelter;200.0;0.0
113;17.0444612999997;51.1083014999991;existing_shelter;106.0;0.0
114;17.07788168;51.05853743;existing_shelter;333.0;0.0
115;17.0777005962203;51.058893956689694;existing_shelter;667.0;0.0
116;17.0777511;51.0593776;existing_shelter;667.0;0.0
117;17.0774092;51.0596004;existing_shelter;667.0;0.0
118;17.07653051;51.06017448;existing_shelter;467.0;0.0
119;17.0764671;51.0599911;existing_shelter;667.0;0.0
120;17.0760266;51.0608634;existing_shelter;667.0;0.0
121;17.076728;51.059533;existing_shelter;800.0;0.0
122;17.0774301;51.0589081;existing_shelter;667.0;0.0
123;17.0776809;51.05845262;existing_shelter;467.0;0.0
124;17.07791209;51.05902983;existing_shelter;333.0;0.0
125;17.0750591;51.06207;existing_shelter;300.0;0.0
126;17.0610927;51.0566978;existing_shelter;300.0;0.0
127;16.8600760537817;51.148778451853296;existing_shelter;226.0;0.0
128;16.9839038041903;51.080089102576714;existing_shelter;308.0;0.0
129;17.044470271582;51.088657612488;existing_shelter;40.0;0.0
130;17.0380418763415;51.0922797465815;existing_shelter;38.0;0.0
131;17.0347073296741;51.090201583338;existing_shelter;80.0;0.0
132;17.0135361296183;51.0871054510576;existing_shelter;52.0;0.0
133;17.0186997853187;51.0821883159732;existing_shelter;42.0;0.0
134;17.0192016517645;51.082121592021686;existing_shelter;43.0;0.0
135;17.1038891151815;51.1220499165288;existing_shelter;33.0;0.0
136;17.1039019884092;51.1220396754609;existing_shelter;10.0;0.0
137;17.1052337051853;51.1233159802927;existing_shelter;23.0;0.0
138;17.0248182584939;51.10263981138;existing_shelter;97.0;0.0
139;17.0258594575713;51.102538548764;existing_shelter;65.0;0.0
140;17.0263338142119;51.1023465470171;existing_shelter;58.0;0.0
141;17.0258988690831;51.1020426403328;existing_shelter;63.0;0.0
142;17.0261541358508;51.1019518285088;existing_shelter;61.0;0.0
143;17.0470881914008;51.1202771121836;existing_shelter;50.0;0.0
144;17.0419160542275;51.1163936040878;existing_shelter;35.0;0.0
145;17.0326470104199;51.116219145413694;existing_shelter;27.0;0.0
146;17.0300849140762;51.116864701086094;existing_shelter;41.0;0.0
147;17.0254528901749;51.115903895087;existing_shelter;780.0;0.0
148;17.0517849159362;51.122636923594;existing_shelter;46.0;0.0
149;17.0515768395458;51.122704985359;existing_shelter;46.0;0.0
150;17.0513851093488;51.122765524118;existing_shelter;53.0;0.0
151;17.08637;51.103504;new_shelter;100.0;2.0
152;17.082551;51.100217;new_shelter;100.0;2.0
153;17.09949;51.10039;new_shelter;100.0;4.0
154;17.059;51.10059;new_shelter;100.0;6.0
155;17.07949;51.10019;new_shelter;100.0;8.0
156;17.027826310102544;51.05807158316387;new_shelter;140.0;10.0
157;17.0057780813415;51.09366343366862;new_shelter;199.0;3.0
158;17.02972752251132;51.07387679740288;new_shelter;449.0;3.0
159;17.05839533174918;51.077102366162215;new_shelter;100.0;4.0
160;17.08421790595865;51.118421264217446;new_shelter;50.0;1.0
161;17.071007430471685;51.125701126069934;new_shelter;200.0;10.0
162;17.023716258604306;51.13798077078051;new_shelter;200.0;2.0
163;17.014300991689257;51.050793363066056;new_shelter;1000.0;3.0
164;17.0219785;51.0492249;residental;0.0;0.0
165;17.032953;51.066307;residental;0.0;0.0
166;17.0634065;51.0620563;residental;0.0;0.0
167;16.9766352;51.0618473;residental;0.0;0.0
168;17.0208583;51.048806;residental;0.0;0.0
169;17.0099086;51.056017;residental;0.0;0.0
170;17.0255631;51.0468334;residental;0.0;0.0
171;17.0017749;51.068533;residental;0.0;0.0
172;17.0096695;51.0697592;residental;0.0;0.0
173;17.031691;51.063739;residental;0.0;0.0
174;17.0411908;51.0621601;residental;0.0;0.0
175;17.0020389;51.0665215;residental;0.0;0.0
176;17.036598;51.0675405;residental;0.0;0.0
177;17.0001585;51.0666341;residental;0.0;0.0
178;17.012415;51.0499384;residental;0.0;0.0
179;17.0217105;51.049905;residental;0.0;0.0
180;17.005564;51.0604743;residental;0.0;0.0
181;17.0291045;51.0524655;residental;0.0;0.0
182;17.0420636;51.0625783;residental;0.0;0.0
183;17.0074234;51.0700465;residental;0.0;0.0
184;17.0515706;51.0489064;residental;0.0;0.0
185;17.022668;51.05187;residental;0.0;0.0
186;17.035112;51.0677775;residental;0.0;0.0
187;17.0318758;51.0506872;residental;0.0;0.0
188;17.0390144;51.0586694;residental;0.0;0.0
189;17.0132145;51.0673335;residental;0.0;0.0
190;17.08038;51.061785;residental;0.0;0.0
191;17.0012533;51.0687638;residental;0.0;0.0
192;17.06355;51.0617545;residental;0.0;0.0
193;17.0291205;51.0595285;residental;0.0;0.0
194;17.0341845;51.0537874;residental;0.0;0.0
195;17.088771;51.0476335;residental;0.0;0.0
196;17.0357901;51.0643936;residental;0.0;0.0
197;17.0575069;51.0574752;residental;0.0;0.0
198;17.0060636;51.0687152;residental;0.0;0.0
199;16.9962887;51.0650529;residental;0.0;0.0
200;17.0366296;51.0653351;residental;0.0;0.0
201;17.03712;51.0616952;residental;0.0;0.0
202;17.0280185;51.059761;residental;0.0;0.0
203;17.034275;51.0697475;residental;0.0;0.0
204;17.020497;51.0504995;residental;0.0;0.0
205;17.0213771;51.0487659;residental;0.0;0.0
206;17.0138069;51.0691367;residental;0.0;0.0
207;17.0825449;51.0660617;residental;0.0;0.0
208;17.0069181;51.0609633;residental;0.0;0.0
209;17.0174395;51.0584765;residental;0.0;0.0
210;17.0363275;51.0609643;residental;0.0;0.0
211;16.995851;51.0650143;residental;0.0;0.0
212;16.9769456;51.0615658;residental;0.0;0.0
213;17.036905;51.0693745;residental;0.0;0.0
214;17.0077648;51.0588962;residental;0.0;0.0
215;17.077273;51.063894;residental;0.0;0.0
216;17.030137;51.0645685;residental;0.0;0.0
217;17.0003209;51.0682358;residental;0.0;0.0
218;17.0525395;51.047461;residental;0.0;0.0
219;17.0195476;51.0489842;residental;0.0;0.0
220;17.033404;51.058357;residental;0.0;0.0
221;17.03182;51.0658915;residental;0.0;0.0
222;17.0064502;51.0697168;residental;0.0;0.0
223;17.034371;51.067679;residental;0.0;0.0
224;17.0084195;51.0628737;residental;0.0;0.0
225;17.0096846;51.0553115;residental;0.0;0.0
226;17.0136353;51.0688218;residental;0.0;0.0
227;17.0522135;51.0468611;residental;0.0;0.0
228;17.030737;51.0658905;residental;0.0;0.0
229;17.0192781;51.0649965;residental;0.0;0.0
230;17.0802905;51.0692455;residental;0.0;0.0
231;17.088054;51.055758;residental;0.0;0.0
232;17.0274585;51.0494941;residental;0.0;0.0
233;17.0210495;51.049262;residental;0.0;0.0
234;17.0078764;51.0662573;residental;0.0;0.0
235;17.0128368;51.069431;residental;0.0;0.0
236;16.9945492;51.0649389;residental;0.0;0.0
237;17.0129087;51.0685927;residental;0.0;0.0
238;17.064601;51.0636405;residental;0.0;0.0
239;17.0055949;51.061012;residental;0.0;0.0
240;17.024338;51.0610665;residental;0.0;0.0
241;17.0849612;51.0623819;residental;0.0;0.0
242;17.031761;51.0639215;residental;0.0;0.0
243;16.9981104;51.0686854;residental;0.0;0.0
244;17.0014137;51.0660826;residental;0.0;0.0
245;17.029248;51.0618395;residental;0.0;0.0
246;17.023918;51.0564965;residental;0.0;0.0
247;17.0373505;51.0630435;residental;0.0;0.0
248;16.9954112;51.0655162;residental;0.0;0.0
249;17.0058984;51.0654259;residental;0.0;0.0
250;17.0226521;51.051315;residental;0.0;0.0
251;17.0594721;51.0625639;residental;0.0;0.0
252;17.0178275;51.0584225;residental;0.0;0.0
253;17.0251042;51.0551404;residental;0.0;0.0
254;17.0293715;51.051672;residental;0.0;0.0
255;17.0205885;51.04945;residental;0.0;0.0
256;17.0335995;51.067301;residental;0.0;0.0
257;17.0254238;51.0463963;residental;0.0;0.0
258;16.9977159;51.0649902;residental;0.0;0.0
259;16.9961058;51.063392;residental;0.0;0.0
260;17.0349917;51.0648326;residental;0.0;0.0
261;17.057783;51.0490901;residental;0.0;0.0
262;17.0349417;51.065197;residental;0.0;0.0
263;17.057813;51.0486963;residental;0.0;0.0
264;17.0194921;51.0587648;residental;0.0;0.0
265;17.02891;51.059146;residental;0.0;0.0
266;17.0306035;51.06353;residental;0.0;0.0
267;17.0250996;51.0621703;residental;0.0;0.0
268;17.0282765;51.063093;residental;0.0;0.0
269;17.020524;51.049183;residental;0.0;0.0
270;17.022025;51.049444;residental;0.0;0.0
271;16.9773589;51.062224;residental;0.0;0.0
272;17.006191;51.0696236;residental;0.0;0.0
273;17.0231481;51.0604675;residental;0.0;0.0
274;17.0790445;51.0681697;residental;0.0;0.0
275;17.0324615;51.06789;residental;0.0;0.0
276;17.0358674;51.0648429;residental;0.0;0.0
277;17.0352442;51.0648642;residental;0.0;0.0
278;17.0056157;51.0670387;residental;0.0;0.0
279;17.0357195;51.0625985;residental;0.0;0.0
280;17.0133275;51.0675714;residental;0.0;0.0
281;17.0306195;51.0645695;residental;0.0;0.0
282;16.9929283;51.0648528;residental;0.0;0.0
283;17.007691;51.0556694;residental;0.0;0.0
284;17.0595115;51.0593885;residental;0.0;0.0
285;17.0646024;51.0508407;residental;0.0;0.0
286;17.0618213;51.051616;residental;0.0;0.0
287;17.080438;51.0690945;residental;0.0;0.0
288;17.0366238;51.0618184;residental;0.0;0.0
289;17.057606;51.0477639;residental;0.0;0.0
290;17.032807;51.0666625;residental;0.0;0.0
291;16.9782985;51.0624538;residental;0.0;0.0
292;17.0134139;51.0673026;residental;0.0;0.0
293;17.059627;51.0520153;residental;0.0;0.0
294;16.9793947;51.0634441;residental;0.0;0.0
295;17.033611;51.0643104;residental;0.0;0.0
296;17.030622;51.0670015;residental;0.0;0.0
297;17.0229676;51.0528201;residental;0.0;0.0
298;17.0412482;51.062081;residental;0.0;0.0
299;17.0267151;51.0487186;residental;0.0;0.0
300;17.063725;51.0620005;residental;0.0;0.0
301;17.0812131;51.0608821;residental;0.0;0.0
302;17.0621908;51.0515324;residental;0.0;0.0
303;17.03424;51.0668755;residental;0.0;0.0
304;17.0153138;51.0554803;residental;0.0;0.0
305;17.0066536;51.0689456;residental;0.0;0.0
306;17.0143717;51.069077;residental;0.0;0.0
307;17.053994;51.0479855;residental;0.0;0.0
308;17.0252215;51.06307;residental;0.0;0.0
309;17.035627;51.0640625;residental;0.0;0.0
310;17.0559071;51.0488225;residental;0.0;0.0
311;17.0915004;51.069671;residental;0.0;0.0
312;17.0230015;51.0584635;residental;0.0;0.0
313;17.0013971;51.0666702;residental;0.0;0.0
314;17.03735;51.068199;residental;0.0;0.0
315;17.0302195;51.0648655;residental;0.0;0.0
316;17.0232702;51.0567086;residental;0.0;0.0
317;17.0283665;51.059184;residental;0.0;0.0
318;17.0086715;51.0694254;residental;0.0;0.0
319;17.030683;51.064962;residental;0.0;0.0
320;17.0273295;51.0570825;residental;0.0;0.0
321;17.041156;51.062111;residental;0.0;0.0
322;17.0262746;51.0474512;residental;0.0;0.0
323;16.9992121;51.0680352;residental;0.0;0.0
324;17.0087143;51.0577892;residental;0.0;0.0
325;17.0249974;51.0468106;residental;0.0;0.0
326;17.0865582;51.0525725;residental;0.0;0.0
327;17.0933287;51.0682424;residental;0.0;0.0
328;17.08016;51.067697;residental;0.0;0.0
329;17.0286225;51.060958;residental;0.0;0.0
330;17.0226503;51.0567518;residental;0.0;0.0
331;17.0061774;51.060917;residental;0.0;0.0
332;17.026324;51.0533005;residental;0.0;0.0
333;17.057152;51.059225;residental;0.0;0.0
334;16.9992073;51.0596101;residental;0.0;0.0
335;17.0356997;51.0648602;residental;0.0;0.0
336;17.0112752;51.0674048;residental;0.0;0.0
337;17.0217778;51.0529622;residental;0.0;0.0
338;17.0088824;51.0561595;residental;0.0;0.0
339;17.0602565;51.0528529;residental;0.0;0.0
340;17.0892805;51.0560595;residental;0.0;0.0
341;17.0815228;51.0679896;residental;0.0;0.0
342;17.03248;51.0672455;residental;0.0;0.0
343;16.982409;51.0699665;residental;0.0;0.0
344;17.0141707;51.0557792;residental;0.0;0.0
345;17.0817538;51.0677568;residental;0.0;0.0
346;16.9916031;51.0613704;residental;0.0;0.0
347;16.9754353;51.0676212;residental;0.0;0.0
348;17.0602578;51.058562;residental;0.0;0.0
349;17.0221446;51.0497476;residental;0.0;0.0
350;17.02388;51.0474512;residental;0.0;0.0
351;17.034144;51.0662985;residental;0.0;0.0
352;17.0294665;51.057497;residental;0.0;0.0
353;17.0245038;51.0464487;residental;0.0;0.0
354;17.0845855;51.0541745;residental;0.0;0.0
355;17.0342595;51.058368;residental;0.0;0.0
356;17.0069627;51.0564414;residental;0.0;0.0
357;17.0400669;51.0689179;residental;0.0;0.0
358;17.0219029;51.0533485;residental;0.0;0.0
359;17.0275805;51.0574925;residental;0.0;0.0
360;17.081637;51.0678743;residental;0.0;0.0
361;17.0300775;51.0665865;residental;0.0;0.0
362;17.0197105;51.0495015;residental;0.0;0.0
363;17.0086584;51.0696814;residental;0.0;0.0
364;17.040038;51.0685415;residental;0.0;0.0
365;17.036915;51.068495;residental;0.0;0.0
366;17.0803623;51.0632377;residental;0.0;0.0
367;16.9766576;51.0612157;residental;0.0;0.0
368;17.019996;51.050388;residental;0.0;0.0
369;17.0244547;51.0463014;residental;0.0;0.0
370;17.0050424;51.0676893;residental;0.0;0.0
371;16.9773126;51.0612645;residental;0.0;0.0
372;17.029609;51.0564955;residental;0.0;0.0
373;17.028702;51.061665;residental;0.0;0.0
374;17.0279895;51.0542755;residental;0.0;0.0
375;16.9779343;51.0612208;residental;0.0;0.0
376;17.077304;51.0689215;residental;0.0;0.0
377;16.9949237;51.0629644;residental;0.0;0.0
378;17.0132499;51.0675032;residental;0.0;0.0
379;17.0752833;51.0633922;residental;0.0;0.0
380;17.080566;51.0689615;residental;0.0;0.0
381;17.035532;51.062268;residental;0.0;0.0
382;17.0121963;51.0558209;residental;0.0;0.0
383;17.0814781;51.0522718;residental;0.0;0.0
384;17.0596834;51.0496896;residental;0.0;0.0
385;17.0289415;51.0659935;residental;0.0;0.0
386;17.0365172;51.0618425;residental;0.0;0.0
387;17.0084667;51.0583767;residental;0.0;0.0
388;16.9933991;51.0634895;residental;0.0;0.0
389;17.0880934;51.0548558;residental;0.0;0.0
390;17.0252003;51.0456873;residental;0.0;0.0
391;17.0155194;51.0558237;residental;0.0;0.0
392;17.028453;51.059312;residental;0.0;0.0
393;17.0101881;51.0693564;residental;0.0;0.0
394;17.028818;51.0588815;residental;0.0;0.0
395;17.0088867;51.0571816;residental;0.0;0.0
396;16.9956531;51.0630685;residental;0.0;0.0
397;17.03187;51.0648175;residental;0.0;0.0
398;17.0334045;51.0674575;residental;0.0;0.0
399;17.0330188;51.0618066;residental;0.0;0.0
400;17.021375;51.050238;residental;0.0;0.0
401;17.0076755;51.0660134;residental;0.0;0.0
402;17.0135427;51.0672823;residental;0.0;0.0
403;17.0195354;51.0590685;residental;0.0;0.0
404;17.0864443;51.0585777;residental;0.0;0.0
405;17.0247011;51.0472301;residental;0.0;0.0
406;17.0209395;51.0504495;residental;0.0;0.0
407;17.0410612;51.0618629;residental;0.0;0.0
408;17.0240535;51.0562305;residental;0.0;0.0
409;17.08089;51.06863;residental;0.0;0.0
410;17.0302445;51.0530375;residental;0.0;0.0
411;17.041941;51.0624756;residental;0.0;0.0
412;17.021574;51.0494805;residental;0.0;0.0
413;16.9989269;51.0688982;residental;0.0;0.0
414;17.0225834;51.0528563;residental;0.0;0.0
415;17.0063008;51.0701116;residental;0.0;0.0
416;16.9839861;51.0679493;residental;0.0;0.0
417;17.0220469;51.0495195;residental;0.0;0.0
418;17.0596203;51.0498807;residental;0.0;0.0
419;17.0518114;51.048299;residental;0.0;0.0
420;17.0095564;51.0570859;residental;0.0;0.0
421;17.0357842;51.0648516;residental;0.0;0.0
422;17.079522;51.06851;residental;0.0;0.0
423;16.9959887;51.0638283;residental;0.0;0.0
424;17.0325975;51.066389;residental;0.0;0.0
425;16.997685;51.0691861;residental;0.0;0.0
426;17.0234842;51.0465346;residental;0.0;0.0
427;17.0051051;51.0678042;residental;0.0;0.0
428;17.0383612;51.0634165;residental;0.0;0.0
429;17.0358857;51.0652115;residental;0.0;0.0
430;17.029077;51.06108;residental;0.0;0.0
431;17.0218513;51.0514161;residental;0.0;0.0
432;17.059581;51.0522589;residental;0.0;0.0
433;17.0352854;51.0652398;residental;0.0;0.0
434;16.9931189;51.0654453;residental;0.0;0.0
435;17.077274;51.0690875;residental;0.0;0.0
436;16.9960965;51.0647586;residental;0.0;0.0
437;17.029755;51.063631;residental;0.0;0.0
438;17.0818046;51.0603268;residental;0.0;0.0
439;17.0596983;51.062859;residental;0.0;0.0
440;17.033839;51.067471;residental;0.0;0.0
441;17.0200275;51.050482;residental;0.0;0.0
442;17.0287213;51.0626171;residental;0.0;0.0
443;17.000076;51.0685925;residental;0.0;0.0
444;16.9961665;51.066799;residental;0.0;0.0
445;17.027212;51.0592205;residental;0.0;0.0
446;17.0408805;51.0679;residental;0.0;0.0
447;17.0391955;51.0622623;residental;0.0;0.0
448;17.0409395;51.068291;residental;0.0;0.0
449;17.0424319;51.0628826;residental;0.0;0.0
450;17.031027;51.0510495;residental;0.0;0.0
451;17.0434995;51.069942;residental;0.0;0.0
452;17.0079785;51.0697133;residental;0.0;0.0
453;17.0376225;51.067904;residental;0.0;0.0
454;16.992578;51.0650742;residental;0.0;0.0
455;16.978845;51.065477;residental;0.0;0.0
456;17.060031;51.049165;residental;0.0;0.0
457;17.0081738;51.0625345;residental;0.0;0.0
458;17.0152394;51.0646568;residental;0.0;0.0
459;17.0075019;51.0631748;residental;0.0;0.0
460;17.0148035;51.069588;residental;0.0;0.0
461;17.0079059;51.0562905;residental;0.0;0.0
462;17.0235515;51.0516865;residental;0.0;0.0
463;17.031781;51.064096;residental;0.0;0.0
464;17.023176;51.048207;residental;0.0;0.0
465;17.0220304;51.0509029;residental;0.0;0.0
466;17.000797;51.0666068;residental;0.0;0.0
467;17.0385275;51.0684275;residental;0.0;0.0
468;17.0872125;51.0524845;residental;0.0;0.0
469;17.022228;51.0517245;residental;0.0;0.0
470;16.976796;51.0614114;residental;0.0;0.0
471;16.978545;51.06545;residental;0.0;0.0
472;17.0530115;51.047518;residental;0.0;0.0
473;17.02034;51.054035;residental;0.0;0.0
474;17.0374425;51.068578;residental;0.0;0.0
475;16.9908997;51.0647217;residental;0.0;0.0
476;16.9936706;51.0637716;residental;0.0;0.0
477;17.0189097;51.052261;residental;0.0;0.0
478;16.9752433;51.0667668;residental;0.0;0.0
479;17.0359549;51.064834;residental;0.0;0.0
480;17.0266973;51.0462312;residental;0.0;0.0
481;17.058387;51.059729;residental;0.0;0.0
482;17.091287;51.0696016;residental;0.0;0.0
483;17.0407089;51.0624967;residental;0.0;0.0
484;17.0405403;51.0622534;residental;0.0;0.0
485;16.9779551;51.0619483;residental;0.0;0.0
486;16.9930098;51.0645239;residental;0.0;0.0
487;17.0129645;51.0697791;residental;0.0;0.0
488;17.041421;51.0622824;residental;0.0;0.0
489;16.9931415;51.0652657;residental;0.0;0.0
490;17.032093;51.0577905;residental;0.0;0.0
491;17.0217775;51.0573925;residental;0.0;0.0
492;17.0148863;51.0695926;residental;0.0;0.0
493;17.020802;51.057965;residental;0.0;0.0
494;17.0215877;51.0487216;residental;0.0;0.0
495;17.0173459;51.0639489;residental;0.0;0.0
496;17.0241775;51.0484644;residental;0.0;0.0
497;17.0318505;51.065192;residental;0.0;0.0
498;17.0824816;51.0664656;residental;0.0;0.0
499;17.028735;51.0638005;residental;0.0;0.0
500;17.0222095;51.0513807;residental;0.0;0.0
501;17.0591242;51.0521013;residental;0.0;0.0
502;17.0742865;51.063156;residental;0.0;0.0
503;17.0390277;51.0587187;residental;0.0;0.0
504;17.0190198;51.0524103;residental;0.0;0.0
505;17.0267848;51.0489487;residental;0.0;0.0
506;17.0879447;51.0544627;residental;0.0;0.0
507;17.057486;51.0576947;residental;0.0;0.0
508;16.9781809;51.0615079;residental;0.0;0.0
509;17.0126688;51.06887;residental;0.0;0.0
510;17.030073;51.0644375;residental;0.0;0.0
511;16.9764216;51.0610459;residental;0.0;0.0
512;17.0055775;51.0677661;residental;0.0;0.0
513;17.0052322;51.0689368;residental;0.0;0.0
514;17.0563345;51.0484625;residental;0.0;0.0
515;16.9916325;51.0660247;residental;0.0;0.0
516;17.062712;51.0618785;residental;0.0;0.0
517;16.996764;51.0657824;residental;0.0;0.0
518;17.0048617;51.0674413;residental;0.0;0.0
519;16.9781267;51.0622013;residental;0.0;0.0
520;17.028966;51.0592785;residental;0.0;0.0
521;16.999373;51.0681192;residental;0.0;0.0
522;17.0209052;51.0623903;residental;0.0;0.0
523;17.0122662;51.0681433;residental;0.0;0.0
524;17.0818965;51.0600787;residental;0.0;0.0
525;17.0183805;51.0582735;residental;0.0;0.0
526;16.9797021;51.0637087;residental;0.0;0.0
527;17.0755739;51.0632418;residental;0.0;0.0
528;17.0250505;51.0515235;residental;0.0;0.0
529;17.0287503;51.0626774;residental;0.0;0.0
530;17.0278831;51.060964;residental;0.0;0.0
531;17.0060925;51.0614788;residental;0.0;0.0
532;17.0183607;51.0652324;residental;0.0;0.0
533;17.0079972;51.0693665;residental;0.0;0.0
534;17.0521068;51.0468968;residental;0.0;0.0
535;17.026339;51.049412;residental;0.0;0.0
536;17.030061;51.051784;residental;0.0;0.0
537;17.0338565;51.067725;residental;0.0;0.0
538;17.0182251;51.0496545;residental;0.0;0.0
539;17.073905;51.0634375;residental;0.0;0.0
540;17.0145452;51.06423;residental;0.0;0.0
541;17.0257832;51.0555619;residental;0.0;0.0
542;17.020631;51.0488489;residental;0.0;0.0
543;17.030241;51.052352;residental;0.0;0.0
544;17.0078619;51.0597385;residental;0.0;0.0
545;16.9993737;51.0689497;residental;0.0;0.0
546;17.0604008;51.0623847;residental;0.0;0.0
547;17.0317478;51.0503365;residental;0.0;0.0
548;17.0189691;51.0627786;residental;0.0;0.0
549;17.0336366;51.0644659;residental;0.0;0.0
550;17.0386028;51.0675804;residental;0.0;0.0
551;17.0169078;51.0463638;residental;0.0;0.0
552;17.0150049;51.0645148;residental;0.0;0.0
553;17.0377925;51.0687065;residental;0.0;0.0
554;17.0816863;51.0601379;residental;0.0;0.0
555;17.0353735;51.0640889;residental;0.0;0.0
556;17.0228455;51.058133;residental;0.0;0.0
557;17.008655;51.0555208;residental;0.0;0.0
558;16.9949091;51.0622262;residental;0.0;0.0
559;17.0350761;51.0648431;residental;0.0;0.0
560;17.0883049;51.0552751;residental;0.0;0.0
561;16.9750058;51.0676391;residental;0.0;0.0
562;17.0166683;51.0620849;residental;0.0;0.0
563;17.0014135;51.0688356;residental;0.0;0.0
564;17.077518;51.0680015;residental;0.0;0.0
565;17.0222117;51.0499631;residental;0.0;0.0
566;17.0153329;51.0647281;residental;0.0;0.0
567;17.0199435;51.0502615;residental;0.0;0.0
568;16.9907105;51.0626732;residental;0.0;0.0
569;17.0370756;51.0647124;residental;0.0;0.0
570;17.0068898;51.0607801;residental;0.0;0.0
571;17.0348201;51.0612063;residental;0.0;0.0
572;17.0406011;51.0623495;residental;0.0;0.0
573;16.9890903;51.0645292;residental;0.0;0.0
574;17.0950075;51.0496285;residental;0.0;0.0
575;17.0253542;51.0461775;residental;0.0;0.0
576;17.0075571;51.0579291;residental;0.0;0.0
577;17.088433;51.055558;residental;0.0;0.0
578;17.0112265;51.0682055;residental;0.0;0.0
579;17.020306;51.0496455;residental;0.0;0.0
580;17.0408954;51.0617183;residental;0.0;0.0
581;17.0814996;51.0602103;residental;0.0;0.0
582;17.0579379;51.0486358;residental;0.0;0.0
583;17.0203447;51.0605496;residental;0.0;0.0
584;17.0066732;51.0628893;residental;0.0;0.0
585;16.9795128;51.0622772;residental;0.0;0.0
586;16.9953795;51.0631441;residental;0.0;0.0
587;17.056555;51.048257;residental;0.0;0.0
588;17.0058712;51.0695537;residental;0.0;0.0
589;17.0875735;51.0537655;residental;0.0;0.0
590;17.0140501;51.0699499;residental;0.0;0.0
591;17.0151137;51.0645834;residental;0.0;0.0
592;17.0368877;51.0639257;residental;0.0;0.0
593;17.0205345;51.0503505;residental;0.0;0.0
594;17.0320945;51.058975;residental;0.0;0.0
595;17.019104;51.0490263;residental;0.0;0.0
596;16.9798939;51.0635837;residental;0.0;0.0
597;17.0194685;51.058084;residental;0.0;0.0
598;17.0587952;51.0532935;residental;0.0;0.0
599;17.0181545;51.0509095;residental;0.0;0.0
600;17.0082929;51.0698172;residental;0.0;0.0
601;17.0251771;51.0553613;residental;0.0;0.0
602;16.9956349;51.0619546;residental;0.0;0.0
603;17.057449;51.0472155;residental;0.0;0.0
604;17.0399863;51.0688143;residental;0.0;0.0
605;16.9784216;51.0618444;residental;0.0;0.0
606;17.0363256;51.06189;residental;0.0;0.0
607;17.058861;51.0583915;residental;0.0;0.0
608;17.0345721;51.0651297;residental;0.0;0.0
609;17.0849549;51.0517284;residental;0.0;0.0
610;17.0274715;51.05622;residental;0.0;0.0
611;17.034377;51.0651472;residental;0.0;0.0
612;17.021909;51.049002;residental;0.0;0.0
613;16.9790607;51.062861;residental;0.0;0.0
614;17.0607373;51.0514874;residental;0.0;0.0
615;17.024042;51.0479874;residental;0.0;0.0
616;17.0244117;51.045934;residental;0.0;0.0
617;17.0371795;51.062992;residental;0.0;0.0
618;17.0225765;51.0516885;residental;0.0;0.0
619;17.0846465;51.0515145;residental;0.0;0.0
620;17.037373;51.0683715;residental;0.0;0.0
621;17.0412855;51.0621303;residental;0.0;0.0
622;17.0277936;51.0498041;residental;0.0;0.0
623;16.9754576;51.0676775;residental;0.0;0.0
624;17.02318;51.0536145;residental;0.0;0.0
625;16.9913871;51.0613967;residental;0.0;0.0
626;17.0748409;51.0635724;residental;0.0;0.0
627;16.9894071;51.0642741;residental;0.0;0.0
628;17.0269858;51.0470972;residental;0.0;0.0
629;17.0831308;51.050899;residental;0.0;0.0
630;17.0274428;51.0529936;residental;0.0;0.0
631;17.0302145;51.064704;residental;0.0;0.0
632;17.0276025;51.054347;residental;0.0;0.0
633;17.0824538;51.0665997;residental;0.0;0.0
634;17.0067398;51.0558103;residental;0.0;0.0
635;17.0126349;51.0657495;residental;0.0;0.0
636;17.0208201;51.053575;residental;0.0;0.0
637;16.9938983;51.0657284;residental;0.0;0.0
638;17.0786635;51.0633635;residental;0.0;0.0
639;17.080182;51.0698825;residental;0.0;0.0
640;17.0848015;51.0548565;residental;0.0;0.0
641;17.0231415;51.058748;residental;0.0;0.0
642;17.0108028;51.0667499;residental;0.0;0.0
643;16.9774793;51.0614061;residental;0.0;0.0
644;17.023907;51.0516675;residental;0.0;0.0
645;17.0353835;51.063158;residental;0.0;0.0
646;17.0372349;51.0616643;residental;0.0;0.0
647;17.020099;51.050703;residental;0.0;0.0
648;17.0880099;51.0547047;residental;0.0;0.0
649;16.9904203;51.0649795;residental;0.0;0.0
650;16.9988346;51.0683142;residental;0.0;0.0
651;17.0651037;51.0508389;residental;0.0;0.0
652;17.005009;51.0612261;residental;0.0;0.0
653;17.0171128;51.0603141;residental;0.0;0.0
654;17.0587365;51.0584;residental;0.0;0.0
655;17.0288175;51.0559405;residental;0.0;0.0
656;17.0827061;51.0595976;residental;0.0;0.0
657;17.030351;51.051556;residental;0.0;0.0
658;17.0869425;51.0522805;residental;0.0;0.0
659;17.0518641;51.0474176;residental;0.0;0.0
660;16.9931213;51.064984;residental;0.0;0.0
661;17.0130843;51.0673538;residental;0.0;0.0
662;17.087857;51.0542825;residental;0.0;0.0
663;16.9924743;51.0655359;residental;0.0;0.0
664;17.053274;51.0480965;residental;0.0;0.0
665;17.024843;51.0472124;residental;0.0;0.0
666;16.9985345;51.0600357;residental;0.0;0.0
667;17.0562455;51.060859;residental;0.0;0.0
668;17.0779622;51.063626;residental;0.0;0.0
669;17.0743055;51.0636564;residental;0.0;0.0
670;17.0128552;51.0686638;residental;0.0;0.0
671;17.031879;51.065357;residental;0.0;0.0
672;16.9982621;51.0693348;residental;0.0;0.0
673;17.0201675;51.0509845;residental;0.0;0.0
674;17.0104357;51.0688113;residental;0.0;0.0
675;17.0206725;51.0546035;residental;0.0;0.0
676;17.0288016;51.0624449;residental;0.0;0.0
677;17.0219978;51.0492948;residental;0.0;0.0
678;17.0245168;51.0465361;residental;0.0;0.0
679;17.033595;51.0669495;residental;0.0;0.0
680;17.0212365;51.0487706;residental;0.0;0.0
681;16.9982469;51.0691673;residental;0.0;0.0
682;17.038439;51.0689635;residental;0.0;0.0
683;17.0405645;51.068313;residental;0.0;0.0
684;17.0055076;51.0672753;residental;0.0;0.0
685;17.0336835;51.0651345;residental;0.0;0.0
686;17.0492875;51.070041;residental;0.0;0.0
687;17.06019;51.050461;residental;0.0;0.0
688;16.9960461;51.0636145;residental;0.0;0.0
689;17.0404465;51.0686685;residental;0.0;0.0
690;17.0130182;51.057598;residental;0.0;0.0
691;17.0353309;51.064875;residental;0.0;0.0
692;17.0613685;51.059289;residental;0.0;0.0
693;17.0012162;51.0685948;residental;0.0;0.0
694;17.0848725;51.0514655;residental;0.0;0.0
695;16.9761191;51.0607323;residental;0.0;0.0
696;16.9912313;51.0646445;residental;0.0;0.0
697;17.038845;51.068223;residental;0.0;0.0
698;16.9917416;51.0615199;residental;0.0;0.0
699;17.036095;51.0679905;residental;0.0;0.0
700;17.0836415;51.064402;residental;0.0;0.0
701;17.0251352;51.0454591;residental;0.0;0.0
702;17.034647;51.0661545;residental;0.0;0.0
703;17.0836105;51.0614789;residental;0.0;0.0
704;17.0217455;51.0500485;residental;0.0;0.0
705;17.0138708;51.0691657;residental;0.0;0.0
706;17.0000549;51.0682459;residental;0.0;0.0
707;17.0142732;51.0693316;residental;0.0;0.0
708;17.029788;51.0651145;residental;0.0;0.0
709;17.0828099;51.060744;residental;0.0;0.0
710;17.030793;51.0651235;residental;0.0;0.0
711;16.9996394;51.0683593;residental;0.0;0.0
712;17.0418997;51.0624328;residental;0.0;0.0
713;17.076222;51.062438;residental;0.0;0.0
714;16.9784946;51.0619719;residental;0.0;0.0
715;16.9753446;51.0671833;residental;0.0;0.0
716;17.0221886;51.0498816;residental;0.0;0.0
717;17.0262603;51.0624531;residental;0.0;0.0
718;17.0427251;51.0625429;residental;0.0;0.0
719;17.0211225;51.0493965;residental;0.0;0.0
720;17.036651;51.0655898;residental;0.0;0.0
721;16.9941184;51.066124;residental;0.0;0.0
722;16.9948932;51.0678404;residental;0.0;0.0
723;17.005074;51.0677473;residental;0.0;0.0
724;17.020441;51.05007;residental;0.0;0.0
725;17.0217056;51.0577544;residental;0.0;0.0
726;17.0060092;51.0654869;residental;0.0;0.0
727;17.031833;51.0644525;residental;0.0;0.0
728;17.0103222;51.0581204;residental;0.0;0.0
729;17.0069099;51.0608438;residental;0.0;0.0
730;17.0185825;51.054458;residental;0.0;0.0
731;16.9802313;51.0624323;residental;0.0;0.0
732;17.0134716;51.0686814;residental;0.0;0.0
733;17.0196405;51.0492905;residental;0.0;0.0
734;17.0080805;51.0572961;residental;0.0;0.0
735;16.9963741;51.0647589;residental;0.0;0.0
736;17.079875;51.069652;residental;0.0;0.0
737;16.993592;51.0663806;residental;0.0;0.0
738;17.018219;51.0583485;residental;0.0;0.0
739;17.0055689;51.0678315;residental;0.0;0.0
740;17.0133727;51.0681268;residental;0.0;0.0
741;16.9994602;51.0682855;residental;0.0;0.0
742;17.0206861;51.0518978;residental;0.0;0.0
743;17.0167429;51.0622556;residental;0.0;0.0
744;17.0770945;51.0631735;residental;0.0;0.0
745;17.0314845;51.064454;residental;0.0;0.0
746;17.0215305;51.054418;residental;0.0;0.0
747;17.0300241;51.0489259;residental;0.0;0.0
748;17.021833;51.0536775;residental;0.0;0.0
749;17.0224563;51.0507027;residental;0.0;0.0
750;17.082433;51.0597101;residental;0.0;0.0
751;17.0250444;51.0572446;residental;0.0;0.0
752;17.0084542;51.0629342;residental;0.0;0.0
753;17.0574964;51.0575845;residental;0.0;0.0
754;17.0096261;51.0641374;residental;0.0;0.0
755;17.0220575;51.0510361;residental;0.0;0.0
756;17.0875345;51.0534525;residental;0.0;0.0
757;16.9954694;51.0628177;residental;0.0;0.0
758;17.0111752;51.0660222;residental;0.0;0.0
759;17.0382005;51.0678115;residental;0.0;0.0
760;17.0203221;51.0519498;residental;0.0;0.0
761;17.0954225;51.0665721;residental;0.0;0.0
762;17.0269685;51.05869;residental;0.0;0.0
763;17.0070165;51.062872;residental;0.0;0.0
764;17.0082922;51.0667648;residental;0.0;0.0
765;17.0369287;51.0617347;residental;0.0;0.0
766;17.033874;51.0679305;residental;0.0;0.0
767;17.031593;51.063422;residental;0.0;0.0
768;17.0321215;51.0581445;residental;0.0;0.0
769;17.0824153;51.0667342;residental;0.0;0.0
770;17.0070451;51.0671476;residental;0.0;0.0
771;17.0325265;51.066881;residental;0.0;0.0
772;17.0066116;51.0693208;residental;0.0;0.0
773;17.0254937;51.0466148;residental;0.0;0.0
774;17.0239075;51.055634;residental;0.0;0.0
775;17.0822917;51.0669977;residental;0.0;0.0
776;17.0222355;51.0529018;residental;0.0;0.0
777;17.0881909;51.0550135;residental;0.0;0.0
778;17.015125;51.0697848;residental;0.0;0.0
779;17.0299715;51.051502;residental;0.0;0.0
780;17.021724;51.0487067;residental;0.0;0.0
781;16.9749992;51.0675812;residental;0.0;0.0
782;16.9782935;51.0655445;residental;0.0;0.0
783;17.0856723;51.0541384;residental;0.0;0.0
784;16.976487;51.0605619;residental;0.0;0.0
785;17.0406723;51.0614627;residental;0.0;0.0
786;16.9868879;51.0569773;residental;0.0;0.0
787;17.0387297;51.0677593;residental;0.0;0.0
788;17.0115087;51.0677411;residental;0.0;0.0
789;17.0364412;51.0646737;residental;0.0;0.0
790;17.0305355;51.0644065;residental;0.0;0.0
791;16.9989474;51.0680433;residental;0.0;0.0
792;17.022519;51.058636;residental;0.0;0.0
793;17.0282605;51.060177;residental;0.0;0.0
794;17.0405759;51.0614866;residental;0.0;0.0
795;17.012352;51.050624;residental;0.0;0.0
796;17.005331;51.0689057;residental;0.0;0.0
797;17.0569565;51.0587605;residental;0.0;0.0
798;17.0306385;51.066824;residental;0.0;0.0
799;17.088698;51.047285;residental;0.0;0.0
800;17.0273905;51.0528623;residental;0.0;0.0
801;17.0590731;51.0484575;residental;0.0;0.0
802;17.0801545;51.069387;residental;0.0;0.0
803;17.0080218;51.0606976;residental;0.0;0.0
804;17.0352897;51.0640977;residental;0.0;0.0
805;17.032458;51.0680635;residental;0.0;0.0
806;17.033147;51.0583555;residental;0.0;0.0
807;17.060576;51.0503765;residental;0.0;0.0
808;17.0527271;51.0467039;residental;0.0;0.0
809;17.0149675;51.0693287;residental;0.0;0.0
810;17.0166533;51.0603207;residental;0.0;0.0
811;17.0355421;51.0640713;residental;0.0;0.0
812;17.029998;51.066238;residental;0.0;0.0
813;17.0308215;51.054974;residental;0.0;0.0
814;17.041039;51.0613439;residental;0.0;0.0
815;17.0576755;51.058108;residental;0.0;0.0
816;17.0113833;51.0578577;residental;0.0;0.0
817;17.076512;51.064003;residental;0.0;0.0
818;17.0486645;51.070025;residental;0.0;0.0
819;17.063873;51.0622365;residental;0.0;0.0
820;17.056812;51.0606095;residental;0.0;0.0
821;17.03793;51.06786;residental;0.0;0.0
822;17.0291005;51.0635495;residental;0.0;0.0
823;17.028543;51.0607425;residental;0.0;0.0
824;17.020256;51.0488898;residental;0.0;0.0
825;17.0409125;51.06807;residental;0.0;0.0
826;17.0379643;51.0627971;residental;0.0;0.0
827;17.005583;51.0671174;residental;0.0;0.0
828;16.990673;51.0633651;residental;0.0;0.0
829;17.0410989;51.0620516;residental;0.0;0.0
830;17.0129918;51.0570834;residental;0.0;0.0
831;17.0227025;51.0590415;residental;0.0;0.0
832;17.03213;51.058324;residental;0.0;0.0
833;17.0254108;51.0633561;residental;0.0;0.0
834;17.0553436;51.049409;residental;0.0;0.0
835;17.0516146;51.0478736;residental;0.0;0.0
836;17.0128344;51.0677704;residental;0.0;0.0
837;16.9925994;51.0656842;residental;0.0;0.0
838;17.064453;51.064271;residental;0.0;0.0
839;17.018426;51.059141;residental;0.0;0.0
840;17.031893;51.0650045;residental;0.0;0.0
841;17.042017;51.0625383;residental;0.0;0.0
842;17.0263303;51.0460123;residental;0.0;0.0
843;17.0222639;51.0501067;residental;0.0;0.0
844;16.9754285;51.0675641;residental;0.0;0.0
845;17.048996;51.070049;residental;0.0;0.0
846;17.0360184;51.0651923;residental;0.0;0.0
847;17.0301765;51.0527465;residental;0.0;0.0
848;16.9915166;51.0647625;residental;0.0;0.0
849;17.030272;51.05244;residental;0.0;0.0
850;17.0294655;51.0619095;residental;0.0;0.0
851;17.028668;51.058627;residental;0.0;0.0
852;17.0335465;51.0667775;residental;0.0;0.0
853;16.9981344;51.0646484;residental;0.0;0.0
854;17.062343;51.0620595;residental;0.0;0.0
855;17.021846;51.0503285;residental;0.0;0.0
856;17.036608;51.0690525;residental;0.0;0.0
857;16.9949108;51.0662684;residental;0.0;0.0
858;17.0329575;51.05946;residental;0.0;0.0
859;17.0244426;51.0456573;residental;0.0;0.0
860;17.0176587;51.0649706;residental;0.0;0.0
861;17.0769095;51.0633695;residental;0.0;0.0
862;17.0354834;51.0611884;residental;0.0;0.0
863;17.0308985;51.050722;residental;0.0;0.0
864;17.0320535;51.0585305;residental;0.0;0.0
865;17.0574585;51.0592175;residental;0.0;0.0
866;17.0405941;51.0623004;residental;0.0;0.0
867;17.029908;51.05131;residental;0.0;0.0
868;17.0820537;51.0518628;residental;0.0;0.0
869;17.055673;51.0471084;residental;0.0;0.0
870;17.0891865;51.0559285;residental;0.0;0.0
871;17.029152;51.0565465;residental;0.0;0.0
872;16.9791893;51.0619691;residental;0.0;0.0
873;17.0331256;51.0579609;residental;0.0;0.0
874;17.076899;51.0615576;residental;0.0;0.0
875;16.9989815;51.0683916;residental;0.0;0.0
876;17.0317345;51.0630615;residental;0.0;0.0
877;17.03906;51.0587733;residental;0.0;0.0
878;17.0395075;51.0679555;residental;0.0;0.0
879;17.034684;51.0699245;residental;0.0;0.0
880;17.020192;51.0539035;residental;0.0;0.0
881;17.0329707;51.0623415;residental;0.0;0.0
882;17.02527;51.0459058;residental;0.0;0.0
883;17.0219267;51.0490743;residental;0.0;0.0
884;17.0293025;51.0523085;residental;0.0;0.0
885;17.0868804;51.0578502;residental;0.0;0.0
886;17.0281281;51.0515828;residental;0.0;0.0
887;17.023558;51.057553;residental;0.0;0.0
888;17.019582;51.065244;residental;0.0;0.0
889;17.0210785;51.0508725;residental;0.0;0.0
890;17.0068416;51.0604943;residental;0.0;0.0
891;17.021066;51.0579305;residental;0.0;0.0
892;16.9841277;51.0621876;residental;0.0;0.0
893;17.0250663;51.0471832;residental;0.0;0.0
894;17.0378535;51.063259;residental;0.0;0.0
895;17.0653325;51.0637885;residental;0.0;0.0
896;17.043148;51.069703;residental;0.0;0.0
897;17.0205144;51.0488564;residental;0.0;0.0
898;17.0927321;51.049615;residental;0.0;0.0
899;17.0264805;51.0522535;residental;0.0;0.0
900;17.0251302;51.0552208;residental;0.0;0.0
901;17.0393712;51.0634583;residental;0.0;0.0
902;17.0744115;51.06275;residental;0.0;0.0
903;17.0412867;51.0622707;residental;0.0;0.0
904;17.0238905;51.055572;residental;0.0;0.0
905;17.0823706;51.0668668;residental;0.0;0.0
906;17.0773385;51.0687645;residental;0.0;0.0
907;17.064456;51.063368;residental;0.0;0.0
908;17.0077919;51.0601836;residental;0.0;0.0
909;17.07756;51.06785;residental;0.0;0.0
910;17.0649521;51.0510861;residental;0.0;0.0
911;17.034174;51.0583675;residental;0.0;0.0
912;17.0575012;51.0575303;residental;0.0;0.0
913;17.020442;51.0541435;residental;0.0;0.0
914;17.032976;51.0583545;residental;0.0;0.0
915;17.0100736;51.0691992;residental;0.0;0.0
916;17.0305685;51.0666675;residental;0.0;0.0
917;17.0269095;51.0523435;residental;0.0;0.0
918;17.0034644;51.0607729;residental;0.0;0.0
919;16.9966471;51.0647213;residental;0.0;0.0
920;17.0339175;51.0583665;residental;0.0;0.0
921;17.0332325;51.058356;residental;0.0;0.0
922;17.0371605;51.067672;residental;0.0;0.0
923;17.0229125;51.058299;residental;0.0;0.0
924;17.0354572;51.0640801;residental;0.0;0.0
925;16.9928742;51.06366;residental;0.0;0.0
926;17.0399422;51.0678228;residental;0.0;0.0
927;17.02844;51.0622685;residental;0.0;0.0
928;17.018668;51.04907;residental;0.0;0.0
929;17.029157;51.055875;residental;0.0;0.0
930;17.0919945;51.049794;residental;0.0;0.0
931;17.0257421;51.0554206;residental;0.0;0.0
932;17.0338281;51.0640522;residental;0.0;0.0
933;17.0282245;51.0600955;residental;0.0;0.0
934;16.9910829;51.0650712;residental;0.0;0.0
935;17.0766605;51.0622845;residental;0.0;0.0
936;17.0067041;51.0698017;residental;0.0;0.0
937;17.0252094;51.0471654;residental;0.0;0.0
938;16.9921085;51.0619043;residental;0.0;0.0
939;17.064858;51.0506276;residental;0.0;0.0
940;17.0197565;51.060703;residental;0.0;0.0
941;17.0359697;51.0610501;residental;0.0;0.0
942;16.9988053;51.0598174;residental;0.0;0.0
943;16.9754864;51.0677908;residental;0.0;0.0
944;17.029489;51.0636895;residental;0.0;0.0
945;17.0342852;51.06512;residental;0.0;0.0
946;16.9988218;51.068144;residental;0.0;0.0
947;17.0084687;51.0670025;residental;0.0;0.0
948;17.0181493;51.0493971;residental;0.0;0.0
949;17.0202625;51.049503;residental;0.0;0.0
950;17.0151817;51.0555039;residental;0.0;0.0
951;16.9959644;51.0628725;residental;0.0;0.0
952;17.0125823;51.0571555;residental;0.0;0.0
953;17.0887125;51.047423;residental;0.0;0.0
954;17.0197425;51.049602;residental;0.0;0.0
955;17.0340885;51.058367;residental;0.0;0.0
956;17.0299765;51.0516075;residental;0.0;0.0
957;17.0585665;51.059155;residental;0.0;0.0
958;16.9915757;51.0647055;residental;0.0;0.0
959;17.0051223;51.0678697;residental;0.0;0.0
960;16.9918689;51.06165;residental;0.0;0.0
961;17.0306895;51.067625;residental;0.0;0.0
962;16.9970609;51.0642075;residental;0.0;0.0
963;17.014863;51.069894;residental;0.0;0.0
964;17.0303015;51.065402;residental;0.0;0.0
965;17.0356205;51.062411;residental;0.0;0.0
966;17.0778532;51.0636661;residental;0.0;0.0
967;17.0575236;51.0573626;residental;0.0;0.0
968;17.0927925;51.0506345;residental;0.0;0.0
969;17.033318;51.058356;residental;0.0;0.0
970;17.0642875;51.063043;residental;0.0;0.0
971;17.0412498;51.0622204;residental;0.0;0.0
972;17.028642;51.0581325;residental;0.0;0.0
973;16.9991069;51.0689745;residental;0.0;0.0
974;17.0324325;51.0674365;residental;0.0;0.0
975;17.0079153;51.0663102;residental;0.0;0.0
976;17.0368134;51.0617651;residental;0.0;0.0
977;17.059277;51.05967;residental;0.0;0.0
978;17.0423857;51.0628461;residental;0.0;0.0
979;17.0213321;51.0579189;residental;0.0;0.0
980;16.9913823;51.0673974;residental;0.0;0.0
981;16.9959299;51.0640453;residental;0.0;0.0
982;17.041888;51.069486;residental;0.0;0.0
983;17.0408452;51.0614041;residental;0.0;0.0
984;17.0215301;51.0493423;residental;0.0;0.0
985;17.026037;51.0566375;residental;0.0;0.0
986;17.0600829;51.0624603;residental;0.0;0.0
987;17.034807;51.0675985;residental;0.0;0.0
988;17.0833368;51.061151;residental;0.0;0.0
989;17.0375986;51.0640876;residental;0.0;0.0
990;16.9776274;51.0615561;residental;0.0;0.0
991;17.0216619;51.0533583;residental;0.0;0.0
992;17.029217;51.065176;residental;0.0;0.0
993;17.0604433;51.0523261;residental;0.0;0.0
994;17.0510723;51.0479981;residental;0.0;0.0
995;17.0306266;51.0506771;residental;0.0;0.0
996;17.0317745;51.0661555;residental;0.0;0.0
997;17.0305315;51.066543;residental;0.0;0.0
998;17.0822567;51.0597844;residental;0.0;0.0
999;17.0574898;51.0576389;residental;0.0;0.0
1000;17.0276985;51.0577935;residental;0.0;0.0
1001;16.9969195;51.064724;residental;0.0;0.0
1002;17.0203593;51.0497852;residental;0.0;0.0
1003;17.0178711;51.0548275;residental;0.0;0.0
1004;17.0097625;51.065996;residental;0.0;0.0
1005;17.087663;51.0539565;residental;0.0;0.0
1006;17.0253427;51.0482979;residental;0.0;0.0
1007;16.9766036;51.0607322;residental;0.0;0.0
1008;17.080021;51.069523;residental;0.0;0.0
1009;17.0368606;51.0638622;residental;0.0;0.0
1010;17.0279325;51.058235;residental;0.0;0.0
1011;17.0365948;51.0653822;residental;0.0;0.0
1012;17.021299;51.0578303;residental;0.0;0.0
1013;17.0342715;51.067067;residental;0.0;0.0
1014;17.035616;51.0648689;residental;0.0;0.0
1015;17.0803115;51.064719;residental;0.0;0.0
1016;16.9990011;51.0686263;residental;0.0;0.0
1017;17.058414;51.058412;residental;0.0;0.0
1018;16.9797366;51.0626377;residental;0.0;0.0
1019;17.0055355;51.0688676;residental;0.0;0.0
1020;16.9931312;51.0651248;residental;0.0;0.0
1021;17.0232375;51.0512035;residental;0.0;0.0
1022;16.9825446;51.0616701;residental;0.0;0.0
1023;17.0198047;51.0498285;residental;0.0;0.0
1024;17.0651146;51.0506746;residental;0.0;0.0
1025;17.0306485;51.066877;residental;0.0;0.0
1026;17.0924968;51.0496794;residental;0.0;0.0
1027;17.0378017;51.0624681;residental;0.0;0.0
1028;17.0226911;51.0520224;residental;0.0;0.0
1029;17.0591475;51.058364;residental;0.0;0.0
1030;17.0413789;51.0623049;residental;0.0;0.0
1031;17.08678;51.0517355;residental;0.0;0.0
1032;16.9810132;51.062678;residental;0.0;0.0
1033;17.0405153;51.062905;residental;0.0;0.0
1034;17.0317028;51.050158;residental;0.0;0.0
1035;16.9933712;51.0659852;residental;0.0;0.0
1036;17.0270175;51.0612;residental;0.0;0.0
1037;17.038526;51.0673113;residental;0.0;0.0
1038;17.0953887;51.0663134;residental;0.0;0.0
1039;17.0223645;51.058391;residental;0.0;0.0
1040;17.0362067;51.061927;residental;0.0;0.0
1041;17.0243915;51.0604799;residental;0.0;0.0
1042;17.088391;51.0554065;residental;0.0;0.0
1043;17.030095;51.051884;residental;0.0;0.0
1044;17.0232045;51.051684;residental;0.0;0.0
1045;17.022249;51.048619;residental;0.0;0.0
1046;16.9782539;51.0616348;residental;0.0;0.0
1047;17.032627;51.067061;residental;0.0;0.0
1048;17.0318245;51.0642665;residental;0.0;0.0
1049;17.0066568;51.0629411;residental;0.0;0.0
1050;17.0196195;51.0607295;residental;0.0;0.0
1051;17.034057;51.0674475;residental;0.0;0.0
1052;17.0197803;51.0489524;residental;0.0;0.0
1053;17.0146711;51.0642995;residental;0.0;0.0
1054;17.0581785;51.059181;residental;0.0;0.0
1055;16.9944896;51.0679539;residental;0.0;0.0
1056;17.0220213;51.0533335;residental;0.0;0.0
1057;17.0146481;51.0692042;residental;0.0;0.0
1058;17.0487689;51.0481427;residental;0.0;0.0
1059;16.992814;51.0657075;residental;0.0;0.0
1060;17.03581;51.0573905;residental;0.0;0.0
1061;17.0330615;51.058355;residental;0.0;0.0
1062;17.0842732;51.0624653;residental;0.0;0.0
1063;16.9817257;51.0630477;residental;0.0;0.0
1064;17.0351598;51.0648537;residental;0.0;0.0
1065;17.019038;51.051133;residental;0.0;0.0
1066;17.006289;51.069212;residental;0.0;0.0
1067;17.0522313;51.0477698;residental;0.0;0.0
1068;16.9809879;51.0622189;residental;0.0;0.0
1069;17.018237;51.0511075;residental;0.0;0.0
1070;17.0125811;51.0696086;residental;0.0;0.0
1071;17.0834644;51.0612975;residental;0.0;0.0
1072;17.0597687;51.062454;residental;0.0;0.0
1073;16.9747933;51.0668101;residental;0.0;0.0
1074;17.0290265;51.0511001;residental;0.0;0.0
1075;17.0295175;51.0622945;residental;0.0;0.0
1076;17.0194022;51.0489993;residental;0.0;0.0
1077;17.027853;51.052542;residental;0.0;0.0
1078;17.034003;51.058367;residental;0.0;0.0
1079;17.0590052;51.0524167;residental;0.0;0.0
1080;17.0338215;51.066213;residental;0.0;0.0
1081;17.0227358;51.0592283;residental;0.0;0.0
1082;17.0123951;51.0679093;residental;0.0;0.0
1083;17.0139114;51.068864;residental;0.0;0.0
1084;17.01413;51.068971;residental;0.0;0.0
1085;17.0286435;51.0565325;residental;0.0;0.0
1086;17.02998;51.0620605;residental;0.0;0.0
1087;17.0884639;51.0546044;residental;0.0;0.0
1088;16.9963547;51.0649332;residental;0.0;0.0
1089;17.027596;51.056203;residental;0.0;0.0
1090;17.0199212;51.05017;residental;0.0;0.0
1091;17.0300375;51.0664075;residental;0.0;0.0
1092;17.028567;51.059665;residental;0.0;0.0
1093;17.0340024;51.0651147;residental;0.0;0.0
1094;17.095017;51.0490491;residental;0.0;0.0
1095;17.0135078;51.0700366;residental;0.0;0.0
1096;16.9794177;51.0621847;residental;0.0;0.0
1097;17.0146796;51.0691505;residental;0.0;0.0
1098;17.0852105;51.05231;residental;0.0;0.0
1099;17.028725;51.0641265;residental;0.0;0.0
1100;17.0193675;51.050656;residental;0.0;0.0
1101;17.0332029;51.0621993;residental;0.0;0.0
1102;17.02904;51.0617775;residental;0.0;0.0
1103;17.0072503;51.0670907;residental;0.0;0.0
1104;17.021433;51.049067;residental;0.0;0.0
1105;17.0229141;51.05268;residental;0.0;0.0
1106;17.081293;51.0682219;residental;0.0;0.0
1107;17.0267385;51.053284;residental;0.0;0.0
1108;17.0075217;51.0611727;residental;0.0;0.0
1109;17.021792;51.0517565;residental;0.0;0.0
1110;17.0215855;51.0505295;residental;0.0;0.0
1111;17.0198387;51.049942;residental;0.0;0.0
1112;17.0338315;51.058366;residental;0.0;0.0
1113;17.0851851;51.062073;residental;0.0;0.0
1114;17.0288895;51.064716;residental;0.0;0.0
1115;17.0575168;51.0574194;residental;0.0;0.0
1116;17.030298;51.067723;residental;0.0;0.0
1117;17.0286789;51.0624579;residental;0.0;0.0
1118;17.0122828;51.0699121;residental;0.0;0.0
1119;17.0197596;51.0497294;residental;0.0;0.0
1120;16.9934773;51.0636251;residental;0.0;0.0
1121;17.030162;51.0521575;residental;0.0;0.0
1122;17.034185;51.0667105;residental;0.0;0.0
1123;17.0335;51.058357;residental;0.0;0.0
1124;17.0422627;51.0627437;residental;0.0;0.0
1125;17.030518;51.068253;residental;0.0;0.0
1126;17.057622;51.057922;residental;0.0;0.0
1127;17.0511521;51.0485412;residental;0.0;0.0
1128;17.0120616;51.0555258;residental;0.0;0.0
1129;17.0132549;51.0689301;residental;0.0;0.0
1130;17.0929885;51.0506545;residental;0.0;0.0
1131;17.0290735;51.052193;residental;0.0;0.0
1132;17.0140424;51.0558009;residental;0.0;0.0
1133;17.0391201;51.0589266;residental;0.0;0.0
1134;17.0132092;51.0683101;residental;0.0;0.0
1135;16.9978185;51.0690858;residental;0.0;0.0
1136;17.0389907;51.0586158;residental;0.0;0.0
1137;17.012403;51.0697692;residental;0.0;0.0
1138;17.021485;51.0491995;residental;0.0;0.0
1139;17.006857;51.0694261;residental;0.0;0.0
1140;17.0410055;51.0619429;residental;0.0;0.0
1141;17.0381376;51.0639286;residental;0.0;0.0
1142;17.0099153;51.0689919;residental;0.0;0.0
1143;16.9787009;51.062241;residental;0.0;0.0
1144;17.032647;51.06994;residental;0.0;0.0
1145;17.0214579;51.057902;residental;0.0;0.0
1146;17.0306625;51.06825;residental;0.0;0.0
1147;17.0205715;51.0493228;residental;0.0;0.0
1148;17.0365896;51.0634064;residental;0.0;0.0
1149;17.029242;51.0653455;residental;0.0;0.0
1150;17.0411922;51.0620215;residental;0.0;0.0
1151;17.0560775;51.04831;residental;0.0;0.0
1152;17.02015;51.0489013;residental;0.0;0.0
1153;17.0221256;51.0511786;residental;0.0;0.0
1154;17.0364031;51.0647381;residental;0.0;0.0
1155;17.020491;51.050211;residental;0.0;0.0
1156;17.065147;51.0636125;residental;0.0;0.0
1157;17.0239722;51.0468817;residental;0.0;0.0
1158;17.0244472;51.0460217;residental;0.0;0.0
1159;17.0840983;51.0626348;residental;0.0;0.0
1160;17.080677;51.068852;residental;0.0;0.0
1161;17.0380185;51.0681475;residental;0.0;0.0
1162;17.078879;51.063299;residental;0.0;0.0
1163;17.0146199;51.0700115;residental;0.0;0.0
1164;17.0371165;51.062894;residental;0.0;0.0
1165;17.037031;51.0627295;residental;0.0;0.0
1166;17.0277435;51.054711;residental;0.0;0.0
1167;17.0520697;51.0466545;residental;0.0;0.0
1168;16.9750629;51.0678653;residental;0.0;0.0
1169;16.9930102;51.0657313;residental;0.0;0.0
1170;17.0137509;51.0672496;residental;0.0;0.0
1171;17.036966;51.0686533;residental;0.0;0.0
1172;17.032931;51.0577165;residental;0.0;0.0
1173;17.0355472;51.0652443;residental;0.0;0.0
1174;17.030273;51.065261;residental;0.0;0.0
1175;17.0246208;51.046892;residental;0.0;0.0
1176;16.9816678;51.062375;residental;0.0;0.0
1177;17.0276057;51.0490421;residental;0.0;0.0
1178;17.0369305;51.062501;residental;0.0;0.0
1179;17.039622;51.0629312;residental;0.0;0.0
1180;16.9980882;51.0690825;residental;0.0;0.0
1181;17.0390739;51.0588227;residental;0.0;0.0
1182;17.0885755;51.0568665;residental;0.0;0.0
1183;17.0301065;51.0667665;residental;0.0;0.0
1184;17.0256401;51.0457702;residental;0.0;0.0
1185;17.0292255;51.062219;residental;0.0;0.0
1186;16.9924684;51.065662;residental;0.0;0.0
1187;17.0070453;51.0699389;residental;0.0;0.0
1188;17.0397506;51.0624201;residental;0.0;0.0
1189;17.0257985;51.056804;residental;0.0;0.0
1190;17.0252025;51.0554496;residental;0.0;0.0
1191;17.0395892;51.0620284;residental;0.0;0.0
1192;17.0860113;51.0540184;residental;0.0;0.0
1193;17.0301235;51.0526595;residental;0.0;0.0
1194;17.025634;51.0470514;residental;0.0;0.0
1195;17.058664;51.0573205;residental;0.0;0.0
1196;17.0138784;51.0672298;residental;0.0;0.0
1197;17.0563534;51.0612542;residental;0.0;0.0
1198;17.0152135;51.0555556;residental;0.0;0.0
1199;17.00972;51.065867;residental;0.0;0.0
1200;17.027268;51.0612886;residental;0.0;0.0
1201;17.0203969;51.0499288;residental;0.0;0.0
1202;17.0217131;51.0514283;residental;0.0;0.0
1203;17.0409694;51.0618931;residental;0.0;0.0
1204;17.0355665;51.0574325;residental;0.0;0.0
1205;17.0121859;51.0577441;residental;0.0;0.0
1206;17.0819064;51.060429;residental;0.0;0.0
1207;17.0064314;51.0688502;residental;0.0;0.0
1208;16.9788875;51.0625101;residental;0.0;0.0
1209;17.0346935;51.0667075;residental;0.0;0.0
1210;17.032737;51.050073;residental;0.0;0.0
1211;17.0120569;51.0584556;residental;0.0;0.0
1212;17.0775745;51.0637735;residental;0.0;0.0
1213;17.028263;51.058985;residental;0.0;0.0
1214;17.0220786;51.0513963;residental;0.0;0.0
1215;17.0110269;51.0568728;residental;0.0;0.0
1216;17.040541;51.0681385;residental;0.0;0.0
1217;16.9902569;51.0671705;residental;0.0;0.0
1218;17.0132661;51.0699283;residental;0.0;0.0
1219;17.0295365;51.0613425;residental;0.0;0.0
1220;16.9956264;51.0664006;residental;0.0;0.0
1221;17.086634;51.0527065;residental;0.0;0.0
1222;17.0828827;51.0595228;residental;0.0;0.0
1223;17.028449;51.063845;residental;0.0;0.0
1224;17.0557939;51.0487824;residental;0.0;0.0
1225;17.0595231;51.0525014;residental;0.0;0.0
1226;17.042297;51.0695575;residental;0.0;0.0
1227;16.9770578;51.0617323;residental;0.0;0.0
1228;17.0820324;51.0605554;residental;0.0;0.0
1229;17.0367029;51.0647101;residental;0.0;0.0
1230;17.0232395;51.0589255;residental;0.0;0.0
1231;17.0603043;51.0520788;residental;0.0;0.0
1232;17.035644;51.057423;residental;0.0;0.0
1233;16.9922369;51.0620396;residental;0.0;0.0
1234;17.030164;51.0510095;residental;0.0;0.0
1235;17.0387785;51.068039;residental;0.0;0.0
1236;17.007588;51.0670431;residental;0.0;0.0
1237;17.057723;51.0587305;residental;0.0;0.0
1238;17.087742;51.054111;residental;0.0;0.0
1239;17.0913327;51.0691944;residental;0.0;0.0
1240;16.9893881;51.0643717;residental;0.0;0.0
1241;17.014017;51.0692375;residental;0.0;0.0
1242;16.9950079;51.063141;residental;0.0;0.0
1243;17.0049507;51.0672841;residental;0.0;0.0
1244;17.0136768;51.0687621;residental;0.0;0.0
1245;16.979314;51.065128;residental;0.0;0.0
1246;17.0209825;51.0506065;residental;0.0;0.0
1247;17.0054616;51.0601109;residental;0.0;0.0
1248;17.0067546;51.060662;residental;0.0;0.0
1249;16.9974576;51.06468;residental;0.0;0.0
1250;17.035578;51.0623345;residental;0.0;0.0
1251;16.9926634;51.0660907;residental;0.0;0.0
1252;17.021011;51.0487871;residental;0.0;0.0
1253;17.0222846;51.0501747;residental;0.0;0.0
1254;17.0814089;51.0681052;residental;0.0;0.0
1255;17.0297185;51.061982;residental;0.0;0.0
1256;17.0413416;51.0621903;residental;0.0;0.0
1257;17.0277685;51.0591265;residental;0.0;0.0
1258;17.0364664;51.0633928;residental;0.0;0.0
1259;17.0201615;51.049208;residental;0.0;0.0
1260;17.0423093;51.0627837;residental;0.0;0.0
1261;17.0199883;51.0520093;residental;0.0;0.0
1262;17.0841015;51.0541295;residental;0.0;0.0
1263;17.085173;51.0521605;residental;0.0;0.0
1264;17.0352015;51.0641066;residental;0.0;0.0
1265;17.0129137;51.067695;residental;0.0;0.0
1266;17.033034;51.066688;residental;0.0;0.0
1267;17.0492099;51.0480182;residental;0.0;0.0
1268;17.033735;51.058365;residental;0.0;0.0
1269;17.0060335;51.0686455;residental;0.0;0.0
1270;16.9873357;51.0574866;residental;0.0;0.0
1271;17.0359025;51.062003;residental;0.0;0.0
1272;17.041098;51.0619126;residental;0.0;0.0
1273;17.0739138;51.0637766;residental;0.0;0.0
1274;17.0302375;51.052941;residental;0.0;0.0
1275;17.0329001;51.0618214;residental;0.0;0.0
1276;17.0130423;51.0684749;residental;0.0;0.0
1277;17.080783;51.0687395;residental;0.0;0.0
1278;16.9981227;51.0694369;residental;0.0;0.0
1279;16.9788135;51.0633627;residental;0.0;0.0
1280;17.0148982;51.0644444;residental;0.0;0.0
1281;17.0127172;51.0678094;residental;0.0;0.0
1282;17.064003;51.06258;residental;0.0;0.0
1283;17.0182595;51.058684;residental;0.0;0.0
1284;17.0515525;51.04755;residental;0.0;0.0
1285;17.029755;51.059179;residental;0.0;0.0
1286;17.0310695;51.0643415;residental;0.0;0.0
1287;16.9889875;51.0653127;residental;0.0;0.0
1288;17.029362;51.062532;residental;0.0;0.0
1289;17.03339;51.058683;residental;0.0;0.0
1290;17.0357139;51.0640534;residental;0.0;0.0
1291;17.0336305;51.067515;residental;0.0;0.0
1292;17.0954051;51.0672117;residental;0.0;0.0
1293;17.021401;51.0504065;residental;0.0;0.0
1294;17.0824808;51.06021;residental;0.0;0.0
1295;16.9956312;51.0665824;residental;0.0;0.0
1296;17.0103604;51.0569725;residental;0.0;0.0
1297;17.0149172;51.0559615;residental;0.0;0.0
1298;17.0357295;51.0574;residental;0.0;0.0
1299;17.02914;51.063722;residental;0.0;0.0
1300;17.0531028;51.0485164;residental;0.0;0.0
1301;17.077332;51.063054;residental;0.0;0.0
1302;17.0355314;51.0648778;residental;0.0;0.0
1303;17.0280735;51.0598545;residental;0.0;0.0
1304;17.021801;51.0501855;residental;0.0;0.0
1305;17.0825029;51.0663277;residental;0.0;0.0
1306;17.0302455;51.065124;residental;0.0;0.0
1307;17.0007218;51.0689497;residental;0.0;0.0
1308;17.0227486;51.052172;residental;0.0;0.0
1309;17.0147888;51.06437;residental;0.0;0.0
1310;16.9964171;51.0619104;residental;0.0;0.0
1311;17.0211399;51.0609057;residental;0.0;0.0
1312;17.0285602;51.0618764;residental;0.0;0.0
1313;17.0840441;51.0617397;residental;0.0;0.0
1314;17.0126184;51.0682637;residental;0.0;0.0
1315;16.9988905;51.0687334;residental;0.0;0.0
1316;17.0623895;51.0592295;residental;0.0;0.0
1317;17.027316;51.052481;residental;0.0;0.0
1318;17.0013355;51.068481;residental;0.0;0.0
1319;17.0032819;51.0603749;residental;0.0;0.0
1320;17.032704;51.069697;residental;0.0;0.0
1321;17.0195875;51.0653899;residental;0.0;0.0
1322;17.021685;51.0578014;residental;0.0;0.0
1323;17.0211271;51.053446;residental;0.0;0.0
1324;17.0303085;51.0514555;residental;0.0;0.0
1325;17.0413784;51.0622409;residental;0.0;0.0
1326;17.0201535;51.049375;residental;0.0;0.0
1327;16.9924825;51.0644273;residental;0.0;0.0
1328;16.9750343;51.0677525;residental;0.0;0.0
1329;16.9817203;51.0619734;residental;0.0;0.0
1330;17.035482;51.057449;residental;0.0;0.0
1331;17.0055392;51.0672008;residental;0.0;0.0
1332;16.9750277;51.0676959;residental;0.0;0.0
1333;17.0045838;51.0697646;residental;0.0;0.0
1334;17.0271765;51.053237;residental;0.0;0.0
1335;17.0545858;51.0479814;residental;0.0;0.0
1336;16.9748927;51.0672263;residental;0.0;0.0
1337;17.0259715;51.05337;residental;0.0;0.0
1338;17.0405755;51.0685445;residental;0.0;0.0
1339;17.082095;51.0670492;residental;0.0;0.0
1340;17.082402;51.060054;residental;0.0;0.0
1341;17.0369275;51.0625835;residental;0.0;0.0
1342;16.9964214;51.065034;residental;0.0;0.0
1343;17.0526924;51.0478322;residental;0.0;0.0
1344;17.0425128;51.0622558;residental;0.0;0.0
1345;17.0349054;51.064822;residental;0.0;0.0
1346;17.0632139;51.0627098;residental;0.0;0.0
1347;17.0214089;51.0578139;residental;0.0;0.0
1348;17.0073469;51.0586943;residental;0.0;0.0
1349;17.0199092;51.0489362;residental;0.0;0.0
1350;17.0846285;51.0544065;residental;0.0;0.0
1351;17.0125106;51.0564691;residental;0.0;0.0
1352;17.0932272;51.0495482;residental;0.0;0.0
1353;17.035488;51.062192;residental;0.0;0.0
1354;17.0407661;51.0614261;residental;0.0;0.0
1355;17.0060172;51.0691069;residental;0.0;0.0
1356;17.029114;51.051862;residental;0.0;0.0
1357;17.0155464;51.0558854;residental;0.0;0.0
1358;17.035681;51.0652264;residental;0.0;0.0
1359;17.0793709;51.0674559;residental;0.0;0.0
1360;17.0018887;51.0674618;residental;0.0;0.0
1361;17.0773695;51.068614;residental;0.0;0.0
1362;17.0210245;51.0491175;residental;0.0;0.0
1363;17.0553066;51.0480989;residental;0.0;0.0
1364;17.0205345;51.0542805;residental;0.0;0.0
1365;17.0411557;51.061973;residental;0.0;0.0
1366;17.028849;51.059016;residental;0.0;0.0
1367;17.0409394;51.0613677;residental;0.0;0.0
1368;17.066231;51.0592925;residental;0.0;0.0
1369;17.0316695;51.0534902;residental;0.0;0.0
1370;17.0860893;51.0541654;residental;0.0;0.0
1371;17.0812151;51.0523025;residental;0.0;0.0
1372;17.0004778;51.0683196;residental;0.0;0.0
1373;17.0578434;51.0486512;residental;0.0;0.0
1374;17.0098035;51.0680595;residental;0.0;0.0
1375;16.9903605;51.0675351;residental;0.0;0.0
1376;16.9754642;51.0677343;residental;0.0;0.0
1377;17.035151;51.0652173;residental;0.0;0.0
1378;16.9994979;51.0688366;residental;0.0;0.0
1379;17.027627;51.060056;residental;0.0;0.0
1380;17.026069;51.0527615;residental;0.0;0.0
1381;17.0076317;51.0696079;residental;0.0;0.0
1382;17.032537;51.0676745;residental;0.0;0.0
1383;17.024131;51.0573735;residental;0.0;0.0
1384;16.9982228;51.0598598;residental;0.0;0.0
1385;17.039543;51.068362;residental;0.0;0.0
1386;17.0133073;51.0688824;residental;0.0;0.0
1387;17.0257786;51.047505;residental;0.0;0.0
1388;17.0143467;51.0560668;residental;0.0;0.0
1389;17.0801095;51.061378;residental;0.0;0.0
1390;17.0286837;51.0655205;residental;0.0;0.0
1391;16.9783565;51.06755;residental;0.0;0.0
1392;16.9951162;51.067774;residental;0.0;0.0
1393;17.079158;51.0692405;residental;0.0;0.0
1394;17.0226665;51.058832;residental;0.0;0.0
1395;17.0643841;51.0506146;residental;0.0;0.0
1396;17.0184767;51.0495633;residental;0.0;0.0
1397;17.0142618;51.0560695;residental;0.0;0.0
1398;17.0401155;51.0683535;residental;0.0;0.0
1399;17.0003574;51.0685904;residental;0.0;0.0
1400;17.0372941;51.0638495;residental;0.0;0.0
1401;17.0983135;51.0679995;residental;0.0;0.0
1402;17.064167;51.0628165;residental;0.0;0.0
1403;17.0800535;51.0620665;residental;0.0;0.0
1404;17.0246135;51.0515565;residental;0.0;0.0
1405;17.0510796;51.0476272;residental;0.0;0.0
1406;17.0243613;51.0457884;residental;0.0;0.0
1407;17.0287385;51.0612115;residental;0.0;0.0
1408;17.0389425;51.068396;residental;0.0;0.0
1409;17.0054253;51.0688863;residental;0.0;0.0
1410;17.0406507;51.0624025;residental;0.0;0.0
1411;17.0588678;51.0529725;residental;0.0;0.0
1412;17.030028;51.064145;residental;0.0;0.0
1413;17.0252109;51.0574151;residental;0.0;0.0
1414;17.0796865;51.069599;residental;0.0;0.0
1415;17.011838;51.0567623;residental;0.0;0.0
1416;17.0224639;51.0528707;residental;0.0;0.0
1417;17.027586;51.057334;residental;0.0;0.0
1418;17.024428;51.0462118;residental;0.0;0.0
1419;16.9932749;51.0644975;residental;0.0;0.0
1420;17.0200695;51.0506065;residental;0.0;0.0
1421;17.029193;51.0640545;residental;0.0;0.0
1422;17.0935614;51.0683047;residental;0.0;0.0
1423;17.018727;51.0507075;residental;0.0;0.0
1424;17.0125103;51.0678716;residental;0.0;0.0
1425;17.0216645;51.0497635;residental;0.0;0.0
1426;17.0305785;51.066724;residental;0.0;0.0
1427;17.02883;51.0645985;residental;0.0;0.0
1428;17.0861358;51.0543057;residental;0.0;0.0
1429;17.0284845;51.059465;residental;0.0;0.0
1430;17.0817367;51.0522512;residental;0.0;0.0
1431;17.059763;51.0594865;residental;0.0;0.0
1432;16.9951766;51.0629108;residental;0.0;0.0
1433;17.028083;51.061511;residental;0.0;0.0
1434;17.0407916;51.0628077;residental;0.0;0.0
1435;17.005003;51.0672081;residental;0.0;0.0
1436;17.0391067;51.0588772;residental;0.0;0.0
1437;17.0313113;51.0547373;residental;0.0;0.0
1438;17.0260421;51.0457497;residental;0.0;0.0
1439;17.0318775;51.064648;residental;0.0;0.0
1440;17.0785032;51.068995;residental;0.0;0.0
1441;17.027777;51.060369;residental;0.0;0.0
1442;17.0189778;51.0545468;residental;0.0;0.0
1443;17.036963;51.0626565;residental;0.0;0.0
1444;17.0299905;51.052059;residental;0.0;0.0
1445;16.9750702;51.0680497;residental;0.0;0.0
1446;17.0396443;51.0620829;residental;0.0;0.0
1447;17.020866;51.0503135;residental;0.0;0.0
1448;17.063088;51.0618005;residental;0.0;0.0
1449;17.0260957;51.0468982;residental;0.0;0.0
1450;17.0421866;51.0626808;residental;0.0;0.0
1451;17.019671;51.0493755;residental;0.0;0.0
1452;17.0135127;51.0686032;residental;0.0;0.0
1453;16.9924874;51.0653952;residental;0.0;0.0
1454;17.0364484;51.0651671;residental;0.0;0.0
1455;17.0216205;51.0496225;residental;0.0;0.0
1456;17.0580625;51.058426;residental;0.0;0.0
1457;16.9960957;51.0644253;residental;0.0;0.0
1458;17.059486;51.0583535;residental;0.0;0.0
1459;17.08378;51.0640655;residental;0.0;0.0
1460;17.0326675;51.0694105;residental;0.0;0.0
1461;17.029699;51.0605535;residental;0.0;0.0
1462;17.0228889;51.0526033;residental;0.0;0.0
1463;17.0221011;51.0529174;residental;0.0;0.0
1464;17.028955;51.061262;residental;0.0;0.0
1465;17.0328795;51.0583535;residental;0.0;0.0
1466;17.0198745;51.0500439;residental;0.0;0.0
1467;17.0641865;51.0616575;residental;0.0;0.0
1468;17.0130517;51.0698194;residental;0.0;0.0
1469;17.0770565;51.0640195;residental;0.0;0.0
1470;16.9958295;51.0647939;residental;0.0;0.0
1471;17.001604;51.0684576;residental;0.0;0.0
1472;17.058183;51.058688;residental;0.0;0.0
1473;17.0276365;51.057647;residental;0.0;0.0
1474;17.026365;51.0630355;residental;0.0;0.0
1475;17.0204788;51.0605163;residental;0.0;0.0
1476;17.0224821;51.0507843;residental;0.0;0.0
1477;16.9962686;51.0664967;residental;0.0;0.0
1478;17.0415055;51.0693195;residental;0.0;0.0
1479;16.9839189;51.0619318;residental;0.0;0.0
1480;16.999905;51.068336;residental;0.0;0.0
1481;17.0317175;51.063252;residental;0.0;0.0
1482;17.0242475;51.0516115;residental;0.0;0.0
1483;17.0004959;51.0684888;residental;0.0;0.0
1484;17.0299915;51.0639575;residental;0.0;0.0
1485;17.0505218;51.0482544;residental;0.0;0.0
1486;16.9754935;51.067848;residental;0.0;0.0
1487;17.0368325;51.0689545;residental;0.0;0.0
1488;17.0421403;51.0626407;residental;0.0;0.0
1489;17.0330855;51.0676155;residental;0.0;0.0
1490;17.0063158;51.0688183;residental;0.0;0.0
1491;17.0360263;51.0619676;residental;0.0;0.0
1492;17.0083216;51.0692753;residental;0.0;0.0
1493;17.0153272;51.0559231;residental;0.0;0.0
1494;17.0934185;51.0682907;residental;0.0;0.0
1495;17.0406864;51.0624428;residental;0.0;0.0
1496;16.9930629;51.0656051;residental;0.0;0.0
1497;17.017739;51.0652089;residental;0.0;0.0
1498;17.0357025;51.0625235;residental;0.0;0.0
1499;17.03472;51.066919;residental;0.0;0.0
1500;16.9889079;51.0647137;residental;0.0;0.0
1501;17.0300955;51.066948;residental;0.0;0.0
1502;17.0573751;51.0487974;residental;0.0;0.0
1503;17.0589795;51.057568;residental;0.0;0.0
1504;17.0218755;51.050469;residental;0.0;0.0
1505;17.0350775;51.0631035;residental;0.0;0.0
1506;17.0407956;51.0617428;residental;0.0;0.0
1507;17.0410637;51.062003;residental;0.0;0.0
1508;17.0201614;51.0511228;residental;0.0;0.0
1509;17.057172;51.059524;residental;0.0;0.0
1510;16.9750561;51.0678089;residental;0.0;0.0
1511;17.0295235;51.0603755;residental;0.0;0.0
1512;17.091345;51.051049;residental;0.0;0.0
1513;16.9942383;51.0651846;residental;0.0;0.0
1514;17.0226257;51.0512285;residental;0.0;0.0
1515;17.0221675;51.058032;residental;0.0;0.0
1516;17.0103031;51.0695181;residental;0.0;0.0
1517;17.0349831;51.0613862;residental;0.0;0.0
1518;16.9958558;51.0626482;residental;0.0;0.0
1519;17.0835865;51.06476;residental;0.0;0.0
1520;17.03481;51.0651792;residental;0.0;0.0
1521;17.0067746;51.060729;residental;0.0;0.0
1522;17.0597592;51.0495117;residental;0.0;0.0
1523;17.036633;51.067708;residental;0.0;0.0
1524;17.0605825;51.0626729;residental;0.0;0.0
1525;17.028977;51.0520365;residental;0.0;0.0
1526;17.0161784;51.0799057;residental;0.0;0.0
1527;17.0612289;51.0795743;residental;0.0;0.0
1528;17.0851349;51.0731974;residental;0.0;0.0
1529;17.0341795;51.075467;residental;0.0;0.0
1530;16.992095;51.0801464;residental;0.0;0.0
1531;17.0339373;51.0768727;residental;0.0;0.0
1532;17.0477604;51.0752861;residental;0.0;0.0
1533;17.0370373;51.0768928;residental;0.0;0.0
1534;17.0599981;51.0781934;residental;0.0;0.0
1535;16.9749901;51.0773048;residental;0.0;0.0
1536;16.971473;51.075241;residental;0.0;0.0
1537;16.9761015;51.0723949;residental;0.0;0.0
1538;17.016114;51.0749575;residental;0.0;0.0
1539;16.9814375;51.0712416;residental;0.0;0.0
1540;17.088216;51.070249;residental;0.0;0.0
1541;17.0623977;51.0795093;residental;0.0;0.0
1542;17.0361895;51.0769501;residental;0.0;0.0
1543;17.057733;51.0791747;residental;0.0;0.0
1544;17.0150471;51.0748927;residental;0.0;0.0
1545;17.0450702;51.0779508;residental;0.0;0.0
1546;17.0041225;51.0705307;residental;0.0;0.0
1547;17.0476778;51.0744911;residental;0.0;0.0
1548;17.04449;51.074798;residental;0.0;0.0
1549;17.0241102;51.079313;residental;0.0;0.0
1550;17.0326845;51.070171;residental;0.0;0.0
1551;17.0413033;51.074506;residental;0.0;0.0
1552;17.0617589;51.0787185;residental;0.0;0.0
1553;16.9913574;51.0716645;residental;0.0;0.0
1554;17.0040133;51.072183;residental;0.0;0.0
1555;16.9624454;51.0768395;residental;0.0;0.0
1556;16.9778015;51.0780094;residental;0.0;0.0
1557;17.0352163;51.0727367;residental;0.0;0.0
1558;16.9693324;51.0738359;residental;0.0;0.0
1559;17.0847869;51.0749283;residental;0.0;0.0
1560;17.0153504;51.0744758;residental;0.0;0.0
1561;17.0329393;51.0736401;residental;0.0;0.0
1562;17.033508;51.07159;residental;0.0;0.0
1563;17.0151458;51.0745431;residental;0.0;0.0
1564;17.0461744;51.0752513;residental;0.0;0.0
1565;17.0360808;51.0769578;residental;0.0;0.0
1566;17.009451;51.0799736;residental;0.0;0.0
1567;17.0860026;51.0754425;residental;0.0;0.0
1568;17.0830091;51.0755503;residental;0.0;0.0
1569;17.0836227;51.07636;residental;0.0;0.0
1570;17.0848608;51.0745524;residental;0.0;0.0
1571;17.0613923;51.0801015;residental;0.0;0.0
1572;17.0846694;51.0755249;residental;0.0;0.0
1573;17.047795;51.0757015;residental;0.0;0.0
1574;17.0339226;51.073712;residental;0.0;0.0
1575;17.0204271;51.079864;residental;0.0;0.0
1576;17.034813;51.0728883;residental;0.0;0.0
1577;16.967463;51.070898;residental;0.0;0.0
1578;17.082;51.0740793;residental;0.0;0.0
1579;17.0079809;51.0710951;residental;0.0;0.0
1580;17.0032226;51.0739454;residental;0.0;0.0
1581;17.0613693;51.0793252;residental;0.0;0.0
1582;17.0618584;51.0786232;residental;0.0;0.0
1583;16.9738932;51.0775194;residental;0.0;0.0
1584;17.0828808;51.0763019;residental;0.0;0.0
1585;17.0359628;51.0765056;residental;0.0;0.0
1586;17.03436;51.0775417;residental;0.0;0.0
1587;17.0390975;51.07049;residental;0.0;0.0
1588;17.045739;51.07331;residental;0.0;0.0
1589;17.0487908;51.0790372;residental;0.0;0.0
1590;17.083338;51.0759442;residental;0.0;0.0
1591;17.085656;51.0756418;residental;0.0;0.0
1592;16.9754977;51.0729121;residental;0.0;0.0
1593;16.9978203;51.0716616;residental;0.0;0.0
1594;17.0424656;51.0729891;residental;0.0;0.0
1595;17.0185776;51.0786121;residental;0.0;0.0
1596;17.0622447;51.0798218;residental;0.0;0.0
1597;17.0177232;51.0788358;residental;0.0;0.0
1598;16.9917709;51.0734803;residental;0.0;0.0
1599;17.0093041;51.0797074;residental;0.0;0.0
1600;17.0815937;51.0754854;residental;0.0;0.0
1601;17.0359893;51.0714983;residental;0.0;0.0
1602;17.0050308;51.0798549;residental;0.0;0.0
1603;17.0174741;51.0784656;residental;0.0;0.0
1604;17.0043768;51.0726643;residental;0.0;0.0
1605;17.0843931;51.0732653;residental;0.0;0.0
1606;17.0165765;51.0743992;residental;0.0;0.0
1607;17.0404836;51.0755633;residental;0.0;0.0
1608;17.0171823;51.0761157;residental;0.0;0.0
1609;16.9642785;51.0786121;residental;0.0;0.0
1610;17.0861028;51.0744081;residental;0.0;0.0
1611;17.0366367;51.0714827;residental;0.0;0.0
1612;16.9629468;51.0781152;residental;0.0;0.0
1613;17.0832059;51.0746063;residental;0.0;0.0
1614;17.0004768;51.0714115;residental;0.0;0.0
1615;16.9736591;51.078076;residental;0.0;0.0
1616;17.0183491;51.0763214;residental;0.0;0.0
1617;17.0339067;51.0732952;residental;0.0;0.0
1618;17.0126722;51.078608;residental;0.0;0.0
1619;17.0477404;51.0750304;residental;0.0;0.0
1620;17.0596388;51.0789274;residental;0.0;0.0
1621;16.9721425;51.079498;residental;0.0;0.0
1622;17.0633391;51.0779677;residental;0.0;0.0
1623;17.0343299;51.0778412;residental;0.0;0.0
1624;17.019014;51.0781083;residental;0.0;0.0
1625;16.9637817;51.079567;residental;0.0;0.0
1626;17.0041414;51.0724137;residental;0.0;0.0
1627;17.0365075;51.0769308;residental;0.0;0.0
1628;17.0850896;51.0734414;residental;0.0;0.0
1629;17.0614803;51.0791631;residental;0.0;0.0
1630;17.0040532;51.0722391;residental;0.0;0.0
1631;17.03884;51.0704705;residental;0.0;0.0
1632;17.0858881;51.0756349;residental;0.0;0.0
1633;16.9742917;51.0772555;residental;0.0;0.0
1634;17.0417015;51.0735;residental;0.0;0.0
1635;17.0371513;51.0768872;residental;0.0;0.0
1636;17.0043278;51.0734537;residental;0.0;0.0
1637;17.0502734;51.0784663;residental;0.0;0.0
1638;17.0079775;51.0707484;residental;0.0;0.0
1639;17.0143832;51.0701143;residental;0.0;0.0
1640;17.0160011;51.0748364;residental;0.0;0.0
1641;17.0364038;51.0764408;residental;0.0;0.0
1642;17.0354369;51.0769891;residental;0.0;0.0
1643;17.0035529;51.0742109;residental;0.0;0.0
1644;17.0357569;51.0769679;residental;0.0;0.0
1645;17.0176784;51.0755865;residental;0.0;0.0
1646;17.0341445;51.0753115;residental;0.0;0.0
1647;16.9764615;51.0724;residental;0.0;0.0
1648;17.0577179;51.0779737;residental;0.0;0.0
1649;17.0844162;51.0731474;residental;0.0;0.0
1650;17.0596702;51.0788777;residental;0.0;0.0
1651;17.0573839;51.0784007;residental;0.0;0.0
1652;17.0090394;51.0717097;residental;0.0;0.0
1653;16.9763228;51.0777389;residental;0.0;0.0
1654;17.0126723;51.0793638;residental;0.0;0.0
1655;17.0579458;51.0776824;residental;0.0;0.0
1656;17.0132532;51.0785174;residental;0.0;0.0
1657;17.041829;51.0731529;residental;0.0;0.0
1658;16.9721015;51.075209;residental;0.0;0.0
1659;17.0082687;51.0708523;residental;0.0;0.0
1660;16.9754542;51.0776708;residental;0.0;0.0
1661;17.0850315;51.0736883;residental;0.0;0.0
1662;17.044473;51.0750925;residental;0.0;0.0
1663;16.9986667;51.0719325;residental;0.0;0.0
1664;17.0847423;51.0751556;residental;0.0;0.0
1665;17.0477097;51.0746467;residental;0.0;0.0
1666;16.9769888;51.0723464;residental;0.0;0.0
1667;17.0022347;51.0772518;residental;0.0;0.0
1668;17.0247383;51.0790833;residental;0.0;0.0
1669;17.0085829;51.0710543;residental;0.0;0.0
1670;17.0814879;51.0790861;residental;0.0;0.0
1671;17.033265;51.0708065;residental;0.0;0.0
1672;17.0578946;51.0777416;residental;0.0;0.0
1673;16.9636054;51.0798191;residental;0.0;0.0
1674;17.044535;51.075261;residental;0.0;0.0
1675;16.9654033;51.0740898;residental;0.0;0.0
1676;17.0173925;51.0752827;residental;0.0;0.0
1677;16.981559;51.0707465;residental;0.0;0.0
1678;17.0593445;51.0793779;residental;0.0;0.0
1679;17.0351212;51.0770261;residental;0.0;0.0
1680;16.971144;51.0781615;residental;0.0;0.0
1681;17.0623174;51.0796678;residental;0.0;0.0
1682;17.0367223;51.0769179;residental;0.0;0.0
1683;17.0815882;51.0753151;residental;0.0;0.0
1684;17.0846311;51.0757843;residental;0.0;0.0
1685;17.0357437;51.0704474;residental;0.0;0.0
1686;17.0157725;51.0745867;residental;0.0;0.0
1687;17.0847137;51.0752994;residental;0.0;0.0
1688;17.0340899;51.0728296;residental;0.0;0.0
1689;17.063155;51.0782866;residental;0.0;0.0
1690;17.044482;51.0742995;residental;0.0;0.0
1691;17.0344167;51.0771246;residental;0.0;0.0
1692;17.0174076;51.0783735;residental;0.0;0.0
1693;17.0862918;51.0742333;residental;0.0;0.0
1694;16.9761749;51.0774392;residental;0.0;0.0
1695;16.9692007;51.073662;residental;0.0;0.0
1696;16.9589908;51.0751368;residental;0.0;0.0
1697;17.0080236;51.0702376;residental;0.0;0.0
1698;17.049809;51.070808;residental;0.0;0.0
1699;17.0055538;51.0797723;residental;0.0;0.0
1700;16.9630796;51.0799925;residental;0.0;0.0
1701;17.0151248;51.0750017;residental;0.0;0.0
1702;17.0382295;51.075633;residental;0.0;0.0
1703;17.0250067;51.0794501;residental;0.0;0.0
1704;17.083903;51.0757413;residental;0.0;0.0
1705;16.965203;51.0776226;residental;0.0;0.0
1706;17.0068105;51.0701899;residental;0.0;0.0
1707;17.0826606;51.074286;residental;0.0;0.0
1708;17.0903312;51.0705464;residental;0.0;0.0
1709;16.9722783;51.0742235;residental;0.0;0.0
1710;17.0846412;51.0756683;residental;0.0;0.0
1711;17.0455398;51.0738961;residental;0.0;0.0
1712;17.0360215;51.0747275;residental;0.0;0.0
1713;17.0168292;51.0758055;residental;0.0;0.0
1714;17.0086061;51.0704058;residental;0.0;0.0
1715;17.0074955;51.0708706;residental;0.0;0.0
1716;16.982269;51.0710955;residental;0.0;0.0
1717;17.0842272;51.0740983;residental;0.0;0.0
1718;17.0461235;51.074298;residental;0.0;0.0
1719;17.017807;51.0778449;residental;0.0;0.0
1720;17.0829374;51.0759027;residental;0.0;0.0
1721;17.0044025;51.0708391;residental;0.0;0.0
1722;17.0587137;51.0783487;residental;0.0;0.0
1723;17.0612489;51.0795314;residental;0.0;0.0
1724;17.0337611;51.0788651;residental;0.0;0.0
1725;16.967516;51.0791279;residental;0.0;0.0
1726;17.0398633;51.0760052;residental;0.0;0.0
1727;17.0146939;51.0787187;residental;0.0;0.0
1728;17.0467505;51.0744615;residental;0.0;0.0
1729;17.0336281;51.0783064;residental;0.0;0.0
1730;17.0845391;51.0764327;residental;0.0;0.0
1731;17.0466173;51.0723502;residental;0.0;0.0
1732;17.0611913;51.0796359;residental;0.0;0.0
1733;16.9950029;51.0727949;residental;0.0;0.0
1734;17.0013723;51.077238;residental;0.0;0.0
1735;17.0078605;51.0719436;residental;0.0;0.0
1736;17.0164652;51.0742778;residental;0.0;0.0
1737;17.0577665;51.0791226;residental;0.0;0.0
1738;17.0571142;51.0747643;residental;0.0;0.0
1739;17.0629559;51.0786016;residental;0.0;0.0
1740;17.0865918;51.074525;residental;0.0;0.0
1741;17.0576707;51.0780327;residental;0.0;0.0
1742;17.0845718;51.0727426;residental;0.0;0.0
1743;17.0627658;51.0789066;residental;0.0;0.0
1744;17.0364001;51.0769552;residental;0.0;0.0
1745;16.9635397;51.0797834;residental;0.0;0.0
1746;17.0399782;51.0746811;residental;0.0;0.0
1747;17.0478093;51.0758946;residental;0.0;0.0
1748;17.0454324;51.076571;residental;0.0;0.0
1749;17.0179487;51.0785641;residental;0.0;0.0
1750;17.01794;51.0758271;residental;0.0;0.0
1751;17.009379;51.0798437;residental;0.0;0.0
1752;17.0832016;51.0741583;residental;0.0;0.0
1753;17.0169443;51.075931;residental;0.0;0.0
1754;17.0839351;51.0726931;residental;0.0;0.0
1755;17.0154041;51.0754326;residental;0.0;0.0
1756;16.9752725;51.0773344;residental;0.0;0.0
1757;17.0036492;51.0717293;residental;0.0;0.0
1758;17.0038939;51.0719869;residental;0.0;0.0
1759;17.0477575;51.0752232;residental;0.0;0.0
1760;17.0338178;51.0765844;residental;0.0;0.0
1761;17.0574595;51.0783043;residental;0.0;0.0
1762;17.0461445;51.075898;residental;0.0;0.0
1763;17.0827868;51.0731865;residental;0.0;0.0
1764;17.0613455;51.0793668;residental;0.0;0.0
1765;17.0842537;51.0739698;residental;0.0;0.0
1766;17.0337357;51.0787257;residental;0.0;0.0
1767;17.044935;51.0742925;residental;0.0;0.0
1768;17.0587569;51.0782973;residental;0.0;0.0
1769;17.0839493;51.0755069;residental;0.0;0.0
1770;17.0185743;51.0765649;residental;0.0;0.0
1771;17.0418928;51.0749051;residental;0.0;0.0
1772;16.9759696;51.0732635;residental;0.0;0.0
1773;17.0848129;51.0747964;residental;0.0;0.0
1774;17.0357628;51.0774451;residental;0.0;0.0
1775;17.0867177;51.0749531;residental;0.0;0.0
1776;17.0127868;51.0785787;residental;0.0;0.0
1777;17.094011;51.075911;residental;0.0;0.0
1778;17.0358693;51.076971;residental;0.0;0.0
1779;17.0337664;51.0763308;residental;0.0;0.0
1780;17.0350099;51.0727594;residental;0.0;0.0
1781;17.0044649;51.072804;residental;0.0;0.0
1782;17.0850545;51.0735693;residental;0.0;0.0
1783;17.084907;51.0743177;residental;0.0;0.0
1784;17.0180505;51.0759491;residental;0.0;0.0
1785;17.0093885;51.0717313;residental;0.0;0.0
1786;17.0045034;51.0706359;residental;0.0;0.0
1787;17.0239953;51.0791988;residental;0.0;0.0
1788;17.0182558;51.0761961;residental;0.0;0.0
1789;17.014345;51.0748136;residental;0.0;0.0
1790;16.9747702;51.0770339;residental;0.0;0.0
1791;17.015006;51.0749679;residental;0.0;0.0
1792;17.0839724;51.075391;residental;0.0;0.0
1793;17.0831005;51.0750851;residental;0.0;0.0
1794;17.0052528;51.0798264;residental;0.0;0.0
1795;17.0184734;51.0784895;residental;0.0;0.0
1796;17.034474;51.0740458;residental;0.0;0.0
1797;17.0352545;51.0774677;residental;0.0;0.0
1798;16.9696923;51.0743784;residental;0.0;0.0
1799;17.04453;51.0754405;residental;0.0;0.0
1800;17.032899;51.0733166;residental;0.0;0.0
1801;17.0866092;51.0739334;residental;0.0;0.0
1802;17.0348201;51.0727699;residental;0.0;0.0
1803;17.0847768;51.075043;residental;0.0;0.0
1804;17.0825544;51.0749019;residental;0.0;0.0
1805;16.9825805;51.070328;residental;0.0;0.0
1806;17.0943095;51.075929;residental;0.0;0.0
1807;17.0581221;51.077448;residental;0.0;0.0
1808;16.974964;51.0780543;residental;0.0;0.0
1809;16.9756031;51.071521;residental;0.0;0.0
1810;17.0832327;51.0744636;residental;0.0;0.0
1811;17.0183604;51.0783444;residental;0.0;0.0
1812;17.0404127;51.0745725;residental;0.0;0.0
1813;17.0191469;51.0764912;residental;0.0;0.0
1814;17.0614365;51.0792247;residental;0.0;0.0
1815;17.0172983;51.076241;residental;0.0;0.0
1816;17.0337794;51.0730453;residental;0.0;0.0
1817;17.0576432;51.0780728;residental;0.0;0.0
1818;17.0094827;51.0703035;residental;0.0;0.0
1819;17.0626764;51.079043;residental;0.0;0.0
1820;17.0339958;51.0770172;residental;0.0;0.0
1821;17.0083517;51.0712554;residental;0.0;0.0
1822;17.0354193;51.073131;residental;0.0;0.0
1823;17.0843643;51.0727264;residental;0.0;0.0
1824;17.0611385;51.079742;residental;0.0;0.0
1825;16.973925;51.0783555;residental;0.0;0.0
1826;17.0424644;51.0732603;residental;0.0;0.0
1827;17.0246262;51.0789277;residental;0.0;0.0
1828;17.0580949;51.0774865;residental;0.0;0.0
1829;17.0834362;51.0763453;residental;0.0;0.0
1830;17.000915;51.0786351;residental;0.0;0.0
1831;17.0824072;51.0756432;residental;0.0;0.0
1832;17.0338777;51.0767296;residental;0.0;0.0
1833;17.0379844;51.0751202;residental;0.0;0.0
1834;17.059848;51.0784314;residental;0.0;0.0
1835;17.0375215;51.075305;residental;0.0;0.0
1836;16.9575045;51.076343;residental;0.0;0.0
1837;17.044535;51.074951;residental;0.0;0.0
1838;17.009451;51.0717926;residental;0.0;0.0
1839;17.0090192;51.0701524;residental;0.0;0.0
1840;17.0817724;51.0745046;residental;0.0;0.0
1841;17.014711;51.0755515;residental;0.0;0.0
1842;17.0595753;51.0790276;residental;0.0;0.0
1843;17.0337818;51.0790059;residental;0.0;0.0
1844;17.0004122;51.0761787;residental;0.0;0.0
1845;17.013767;51.0701454;residental;0.0;0.0
1846;17.0077533;51.0706246;residental;0.0;0.0
1847;17.0368282;51.0769124;residental;0.0;0.0
1848;16.9753949;51.0779486;residental;0.0;0.0
1849;17.0849581;51.074065;residental;0.0;0.0
1850;17.0835435;51.0759599;residental;0.0;0.0
1851;17.0033466;51.0740487;residental;0.0;0.0
1852;16.9998544;51.0757254;residental;0.0;0.0
1853;16.9770131;51.0722689;residental;0.0;0.0
1854;17.0602994;51.0777152;residental;0.0;0.0
1855;17.0387635;51.0759455;residental;0.0;0.0
1856;16.9721157;51.0730633;residental;0.0;0.0
1857;17.0827192;51.0741466;residental;0.0;0.0
1858;17.0006328;51.0785843;residental;0.0;0.0
1859;17.0150669;51.0760506;residental;0.0;0.0
1860;17.0491023;51.0784721;residental;0.0;0.0
1861;17.0598424;51.0792233;residental;0.0;0.0
1862;16.9695175;51.078997;residental;0.0;0.0
1863;16.9778335;51.0778345;residental;0.0;0.0
1864;16.97598;51.0723938;residental;0.0;0.0
1865;17.0826549;51.076157;residental;0.0;0.0
1866;16.9754942;51.0729924;residental;0.0;0.0
1867;17.0342747;51.0776922;residental;0.0;0.0
1868;17.058021;51.077584;residental;0.0;0.0
1869;17.0092987;51.0708431;residental;0.0;0.0
1870;17.0072415;51.070735;residental;0.0;0.0
1871;17.0395322;51.0727402;residental;0.0;0.0
1872;17.0619704;51.0784601;residental;0.0;0.0
1873;17.0621196;51.0782069;residental;0.0;0.0
1874;16.9803035;51.0708495;residental;0.0;0.0
1875;17.0624798;51.0793604;residental;0.0;0.0
1876;17.0581972;51.0773506;residental;0.0;0.0
1877;17.0015851;51.0780859;residental;0.0;0.0
1878;17.0355482;51.076983;residental;0.0;0.0
1879;17.0577454;51.0779359;residental;0.0;0.0
1880;17.0608143;51.0793392;residental;0.0;0.0
1881;17.0826562;51.0744137;residental;0.0;0.0
1882;17.083055;51.0753196;residental;0.0;0.0
1883;16.9737537;51.0782032;residental;0.0;0.0
1884;16.9751117;51.0782277;residental;0.0;0.0
1885;17.0403676;51.0726296;residental;0.0;0.0
1886;17.0336055;51.0708045;residental;0.0;0.0
1887;17.0845963;51.075895;residental;0.0;0.0
1888;17.0838082;51.0763746;residental;0.0;0.0
1889;17.0159341;51.0794516;residental;0.0;0.0
1890;17.0461855;51.0746815;residental;0.0;0.0
1891;17.0354386;51.0728446;residental;0.0;0.0
1892;17.0849821;51.0739442;residental;0.0;0.0
1893;17.0339905;51.0708405;residental;0.0;0.0
1894;17.0163685;51.0753055;residental;0.0;0.0
1895;17.0477767;51.0755078;residental;0.0;0.0
1896;17.002314;51.0710452;residental;0.0;0.0
1897;17.0646481;51.0781122;residental;0.0;0.0
1898;17.084066;51.0749199;residental;0.0;0.0
1899;16.9753429;51.0783754;residental;0.0;0.0
1900;17.0619628;51.0785846;residental;0.0;0.0
1901;17.0347086;51.0740258;residental;0.0;0.0
1902;17.0619305;51.0785274;residental;0.0;0.0
1903;17.0145091;51.0750374;residental;0.0;0.0
1904;17.0001475;51.0704738;residental;0.0;0.0
1905;17.046201;51.0750505;residental;0.0;0.0
1906;17.0812468;51.0792501;residental;0.0;0.0
1907;16.9999414;51.0710234;residental;0.0;0.0
1908;17.0467665;51.074654;residental;0.0;0.0
1909;17.0575523;51.0782077;residental;0.0;0.0
1910;17.09024;51.0707105;residental;0.0;0.0
1911;16.9632852;51.0798231;residental;0.0;0.0
1912;17.0341059;51.0729653;residental;0.0;0.0
1913;17.0840187;51.0751578;residental;0.0;0.0
1914;17.0839428;51.075991;residental;0.0;0.0
1915;16.9674335;51.0762495;residental;0.0;0.0
1916;16.9712497;51.0736167;residental;0.0;0.0
1917;17.0823627;51.075899;residental;0.0;0.0
1918;17.0574323;51.0783423;residental;0.0;0.0
1919;17.0618325;51.0786668;residental;0.0;0.0
1920;17.0142057;51.0702151;residental;0.0;0.0
1921;17.036231;51.0702005;residental;0.0;0.0
1922;17.0164836;51.0754314;residental;0.0;0.0
1923;17.0044679;51.0705725;residental;0.0;0.0
1924;17.0621799;51.0781003;residental;0.0;0.0
1925;17.0035497;51.0715559;residental;0.0;0.0
1926;17.0466206;51.0800122;residental;0.0;0.0
1927;16.964464;51.077669;residental;0.0;0.0
1928;16.9964551;51.0725287;residental;0.0;0.0
1929;16.9761988;51.0728371;residental;0.0;0.0
1930;17.0162262;51.0750806;residental;0.0;0.0
1931;17.0826749;51.0762747;residental;0.0;0.0
1932;17.0615032;51.0791207;residental;0.0;0.0
1933;17.0476447;51.0738455;residental;0.0;0.0
1934;16.969457;51.0740014;residental;0.0;0.0
1935;17.0476581;51.0740406;residental;0.0;0.0
1936;17.0891315;51.0722262;residental;0.0;0.0
1937;17.0050561;51.0708741;residental;0.0;0.0
1938;17.0840425;51.0750386;residental;0.0;0.0
1939;17.03434;51.070807;residental;0.0;0.0
1940;17.044945;51.0752755;residental;0.0;0.0
1941;17.0168142;51.0746341;residental;0.0;0.0
1942;17.0593006;51.0794201;residental;0.0;0.0
1943;17.0824406;51.0753991;residental;0.0;0.0
1944;16.9751638;51.0782735;residental;0.0;0.0
1945;17.0848838;51.0744363;residental;0.0;0.0
1946;17.0848624;51.076321;residental;0.0;0.0
1947;17.0831233;51.0749677;residental;0.0;0.0
1948;17.024792;51.0791567;residental;0.0;0.0
1949;17.0090802;51.0705929;residental;0.0;0.0
1950;17.04009;51.0736161;residental;0.0;0.0
1951;17.0334436;51.0730824;residental;0.0;0.0
1952;16.9749339;51.0778548;residental;0.0;0.0
1953;16.9760417;51.0776977;residental;0.0;0.0
1954;16.9638485;51.0796122;residental;0.0;0.0
1955;16.9947207;51.0724403;residental;0.0;0.0
1956;17.0844541;51.0730131;residental;0.0;0.0
1957;17.026729;51.072908;residental;0.0;0.0
1958;17.045531;51.0759025;residental;0.0;0.0
1959;17.0476783;51.0743009;residental;0.0;0.0
1960;17.0076853;51.0716284;residental;0.0;0.0
1961;17.0615476;51.0790596;residental;0.0;0.0
1962;17.0840467;51.0763922;residental;0.0;0.0
1963;17.0600745;51.0780721;residental;0.0;0.0
1964;16.972423;51.0732823;residental;0.0;0.0
1965;17.0575073;51.0782459;residental;0.0;0.0
1966;17.0839955;51.0752753;residental;0.0;0.0
1967;17.0350312;51.0774831;residental;0.0;0.0
1968;17.0176425;51.076615;residental;0.0;0.0
1969;17.046414;51.0758915;residental;0.0;0.0
1970;17.0816507;51.0748162;residental;0.0;0.0
1971;17.0615713;51.0790194;residental;0.0;0.0
1972;17.0034613;51.0741472;residental;0.0;0.0
1973;17.0614114;51.0792651;residental;0.0;0.0
1974;17.0830662;51.0763161;residental;0.0;0.0
1975;17.0145011;51.0783646;residental;0.0;0.0
1976;17.0086098;51.0714964;residental;0.0;0.0
1977;16.9747255;51.0721532;residental;0.0;0.0
1978;16.9963706;51.0723969;residental;0.0;0.0
1979;17.0070566;51.0703232;residental;0.0;0.0
1980;17.0004152;51.0704383;residental;0.0;0.0
1981;17.0476746;51.0744294;residental;0.0;0.0
1982;17.0579735;51.0776423;residental;0.0;0.0
1983;17.0596071;51.0789776;residental;0.0;0.0
1984;17.083251;51.0763308;residental;0.0;0.0
1985;17.0171474;51.0749948;residental;0.0;0.0
1986;17.0013894;51.078237;residental;0.0;0.0
1987;16.9744217;51.0778728;residental;0.0;0.0
1988;16.9756762;51.0709283;residental;0.0;0.0
1989;16.9964272;51.0724857;residental;0.0;0.0
1990;17.0083369;51.0703139;residental;0.0;0.0
1991;17.027031;51.0735565;residental;0.0;0.0
1992;17.0181649;51.0773839;residental;0.0;0.0
1993;17.0825867;51.074657;residental;0.0;0.0
1994;16.9756947;51.0707427;residental;0.0;0.0
1995;16.9755074;51.0727612;residental;0.0;0.0
1996;17.090677;51.0720345;residental;0.0;0.0
1997;17.0349005;51.070793;residental;0.0;0.0
1998;17.0338211;51.079286;residental;0.0;0.0
1999;17.0184588;51.0764435;residental;0.0;0.0
2000;17.017758;51.0767397;residental;0.0;0.0
2001;17.0083851;51.0716452;residental;0.0;0.0
2002;17.0003933;51.0707656;residental;0.0;0.0
2003;17.0175285;51.0764899;residental;0.0;0.0
2004;17.0058485;51.0796839;residental;0.0;0.0
2005;17.0829445;51.0741377;residental;0.0;0.0
2006;17.0147841;51.0746639;residental;0.0;0.0
2007;17.0072986;51.0704159;residental;0.0;0.0
2008;17.0915474;51.0700909;residental;0.0;0.0
2009;16.9758768;51.0773809;residental;0.0;0.0
2010;17.084089;51.0748026;residental;0.0;0.0
2011;17.0252963;51.0748394;residental;0.0;0.0
2012;17.0082136;51.0708947;residental;0.0;0.0
2013;17.0440188;51.076088;residental;0.0;0.0
2014;17.0038938;51.0706451;residental;0.0;0.0
2015;17.0913578;51.078424;residental;0.0;0.0
2016;17.0019847;51.0776976;residental;0.0;0.0
2017;17.0825764;51.0733823;residental;0.0;0.0
2018;17.0621719;51.0799897;residental;0.0;0.0
2019;17.0380666;51.0736008;residental;0.0;0.0
2020;17.0382265;51.07557;residental;0.0;0.0
2021;16.9963985;51.0724412;residental;0.0;0.0
2022;17.058048;51.0775457;residental;0.0;0.0
2023;17.0144332;51.0748117;residental;0.0;0.0
2024;17.0341786;51.077134;residental;0.0;0.0
2025;17.0904212;51.0711161;residental;0.0;0.0
2026;16.9770127;51.0774986;residental;0.0;0.0
2027;17.0842759;51.073852;residental;0.0;0.0
2028;17.0611185;51.0797859;residental;0.0;0.0
2029;17.0012386;51.0759903;residental;0.0;0.0
2030;17.0171306;51.0789662;residental;0.0;0.0
2031;16.9768852;51.0777598;residental;0.0;0.0
2032;17.0477244;51.0748385;residental;0.0;0.0
2033;17.04679;51.074872;residental;0.0;0.0
2034;17.0625573;51.0778633;residental;0.0;0.0
2035;17.0592798;51.0776417;residental;0.0;0.0
2036;17.0423557;51.0734999;residental;0.0;0.0
2037;17.0601507;51.0779512;residental;0.0;0.0
2038;17.0456921;51.0738929;residental;0.0;0.0
2039;17.0862472;51.0753714;residental;0.0;0.0
2040;16.9762203;51.07717;residental;0.0;0.0
2041;17.0178931;51.0784911;residental;0.0;0.0
2042;16.9762216;51.0723971;residental;0.0;0.0
2043;17.0424649;51.0731244;residental;0.0;0.0
2044;17.03704;51.0793643;residental;0.0;0.0
2045;17.0042867;51.0704602;residental;0.0;0.0
2046;17.0042946;51.0725518;residental;0.0;0.0
2047;16.9665415;51.072834;residental;0.0;0.0
2048;17.062035;51.0783552;residental;0.0;0.0
2049;17.0602267;51.0778306;residental;0.0;0.0
2050;17.0181603;51.07607;residental;0.0;0.0
2051;17.0823403;51.0760173;residental;0.0;0.0
2052;17.0049268;51.0705363;residental;0.0;0.0
2053;17.088653;51.070417;residental;0.0;0.0
2054;17.0166855;51.0745193;residental;0.0;0.0
2055;17.0839263;51.0756236;residental;0.0;0.0
2056;17.0172546;51.0751356;residental;0.0;0.0
2057;17.0180311;51.0788108;residental;0.0;0.0
2058;16.9719485;51.0788593;residental;0.0;0.0
2059;17.0090868;51.0710986;residental;0.0;0.0
2060;17.0418926;51.0745059;residental;0.0;0.0
2061;17.0616763;51.0788512;residental;0.0;0.0
2062;16.9755032;51.0728374;residental;0.0;0.0
2063;17.0477748;51.0754406;residental;0.0;0.0
2064;17.0594968;51.0791531;residental;0.0;0.0
2065;17.0352329;51.0770147;residental;0.0;0.0
2066;17.0577005;51.0792276;residental;0.0;0.0
2067;17.0852242;51.0760487;residental;0.0;0.0
2068;17.0178395;51.0784175;residental;0.0;0.0
2069;17.026919;51.0733555;residental;0.0;0.0
2070;17.035173;51.0732116;residental;0.0;0.0
2071;16.9773019;51.0775333;residental;0.0;0.0
2072;17.0241487;51.0796921;residental;0.0;0.0
2073;17.034653;51.0771095;residental;0.0;0.0
2074;17.0847804;51.0727588;residental;0.0;0.0
2075;17.0919899;51.0765636;residental;0.0;0.0
2076;17.0841029;51.074675;residental;0.0;0.0
2077;17.0851983;51.0728192;residental;0.0;0.0
2078;17.0329179;51.0734745;residental;0.0;0.0
2079;17.0864928;51.0740537;residental;0.0;0.0
2080;17.0034372;51.0713779;residental;0.0;0.0
2081;17.0155385;51.0756211;residental;0.0;0.0
2082;17.0477268;51.0749056;residental;0.0;0.0
2083;17.0842998;51.0737355;residental;0.0;0.0
2084;16.9924847;51.0711821;residental;0.0;0.0
2085;17.062157;51.0781446;residental;0.0;0.0
2086;17.0847962;51.0764459;residental;0.0;0.0
2087;17.0150432;51.0758843;residental;0.0;0.0
2088;17.0843468;51.0734974;residental;0.0;0.0
2089;17.0860698;51.0738894;residental;0.0;0.0
2090;17.014728;51.0785336;residental;0.0;0.0
2091;17.0849961;51.0727679;residental;0.0;0.0
2092;17.0476479;51.0739058;residental;0.0;0.0
2093;17.0338411;51.0794269;residental;0.0;0.0
2094;17.0165993;51.0755563;residental;0.0;0.0
2095;17.014399;51.0782008;residental;0.0;0.0
2096;17.0088545;51.0704872;residental;0.0;0.0
2097;17.0398437;51.0756753;residental;0.0;0.0
2098;17.0477124;51.0747142;residental;0.0;0.0
2099;16.9659328;51.0777182;residental;0.0;0.0
2100;17.0005793;51.0761656;residental;0.0;0.0
2101;16.9765836;51.0724013;residental;0.0;0.0
2102;17.0176781;51.0782618;residental;0.0;0.0
2103;17.0386581;51.0733927;residental;0.0;0.0
2104;17.0086557;51.0704464;residental;0.0;0.0
2105;17.0829851;51.0756664;residental;0.0;0.0
2106;17.0018912;51.0766699;residental;0.0;0.0
2107;16.9774877;51.0778114;residental;0.0;0.0
2108;17.0170525;51.0748692;residental;0.0;0.0
2109;17.0337068;51.0785873;residental;0.0;0.0
2110;17.0151241;51.0759967;residental;0.0;0.0
2111;16.9998957;51.0705505;residental;0.0;0.0
2112;17.0620955;51.0782523;residental;0.0;0.0
2113;17.0616438;51.078921;residental;0.0;0.0
2114;17.06257;51.0791993;residental;0.0;0.0
2115;17.0338014;51.0791461;residental;0.0;0.0
2116;17.0847042;51.0754147;residental;0.0;0.0
2117;16.9756877;51.070835;residental;0.0;0.0
2118;17.0052078;51.0798552;residental;0.0;0.0
2119;17.0012204;51.078352;residental;0.0;0.0
2120;17.035735;51.070807;residental;0.0;0.0
2121;16.9964828;51.0725727;residental;0.0;0.0
2122;16.9625076;51.0797358;residental;0.0;0.0
2123;17.0811367;51.0793237;residental;0.0;0.0
2124;17.0597012;51.0788274;residental;0.0;0.0
2125;17.0363825;51.0774013;residental;0.0;0.0
2126;17.0248269;51.0792359;residental;0.0;0.0
2127;17.0366466;51.0764319;residental;0.0;0.0
2128;17.0336709;51.0784462;residental;0.0;0.0
2129;17.04448;51.0744715;residental;0.0;0.0
2130;17.0249547;51.0793783;residental;0.0;0.0
2131;17.0849347;51.0761835;residental;0.0;0.0
2132;17.0174131;51.0763652;residental;0.0;0.0
2133;17.0632528;51.078128;residental;0.0;0.0
2134;17.0823764;51.0736125;residental;0.0;0.0
2135;17.0167141;51.0756808;residental;0.0;0.0
2136;16.9638535;51.0782187;residental;0.0;0.0
2137;17.0242697;51.0794785;residental;0.0;0.0
2138;17.0077145;51.0701475;residental;0.0;0.0
2139;17.035716;51.0705865;residental;0.0;0.0
2140;17.0337092;51.0761921;residental;0.0;0.0
2141;17.057867;51.0777803;residental;0.0;0.0
2142;17.0175428;51.0754384;residental;0.0;0.0
2143;17.0035859;51.0742668;residental;0.0;0.0
2144;17.0005738;51.0759277;residental;0.0;0.0
2145;17.0042609;51.0725052;residental;0.0;0.0
2146;17.0127518;51.0789157;residental;0.0;0.0
2147;17.0088361;51.0713178;residental;0.0;0.0
2148;17.046513;51.0758895;residental;0.0;0.0
2149;17.0458735;51.0759;residental;0.0;0.0
2150;17.0053719;51.079712;residental;0.0;0.0
2151;17.0241574;51.0793661;residental;0.0;0.0
2152;17.0004453;51.0707514;residental;0.0;0.0
2153;17.0246848;51.0790097;residental;0.0;0.0
2154;17.0242102;51.0794249;residental;0.0;0.0
2155;17.0142181;51.0748616;residental;0.0;0.0
2156;17.0478222;51.0760215;residental;0.0;0.0
2157;17.0079079;51.0715149;residental;0.0;0.0
2158;17.0036267;51.0705634;residental;0.0;0.0
2159;17.0897166;51.0708295;residental;0.0;0.0
2160;17.0843228;51.0736162;residental;0.0;0.0
2161;17.0148384;51.0757303;residental;0.0;0.0
2162;17.0160391;51.0796391;residental;0.0;0.0
2163;17.0841481;51.0760065;residental;0.0;0.0
2164;17.0343849;51.077979;residental;0.0;0.0
2165;17.0075248;51.0705388;residental;0.0;0.0
2166;17.0612875;51.079471;residental;0.0;0.0
2167;17.0077291;51.0709719;residental;0.0;0.0
2168;17.0613074;51.0794254;residental;0.0;0.0
2169;16.967627;51.071183;residental;0.0;0.0
2170;17.0141208;51.070898;residental;0.0;0.0
2171;17.0841306;51.0745342;residental;0.0;0.0
2172;17.0593846;51.079328;residental;0.0;0.0
2173;17.0050607;51.070726;residental;0.0;0.0
2174;17.0345858;51.0775137;residental;0.0;0.0
2175;17.0149408;51.0758742;residental;0.0;0.0
2176;17.0831702;51.0747331;residental;0.0;0.0
2177;17.0477912;51.0756341;residental;0.0;0.0
2178;17.0478064;51.0758282;residental;0.0;0.0
2179;17.016377;51.0741517;residental;0.0;0.0
2180;17.0575831;51.0781483;residental;0.0;0.0
2181;17.0053913;51.0726709;residental;0.0;0.0
2182;17.0449235;51.0750935;residental;0.0;0.0
2183;17.0358255;51.074859;residental;0.0;0.0
2184;17.081592;51.0751477;residental;0.0;0.0
2185;16.9771606;51.0778109;residental;0.0;0.0
2186;17.0095894;51.0703361;residental;0.0;0.0
2187;17.0622179;51.0780391;residental;0.0;0.0
2188;17.0081567;51.0713904;residental;0.0;0.0
2189;16.9769583;51.0726485;residental;0.0;0.0
2190;17.0002895;51.0712683;residental;0.0;0.0
2191;17.0854199;51.0758435;residental;0.0;0.0
2192;17.083078;51.0752014;residental;0.0;0.0
2193;17.0605877;51.0780743;residental;0.0;0.0
2194;17.0149426;51.0746111;residental;0.0;0.0
2195;17.0186225;51.0786805;residental;0.0;0.0
2196;17.0843696;51.0733815;residental;0.0;0.0
2197;17.0599218;51.0783146;residental;0.0;0.0
2198;17.0042113;51.0704935;residental;0.0;0.0
2199;17.0148104;51.0755621;residental;0.0;0.0
2200;17.0044996;51.0708346;residental;0.0;0.0
2201;17.0336121;51.0730642;residental;0.0;0.0
2202;16.9755738;51.0773616;residental;0.0;0.0
2203;17.0152762;51.0752109;residental;0.0;0.0
2204;17.0048978;51.0704713;residental;0.0;0.0
2205;16.9755585;51.072297;residental;0.0;0.0
2206;17.0842424;51.0742286;residental;0.0;0.0
2207;17.0239539;51.0791275;residental;0.0;0.0
2208;16.9927268;51.0801353;residental;0.0;0.0
2209;17.0424827;51.074506;residental;0.0;0.0
2210;17.082583;51.0747849;residental;0.0;0.0
2211;17.0824362;51.0755271;residental;0.0;0.0
2212;17.0364254;51.0775674;residental;0.0;0.0
2213;16.956211;51.076508;residental;0.0;0.0
2214;17.0397987;51.0787631;residental;0.0;0.0
2215;16.9769617;51.072572;residental;0.0;0.0
2216;17.0841512;51.0727025;residental;0.0;0.0
2217;16.9567035;51.0763415;residental;0.0;0.0
2218;17.0818271;51.0743443;residental;0.0;0.0
2219;17.0616192;51.0789586;residental;0.0;0.0
2220;17.0062362;51.0796376;residental;0.0;0.0
2221;16.9756652;51.0710215;residental;0.0;0.0
2222;17.0813888;51.0791603;residental;0.0;0.0
2223;17.0050108;51.0706486;residental;0.0;0.0
2224;17.0889038;51.0799971;residental;0.0;0.0
2225;17.0242651;51.0790717;residental;0.0;0.0
2226;16.9810066;51.0712779;residental;0.0;0.0
2227;17.0148967;51.0790853;residental;0.0;0.0
2228;16.9801926;51.0713177;residental;0.0;0.0
2229;17.0844927;51.0742591;residental;0.0;0.0
2230;17.0477429;51.075098;residental;0.0;0.0
2231;17.0845703;51.0760272;residental;0.0;0.0
2232;17.0176127;51.0786621;residental;0.0;0.0
2233;17.0034544;51.0712084;residental;0.0;0.0
2234;17.0361863;51.0764685;residental;0.0;0.0
2235;16.9695758;51.0742216;residental;0.0;0.0
2236;16.9952061;51.074406;residental;0.0;0.0
2237;17.040152;51.0751654;residental;0.0;0.0
2238;16.9750626;51.0720199;residental;0.0;0.0
2239;17.0120955;51.0700925;residental;0.0;0.0
2240;17.0151383;51.075148;residental;0.0;0.0
2241;17.035548;51.0736668;residental;0.0;0.0
2242;17.057793;51.0778768;residental;0.0;0.0
2243;17.0851652;51.0761734;residental;0.0;0.0
2244;17.0622378;51.0779933;residental;0.0;0.0
2245;17.0831472;51.0748514;residental;0.0;0.0
2246;17.0357198;51.0765203;residental;0.0;0.0
2247;17.033843;51.0795717;residental;0.0;0.0
2248;17.0146673;51.0786705;residental;0.0;0.0
2249;17.0830321;51.0754362;residental;0.0;0.0
2250;17.0476605;51.0741077;residental;0.0;0.0
2251;17.0045659;51.0729416;residental;0.0;0.0
2252;17.0243141;51.0795332;residental;0.0;0.0
2253;16.9763411;51.0723982;residental;0.0;0.0
2254;17.0158871;51.0747119;residental;0.0;0.0
2255;16.9763163;51.0732579;residental;0.0;0.0
2256;17.0879392;51.0724039;residental;0.0;0.0
2257;16.97676;51.0774716;residental;0.0;0.0
2258;17.0818847;51.0742667;residental;0.0;0.0
2259;17.0131684;51.0785375;residental;0.0;0.0
2260;17.0328794;51.07317;residental;0.0;0.0
2261;17.0594163;51.0792782;residental;0.0;0.0
2262;16.9750144;51.0776115;residental;0.0;0.0
2263;17.0851058;51.0733139;residental;0.0;0.0
2264;17.0099061;51.0700923;residental;0.0;0.0
2265;16.9638157;51.0796787;residental;0.0;0.0
2266;17.0357833;51.0776108;residental;0.0;0.0
2267;17.0578205;51.0778387;residental;0.0;0.0
2268;17.0332227;51.0739478;residental;0.0;0.0
2269;17.0825096;51.0751557;residental;0.0;0.0
2270;17.0398944;51.0784804;residental;0.0;0.0
2271;17.0011696;51.0780326;residental;0.0;0.0
2272;17.033653;51.0760553;residental;0.0;0.0
2273;17.0169417;51.074748;residental;0.0;0.0
2274;17.0240415;51.0792599;residental;0.0;0.0
2275;16.9739169;51.0772049;residental;0.0;0.0
2276;17.0394798;51.0721887;residental;0.0;0.0
2277;17.0100079;51.0702719;residental;0.0;0.0
2278;17.0850159;51.0738165;residental;0.0;0.0
2279;17.0048882;51.0703249;residental;0.0;0.0
2280;17.0053424;51.0798109;residental;0.0;0.0
2281;17.0400972;51.0740092;residental;0.0;0.0
2282;17.0003087;51.0707865;residental;0.0;0.0
2283;16.9757584;51.0776724;residental;0.0;0.0
2284;17.0148924;51.0756746;residental;0.0;0.0
2285;17.0009259;51.0782968;residental;0.0;0.0
2286;17.0478239;51.0760861;residental;0.0;0.0
2287;16.9681227;51.0777668;residental;0.0;0.0
2288;17.0898324;51.0708757;residental;0.0;0.0
2289;17.0349201;51.073184;residental;0.0;0.0
2290;17.0180017;51.0787504;residental;0.0;0.0
2291;17.033984;51.0707835;residental;0.0;0.0
2292;17.00305;51.0705283;residental;0.0;0.0
2293;17.087784;51.07008;residental;0.0;0.0
2294;17.0825138;51.075028;residental;0.0;0.0
2295;17.0826275;51.0745309;residental;0.0;0.0
2296;17.0837337;51.0759746;residental;0.0;0.0
2297;17.0824868;51.0752729;residental;0.0;0.0
2298;16.9826565;51.070681;residental;0.0;0.0
2299;17.0861927;51.0737642;residental;0.0;0.0
2300;17.0348079;51.0774983;residental;0.0;0.0
2301;17.0147895;51.0788448;residental;0.0;0.0
2302;17.0476755;51.0742338;residental;0.0;0.0
2303;17.0597336;51.0787756;residental;0.0;0.0
2304;17.0620588;51.078312;residental;0.0;0.0
2305;17.0382538;51.0750357;residental;0.0;0.0
2306;17.0178147;51.0757136;residental;0.0;0.0
2307;17.0176393;51.0782096;residental;0.0;0.0
2308;17.0039388;51.0720443;residental;0.0;0.0
2309;17.0248809;51.0793092;residental;0.0;0.0
2310;17.0014707;51.0778428;residental;0.0;0.0
2311;17.0821897;51.0738357;residental;0.0;0.0
2312;16.9746561;51.07729;residental;0.0;0.0
2313;17.0080876;51.0718081;residental;0.0;0.0
2314;17.014728;51.0752835;residental;0.0;0.0
2315;17.0045141;51.0728724;residental;0.0;0.0
2316;17.0851767;51.0730771;residental;0.0;0.0
2317;17.0243889;51.079036;residental;0.0;0.0
2318;17.0823667;51.0757705;residental;0.0;0.0
2319;17.0849586;51.0741915;residental;0.0;0.0
2320;17.013587;51.070307;residental;0.0;0.0
2321;17.0009047;51.0763243;residental;0.0;0.0
2322;16.9713652;51.0799358;residental;0.0;0.0
2323;17.061995;51.0784182;residental;0.0;0.0
2324;16.9625935;51.0799135;residental;0.0;0.0
2325;17.0611716;51.0796811;residental;0.0;0.0
2326;16.957074;51.075773;residental;0.0;0.0
2327;17.0032762;51.070763;residental;0.0;0.0
2328;17.038218;51.0753201;residental;0.0;0.0
2329;17.0056477;51.0797388;residental;0.0;0.0
2330;17.0035357;51.0704045;residental;0.0;0.0
2331;16.9765786;51.0777392;residental;0.0;0.0
2332;17.0633082;51.0778514;residental;0.0;0.0
2333;17.089732;51.070514;residental;0.0;0.0
2334;17.0141628;51.0749019;residental;0.0;0.0
2335;16.982722;51.070388;residental;0.0;0.0
2336;17.0829618;51.0757835;residental;0.0;0.0
2337;17.0581695;51.0773899;residental;0.0;0.0
2338;17.001784;51.0774597;residental;0.0;0.0
2339;16.9764525;51.0774527;residental;0.0;0.0
2340;16.9633385;51.0798982;residental;0.0;0.0
2341;16.980609;51.0712944;residental;0.0;0.0
2342;16.9657885;51.0774875;residental;0.0;0.0
2343;17.033948;51.0730266;residental;0.0;0.0
2344;17.0157198;51.0820775;residental;0.0;0.0
2345;17.022373;51.0925114;residental;0.0;0.0
2346;17.0019658;51.0895853;residental;0.0;0.0
2347;16.9986889;51.0983188;residental;0.0;0.0
2348;16.9364644;51.0944964;residental;0.0;0.0
2349;17.0283508;51.0975681;residental;0.0;0.0
2350;17.0377653;51.0997828;residental;0.0;0.0
2351;17.0237392;51.0919752;residental;0.0;0.0
2352;17.0256675;51.0949806;residental;0.0;0.0
2353;17.0239447;51.091915;residental;0.0;0.0
2354;16.9405811;51.0961496;residental;0.0;0.0
2355;17.0430769;51.0880448;residental;0.0;0.0
2356;17.0140807;51.0921645;residental;0.0;0.0
2357;17.0385818;51.0890713;residental;0.0;0.0
2358;16.9610699;51.0957882;residental;0.0;0.0
2359;16.9370974;51.0943316;residental;0.0;0.0
2360;17.0204364;51.096768;residental;0.0;0.0
2361;17.0433748;51.0989657;residental;0.0;0.0
2362;17.0939597;51.0990509;residental;0.0;0.0
2363;17.0500903;51.0992605;residental;0.0;0.0
2364;16.9942658;51.0956113;residental;0.0;0.0
2365;17.0454228;51.0901983;residental;0.0;0.0
2366;16.9849355;51.0895335;residental;0.0;0.0
2367;17.0265036;51.0932346;residental;0.0;0.0
2368;17.153974;51.09796;residental;0.0;0.0
2369;16.9765242;51.0944596;residental;0.0;0.0
2370;17.021703;51.090263;residental;0.0;0.0
2371;17.0191888;51.0822644;residental;0.0;0.0
2372;17.0105033;51.0871329;residental;0.0;0.0
2373;17.1312355;51.0933755;residental;0.0;0.0
2374;16.9866987;51.0911108;residental;0.0;0.0
2375;17.0139731;51.0862875;residental;0.0;0.0
2376;17.0341815;51.0930006;residental;0.0;0.0
2377;17.0076228;51.0942728;residental;0.0;0.0
2378;17.0225829;51.0908607;residental;0.0;0.0
2379;16.9913426;51.0945262;residental;0.0;0.0
2380;16.9895775;51.0906296;residental;0.0;0.0
2381;17.0368556;51.084715;residental;0.0;0.0
2382;16.9374908;51.095816;residental;0.0;0.0
2383;17.0228465;51.0903009;residental;0.0;0.0
2384;17.0442461;51.0913467;residental;0.0;0.0
2385;17.0305768;51.0974312;residental;0.0;0.0
2386;16.9408819;51.0963473;residental;0.0;0.0
2387;17.1605829;51.0957354;residental;0.0;0.0
2388;17.1613157;51.0964738;residental;0.0;0.0
2389;17.0073512;51.0994405;residental;0.0;0.0
2390;17.0812837;51.0925514;residental;0.0;0.0
2391;16.9980943;51.0928496;residental;0.0;0.0
2392;17.0118581;51.0828779;residental;0.0;0.0
2393;17.0053847;51.0956839;residental;0.0;0.0
2394;17.0227771;51.0919277;residental;0.0;0.0
2395;16.9409346;51.0963826;residental;0.0;0.0
2396;17.0529445;51.0979555;residental;0.0;0.0
2397;17.0663046;51.0968687;residental;0.0;0.0
2398;16.9928137;51.0816998;residental;0.0;0.0
2399;17.0187022;51.0819271;residental;0.0;0.0
2400;17.102623;51.1000401;residental;0.0;0.0
2401;17.0119252;51.1000224;residental;0.0;0.0
2402;16.9998321;51.093852;residental;0.0;0.0
2403;17.0127522;51.0992011;residental;0.0;0.0
2404;17.0411688;51.0939695;residental;0.0;0.0
2405;17.0536187;51.0853717;residental;0.0;0.0
2406;16.9412947;51.0962624;residental;0.0;0.0
2407;17.025495;51.0950318;residental;0.0;0.0
2408;17.0503563;51.0865034;residental;0.0;0.0
2409;17.0378342;51.0906474;residental;0.0;0.0
2410;17.1568045;51.098123;residental;0.0;0.0
2411;17.0441607;51.0902907;residental;0.0;0.0
2412;16.9514591;51.0991989;residental;0.0;0.0
2413;16.9399689;51.0974048;residental;0.0;0.0
2414;17.0115909;51.0965971;residental;0.0;0.0
2415;17.0000091;51.0933186;residental;0.0;0.0
2416;17.0075381;51.0998689;residental;0.0;0.0
2417;16.9435143;51.0983514;residental;0.0;0.0
2418;17.0926453;51.1000574;residental;0.0;0.0
2419;17.0339073;51.0934065;residental;0.0;0.0
2420;17.037855;51.0928557;residental;0.0;0.0
2421;17.0147163;51.092239;residental;0.0;0.0
2422;16.985724;51.0947297;residental;0.0;0.0
2423;16.9387755;51.0975454;residental;0.0;0.0
2424;16.9770536;51.0928729;residental;0.0;0.0
2425;16.9933671;51.0958186;residental;0.0;0.0
2426;17.036574;51.0898737;residental;0.0;0.0
2427;16.986573;51.0894165;residental;0.0;0.0
2428;16.9405072;51.0947304;residental;0.0;0.0
2429;16.9927434;51.0959295;residental;0.0;0.0
2430;17.0280224;51.0935806;residental;0.0;0.0
2431;16.9858727;51.0919398;residental;0.0;0.0
2432;16.98859;51.0900455;residental;0.0;0.0
2433;17.0096444;51.080326;residental;0.0;0.0
2434;17.0089654;51.0841858;residental;0.0;0.0
2435;17.0251501;51.0951342;residental;0.0;0.0
2436;17.0047687;51.0958931;residental;0.0;0.0
2437;17.0172777;51.0885236;residental;0.0;0.0
2438;17.0542204;51.0851732;residental;0.0;0.0
2439;16.9420047;51.0986119;residental;0.0;0.0
2440;17.0207086;51.0821082;residental;0.0;0.0
2441;17.0438109;51.0906651;residental;0.0;0.0
2442;16.9399376;51.0973529;residental;0.0;0.0
2443;17.0123525;51.0836868;residental;0.0;0.0
2444;16.9370344;51.0948461;residental;0.0;0.0
2445;17.0383802;51.0863245;residental;0.0;0.0
2446;17.0417644;51.0988361;residental;0.0;0.0
2447;17.0539329;51.0992038;residental;0.0;0.0
2448;16.9391597;51.0982246;residental;0.0;0.0
2449;16.9919454;51.0909486;residental;0.0;0.0
2450;16.9388404;51.0952599;residental;0.0;0.0
2451;16.9380336;51.0940926;residental;0.0;0.0
2452;16.959223;51.0979995;residental;0.0;0.0
2453;17.0132833;51.0990726;residental;0.0;0.0
2454;16.9366751;51.0967787;residental;0.0;0.0
2455;17.0218202;51.081195;residental;0.0;0.0
2456;16.985987;51.0907435;residental;0.0;0.0
2457;17.0213247;51.0993009;residental;0.0;0.0
2458;17.1615226;51.0966349;residental;0.0;0.0
2459;17.0301677;51.09755;residental;0.0;0.0
2460;16.9984484;51.0940254;residental;0.0;0.0
2461;16.998282;51.086657;residental;0.0;0.0
2462;17.0505608;51.0869945;residental;0.0;0.0
2463;17.0270508;51.0953565;residental;0.0;0.0
2464;16.9405263;51.0949708;residental;0.0;0.0
2465;17.052366;51.0993341;residental;0.0;0.0
2466;17.0521975;51.0824095;residental;0.0;0.0
2467;16.9855909;51.0951478;residental;0.0;0.0
2468;16.9849223;51.0954535;residental;0.0;0.0
2469;17.0260125;51.0948781;residental;0.0;0.0
2470;17.0199533;51.0816442;residental;0.0;0.0
2471;16.9408687;51.0959574;residental;0.0;0.0
2472;16.9977674;51.0937247;residental;0.0;0.0
2473;17.049268;51.0864715;residental;0.0;0.0
2474;17.0265924;51.0947472;residental;0.0;0.0
2475;17.0057752;51.0959273;residental;0.0;0.0
2476;16.9881392;51.0915366;residental;0.0;0.0
2477;17.0228193;51.091183;residental;0.0;0.0
2478;17.0350333;51.0911129;residental;0.0;0.0
2479;16.9412461;51.09566;residental;0.0;0.0
2480;16.9401248;51.0955216;residental;0.0;0.0
2481;16.9991146;51.0935671;residental;0.0;0.0
2482;16.9866405;51.0895795;residental;0.0;0.0
2483;17.0069146;51.0840863;residental;0.0;0.0
2484;17.0163115;51.087644;residental;0.0;0.0
2485;17.0549465;51.0988379;residental;0.0;0.0
2486;16.9878575;51.089714;residental;0.0;0.0
2487;17.0286285;51.0974865;residental;0.0;0.0
2488;16.966403;51.082565;residental;0.0;0.0
2489;17.0383683;51.0880388;residental;0.0;0.0
2490;17.0401;51.0903911;residental;0.0;0.0
2491;16.9874158;51.0851821;residental;0.0;0.0
2492;16.9388794;51.0959743;residental;0.0;0.0
2493;17.0039706;51.0814542;residental;0.0;0.0
2494;17.016895;51.08495;residental;0.0;0.0
2495;17.0498432;51.086697;residental;0.0;0.0
2496;17.0115205;51.0915064;residental;0.0;0.0
2497;17.0436925;51.0886625;residental;0.0;0.0
2498;17.0088953;51.084615;residental;0.0;0.0
2499;17.0217319;51.0995873;residental;0.0;0.0
2500;16.999166;51.0833755;residental;0.0;0.0
2501;17.054304;51.0980175;residental;0.0;0.0
2502;16.9975503;51.0980228;residental;0.0;0.0
2503;16.9980645;51.0871975;residental;0.0;0.0
2504;17.0089496;51.0865137;residental;0.0;0.0
2505;17.0011673;51.0986571;residental;0.0;0.0
2506;16.9977672;51.0922918;residental;0.0;0.0
2507;17.0936622;51.0983539;residental;0.0;0.0
2508;17.152866;51.098384;residental;0.0;0.0
2509;17.0524662;51.099659;residental;0.0;0.0
2510;16.9370642;51.0970681;residental;0.0;0.0
2511;16.9760306;51.0931465;residental;0.0;0.0
2512;16.9998055;51.0928457;residental;0.0;0.0
2513;17.0375633;51.0898912;residental;0.0;0.0
2514;17.038541;51.0888822;residental;0.0;0.0
2515;16.9507748;51.0983318;residental;0.0;0.0
2516;17.0409844;51.0925362;residental;0.0;0.0
2517;17.0416457;51.0887948;residental;0.0;0.0
2518;17.0173546;51.0836775;residental;0.0;0.0
2519;17.0000929;51.093451;residental;0.0;0.0
2520;17.0124706;51.0972122;residental;0.0;0.0
2521;17.0205928;51.0818852;residental;0.0;0.0
2522;17.0363615;51.090996;residental;0.0;0.0
2523;17.1607086;51.0965463;residental;0.0;0.0
2524;17.0523;51.097755;residental;0.0;0.0
2525;17.010322;51.0844405;residental;0.0;0.0
2526;17.0079044;51.0978637;residental;0.0;0.0
2527;17.016576;51.0820571;residental;0.0;0.0
2528;17.0356914;51.0868237;residental;0.0;0.0
2529;17.0152115;51.082181;residental;0.0;0.0
2530;17.0367035;51.0836217;residental;0.0;0.0
2531;16.9977704;51.0932594;residental;0.0;0.0
2532;17.048725;51.0872539;residental;0.0;0.0
2533;16.9851425;51.090053;residental;0.0;0.0
2534;17.0556684;51.0979527;residental;0.0;0.0
2535;16.9985075;51.086593;residental;0.0;0.0
2536;17.049579;51.0997869;residental;0.0;0.0
2537;17.0187824;51.082475;residental;0.0;0.0
2538;17.0024361;51.0994829;residental;0.0;0.0
2539;17.0511514;51.0973287;residental;0.0;0.0
2540;17.0607744;51.0902097;residental;0.0;0.0
2541;17.1128407;51.100031;residental;0.0;0.0
2542;16.9375896;51.0944486;residental;0.0;0.0
2543;16.9999575;51.0855499;residental;0.0;0.0
2544;16.9591805;51.097679;residental;0.0;0.0
2545;17.014368;51.0827596;residental;0.0;0.0
2546;17.0192871;51.0831938;residental;0.0;0.0
2547;17.1012535;51.0993919;residental;0.0;0.0
2548;17.0236408;51.0909025;residental;0.0;0.0
2549;17.1032183;51.0986488;residental;0.0;0.0
2550;17.0573911;51.0940939;residental;0.0;0.0
2551;17.0402255;51.0998912;residental;0.0;0.0
2552;16.9526809;51.0979208;residental;0.0;0.0
2553;16.986947;51.0885795;residental;0.0;0.0
2554;17.0036137;51.0950877;residental;0.0;0.0
2555;16.9818245;51.0867295;residental;0.0;0.0
2556;17.0014207;51.0939646;residental;0.0;0.0
2557;17.0215704;51.0828003;residental;0.0;0.0
2558;17.0004836;51.0837138;residental;0.0;0.0
2559;17.1575045;51.0998915;residental;0.0;0.0
2560;16.9712564;51.08043;residental;0.0;0.0
2561;16.9503131;51.095889;residental;0.0;0.0
2562;17.0284844;51.097529;residental;0.0;0.0
2563;16.9760459;51.0943945;residental;0.0;0.0
2564;16.9839586;51.0915572;residental;0.0;0.0
2565;17.0362885;51.091388;residental;0.0;0.0
2566;17.0073663;51.0844154;residental;0.0;0.0
2567;16.9485762;51.0982149;residental;0.0;0.0
2568;17.0269338;51.0961348;residental;0.0;0.0
2569;16.9993803;51.0988486;residental;0.0;0.0
2570;17.0133395;51.0982664;residental;0.0;0.0
2571;17.0584154;51.0932938;residental;0.0;0.0
2572;17.0162677;51.0924891;residental;0.0;0.0
2573;17.0382048;51.0891471;residental;0.0;0.0
2574;16.9913537;51.0903174;residental;0.0;0.0
2575;17.1630565;51.0957626;residental;0.0;0.0
2576;16.9488739;51.0980498;residental;0.0;0.0
2577;17.0051167;51.0828689;residental;0.0;0.0
2578;16.999431;51.0981487;residental;0.0;0.0
2579;17.0253323;51.0945622;residental;0.0;0.0
2580;16.9976232;51.0929013;residental;0.0;0.0
2581;17.155846;51.099559;residental;0.0;0.0
2582;17.0184856;51.0990052;residental;0.0;0.0
2583;17.0458315;51.0812215;residental;0.0;0.0
2584;17.0203443;51.0844345;residental;0.0;0.0
2585;16.9385593;51.0958356;residental;0.0;0.0
2586;17.0102096;51.098539;residental;0.0;0.0
2587;17.0348729;51.0808952;residental;0.0;0.0
2588;17.0913537;51.1000382;residental;0.0;0.0
2589;17.0861484;51.0987224;residental;0.0;0.0
2590;17.0203341;51.0972029;residental;0.0;0.0
2591;17.0195401;51.0966612;residental;0.0;0.0
2592;17.0379729;51.0891858;residental;0.0;0.0
2593;17.01641;51.084601;residental;0.0;0.0
2594;17.016225;51.087237;residental;0.0;0.0
2595;16.9411116;51.096131;residental;0.0;0.0
2596;17.0214418;51.0993709;residental;0.0;0.0
2597;17.0542821;51.099434;residental;0.0;0.0
2598;17.043115;51.0912369;residental;0.0;0.0
2599;17.0601558;51.0917291;residental;0.0;0.0
2600;16.97766;51.0930818;residental;0.0;0.0
2601;17.0935083;51.0992567;residental;0.0;0.0
2602;17.019975;51.0816892;residental;0.0;0.0
2603;17.0425155;51.0909429;residental;0.0;0.0
2604;16.99067;51.0875118;residental;0.0;0.0
2605;17.0384252;51.0996463;residental;0.0;0.0
2606;17.0227354;51.0887684;residental;0.0;0.0
2607;16.9863;51.088664;residental;0.0;0.0
2608;17.029344;51.0953606;residental;0.0;0.0
2609;16.9409292;51.0960005;residental;0.0;0.0
2610;17.0466384;51.0997844;residental;0.0;0.0
2611;17.0023662;51.093548;residental;0.0;0.0
2612;17.0441802;51.092415;residental;0.0;0.0
2613;16.9442059;51.0997961;residental;0.0;0.0
2614;17.1613396;51.0985326;residental;0.0;0.0
2615;17.015015;51.0830666;residental;0.0;0.0
2616;17.0394927;51.0889035;residental;0.0;0.0
2617;17.0085096;51.0941152;residental;0.0;0.0
2618;17.0116084;51.0999791;residental;0.0;0.0
2619;17.0090457;51.0866448;residental;0.0;0.0
2620;17.0552373;51.0850642;residental;0.0;0.0
2621;16.9409996;51.0964257;residental;0.0;0.0
2622;17.0222713;51.0909519;residental;0.0;0.0
2623;17.0239804;51.0928537;residental;0.0;0.0
2624;16.9907139;51.0904254;residental;0.0;0.0
2625;16.9393227;51.097384;residental;0.0;0.0
2626;17.0273831;51.091584;residental;0.0;0.0
2627;16.9383581;51.0942599;residental;0.0;0.0
2628;16.985218;51.090227;residental;0.0;0.0
2629;17.0551178;51.0976243;residental;0.0;0.0
2630;17.0553909;51.098425;residental;0.0;0.0
2631;17.0384102;51.0915627;residental;0.0;0.0
2632;17.0436818;51.0923147;residental;0.0;0.0
2633;17.0284804;51.0928245;residental;0.0;0.0
2634;16.9998815;51.0930283;residental;0.0;0.0
2635;17.0620417;51.0801626;residental;0.0;0.0
2636;16.9374059;51.0978011;residental;0.0;0.0
2637;17.161084;51.096969;residental;0.0;0.0
2638;17.0358595;51.0919765;residental;0.0;0.0
2639;17.0352254;51.0910933;residental;0.0;0.0
2640;17.0347359;51.0935985;residental;0.0;0.0
2641;17.0588893;51.0919455;residental;0.0;0.0
2642;17.0291391;51.0954201;residental;0.0;0.0
2643;16.9513757;51.0996193;residental;0.0;0.0
2644;16.9382483;51.0966703;residental;0.0;0.0
2645;17.0374469;51.0889449;residental;0.0;0.0
2646;16.9761666;51.0935049;residental;0.0;0.0
2647;17.0854588;51.0818094;residental;0.0;0.0
2648;17.0188947;51.0997617;residental;0.0;0.0
2649;16.9936745;51.096206;residental;0.0;0.0
2650;17.0080485;51.0996151;residental;0.0;0.0
2651;17.040421;51.0998528;residental;0.0;0.0
2652;17.0128025;51.0826392;residental;0.0;0.0
2653;17.0268208;51.0950505;residental;0.0;0.0
2654;17.0186692;51.0822535;residental;0.0;0.0
2655;17.0231584;51.099306;residental;0.0;0.0
2656;16.9924235;51.095173;residental;0.0;0.0
2657;17.0256963;51.0922011;residental;0.0;0.0
2658;17.1606725;51.0996215;residental;0.0;0.0
2659;17.0119629;51.0968656;residental;0.0;0.0
2660;17.0032985;51.0938041;residental;0.0;0.0
2661;17.0124343;51.0992977;residental;0.0;0.0
2662;16.9979275;51.0941021;residental;0.0;0.0
2663;17.0269852;51.0966522;residental;0.0;0.0
2664;17.0073503;51.0874128;residental;0.0;0.0
2665;17.1120117;51.0998941;residental;0.0;0.0
2666;17.0357993;51.0910593;residental;0.0;0.0
2667;17.0004715;51.0987516;residental;0.0;0.0
2668;17.0214911;51.0817599;residental;0.0;0.0
2669;17.0370879;51.0901658;residental;0.0;0.0
2670;17.0305769;51.0958483;residental;0.0;0.0
2671;17.0256258;51.0920972;residental;0.0;0.0
2672;17.0286297;51.0960187;residental;0.0;0.0
2673;17.0444879;51.089063;residental;0.0;0.0
2674;17.0307846;51.0961396;residental;0.0;0.0
2675;17.0043722;51.0979237;residental;0.0;0.0
2676;17.1613635;51.0948798;residental;0.0;0.0
2677;17.0186189;51.0828465;residental;0.0;0.0
2678;16.998213;51.086243;residental;0.0;0.0
2679;17.0303388;51.095461;residental;0.0;0.0
2680;17.0023194;51.0837034;residental;0.0;0.0
2681;16.959807;51.0979885;residental;0.0;0.0
2682;16.9929476;51.0967337;residental;0.0;0.0
2683;17.0368254;51.094924;residental;0.0;0.0
2684;16.985684;51.08723;residental;0.0;0.0
2685;16.9986206;51.0940028;residental;0.0;0.0
2686;16.984974;51.089702;residental;0.0;0.0
2687;17.0017657;51.0989768;residental;0.0;0.0
2688;17.011583;51.0845955;residental;0.0;0.0
2689;17.036516;51.0929744;residental;0.0;0.0
2690;17.054103;51.0993037;residental;0.0;0.0
2691;17.0180189;51.0908168;residental;0.0;0.0
2692;17.036772;51.095083;residental;0.0;0.0
2693;17.0601562;51.0907519;residental;0.0;0.0
2694;17.050802;51.0991476;residental;0.0;0.0
2695;17.0542183;51.0989496;residental;0.0;0.0
2696;17.0487137;51.0965741;residental;0.0;0.0
2697;17.0289511;51.0926952;residental;0.0;0.0
2698;17.0169114;51.0868867;residental;0.0;0.0
2699;17.0272791;51.0956624;residental;0.0;0.0
2700;16.9593;51.097261;residental;0.0;0.0
2701;17.0002731;51.0854935;residental;0.0;0.0
2702;17.0385468;51.0882709;residental;0.0;0.0
2703;16.94063;51.0965389;residental;0.0;0.0
2704;17.0218981;51.0997058;residental;0.0;0.0
2705;17.004585;51.0957901;residental;0.0;0.0
2706;16.9387956;51.0943977;residental;0.0;0.0
2707;17.0095583;51.0932686;residental;0.0;0.0
2708;16.985749;51.0951903;residental;0.0;0.0
2709;16.9917099;51.0944471;residental;0.0;0.0
2710;17.0064898;51.0810532;residental;0.0;0.0
2711;17.0677644;51.0969617;residental;0.0;0.0
2712;17.0377262;51.0918811;residental;0.0;0.0
2713;17.0475869;51.0996372;residental;0.0;0.0
2714;17.0169688;51.0835888;residental;0.0;0.0
2715;16.9356907;51.098957;residental;0.0;0.0
2716;17.0458323;51.0867305;residental;0.0;0.0
2717;17.0427254;51.0985391;residental;0.0;0.0
2718;17.0488785;51.0984088;residental;0.0;0.0
2719;17.0206008;51.0995479;residental;0.0;0.0
2720;17.0308566;51.0969128;residental;0.0;0.0
2721;16.9926364;51.090781;residental;0.0;0.0
2722;16.9415362;51.0964361;residental;0.0;0.0
2723;16.9401575;51.0962227;residental;0.0;0.0
2724;17.0451192;51.0868914;residental;0.0;0.0
2725;17.0126275;51.0988525;residental;0.0;0.0
2726;17.0266703;51.093433;residental;0.0;0.0
2727;17.0211167;51.0819154;residental;0.0;0.0
2728;17.0417486;51.0899583;residental;0.0;0.0
2729;17.0289779;51.0966013;residental;0.0;0.0
2730;16.9997487;51.0925532;residental;0.0;0.0
2731;17.0217063;51.0936539;residental;0.0;0.0
2732;17.0178454;51.0810882;residental;0.0;0.0
2733;16.9406919;51.0972355;residental;0.0;0.0
2734;17.0341538;51.1000736;residental;0.0;0.0
2735;17.0183297;51.0932685;residental;0.0;0.0
2736;17.0505091;51.0991911;residental;0.0;0.0
2737;16.9437981;51.0999415;residental;0.0;0.0
2738;17.0354142;51.0910735;residental;0.0;0.0
2739;16.959853;51.095928;residental;0.0;0.0
2740;16.9415976;51.0964796;residental;0.0;0.0
2741;17.0413548;51.0916825;residental;0.0;0.0
2742;17.152818;51.0997085;residental;0.0;0.0
2743;16.9674775;51.0818435;residental;0.0;0.0
2744;17.1568615;51.099313;residental;0.0;0.0
2745;17.0123965;51.084959;residental;0.0;0.0
2746;16.939286;51.0979784;residental;0.0;0.0
2747;17.0442774;51.090009;residental;0.0;0.0
2748;16.9378234;51.097032;residental;0.0;0.0
2749;17.0272753;51.097212;residental;0.0;0.0
2750;17.0342353;51.0931512;residental;0.0;0.0
2751;17.030374;51.0974903;residental;0.0;0.0
2752;16.9502115;51.0984969;residental;0.0;0.0
2753;16.9633935;51.081107;residental;0.0;0.0
2754;16.999291;51.0983904;residental;0.0;0.0
2755;17.101317;51.0995637;residental;0.0;0.0
2756;17.0361103;51.0923159;residental;0.0;0.0
2757;17.0408609;51.0918802;residental;0.0;0.0
2758;17.0546845;51.0978327;residental;0.0;0.0
2759;17.0291921;51.0937208;residental;0.0;0.0
2760;16.9363631;51.0945152;residental;0.0;0.0
2761;16.9854082;51.0946438;residental;0.0;0.0
2762;16.9977532;51.0858896;residental;0.0;0.0
2763;17.0030497;51.084122;residental;0.0;0.0
2764;17.161977;51.0958713;residental;0.0;0.0
2765;16.9521374;51.0995471;residental;0.0;0.0
2766;17.0005801;51.0933931;residental;0.0;0.0
2767;17.0222371;51.0815943;residental;0.0;0.0
2768;16.9893199;51.0913419;residental;0.0;0.0
2769;16.98472;51.0904775;residental;0.0;0.0
2770;17.0011871;51.0938826;residental;0.0;0.0
2771;16.9489855;51.0991054;residental;0.0;0.0
2772;17.0191788;51.0818309;residental;0.0;0.0
2773;17.053696;51.0964685;residental;0.0;0.0
2774;17.0928148;51.0985127;residental;0.0;0.0
2775;16.9368609;51.0946411;residental;0.0;0.0
2776;17.0136628;51.0986743;residental;0.0;0.0
2777;17.0188307;51.099035;residental;0.0;0.0
2778;16.9512802;51.0981838;residental;0.0;0.0
2779;16.9414233;51.0957919;residental;0.0;0.0
2780;17.0562383;51.0854195;residental;0.0;0.0
2781;16.9407203;51.0970088;residental;0.0;0.0
2782;17.0118232;51.0942476;residental;0.0;0.0
2783;17.010976;51.086189;residental;0.0;0.0
2784;17.0074514;51.0880092;residental;0.0;0.0
2785;17.0097975;51.08371;residental;0.0;0.0
2786;17.0156397;51.0998663;residental;0.0;0.0
2787;17.0367173;51.0908914;residental;0.0;0.0
2788;17.0137513;51.0828441;residental;0.0;0.0
2789;17.0375843;51.0900366;residental;0.0;0.0
2790;16.9980073;51.0983753;residental;0.0;0.0
2791;17.1226939;51.0947136;residental;0.0;0.0
2792;17.0868514;51.0804258;residental;0.0;0.0
2793;17.0016312;51.0940455;residental;0.0;0.0
2794;16.9850251;51.0913366;residental;0.0;0.0
2795;16.9902703;51.0905131;residental;0.0;0.0
2796;17.0682817;51.0969778;residental;0.0;0.0
2797;16.971265;51.0811605;residental;0.0;0.0
2798;17.0161559;51.0929185;residental;0.0;0.0
2799;17.0385848;51.0886201;residental;0.0;0.0
2800;17.007961;51.083246;residental;0.0;0.0
2801;17.1007081;51.0982878;residental;0.0;0.0
2802;17.0498524;51.0885032;residental;0.0;0.0
2803;17.0182923;51.0989888;residental;0.0;0.0
2804;17.1567635;51.099069;residental;0.0;0.0
2805;17.0077273;51.0873061;residental;0.0;0.0
2806;16.9757613;51.0936247;residental;0.0;0.0
2807;17.0177964;51.0830395;residental;0.0;0.0
2808;16.9885973;51.0914643;residental;0.0;0.0
2809;17.0090795;51.093148;residental;0.0;0.0
2810;17.1619108;51.0952845;residental;0.0;0.0
2811;17.131642;51.09316;residental;0.0;0.0
2812;17.0496475;51.0854367;residental;0.0;0.0
2813;17.1616718;51.0951457;residental;0.0;0.0
2814;17.0202658;51.0974941;residental;0.0;0.0
2815;17.0295499;51.0953017;residental;0.0;0.0
2816;17.1633947;51.0957858;residental;0.0;0.0
2817;17.1622952;51.095702;residental;0.0;0.0
2818;17.0182023;51.0823497;residental;0.0;0.0
2819;17.009091;51.0991166;residental;0.0;0.0
2820;16.9370018;51.0943519;residental;0.0;0.0
2821;17.0204742;51.0844141;residental;0.0;0.0
2822;16.9447564;51.0990659;residental;0.0;0.0
2823;16.9372105;51.0950295;residental;0.0;0.0
2824;17.0043496;51.0962155;residental;0.0;0.0
2825;17.10805;51.0998595;residental;0.0;0.0
2826;17.0216409;51.0813026;residental;0.0;0.0
2827;17.0196134;51.0826471;residental;0.0;0.0
2828;17.0195639;51.0808563;residental;0.0;0.0
2829;17.0447732;51.0894326;residental;0.0;0.0
2830;17.0123129;51.0811619;residental;0.0;0.0
2831;17.0258765;51.0944;residental;0.0;0.0
2832;17.0211803;51.0820316;residental;0.0;0.0
2833;16.9414116;51.0968525;residental;0.0;0.0
2834;17.0434341;51.0983823;residental;0.0;0.0
2835;16.9871054;51.091043;residental;0.0;0.0
2836;16.99313;51.0968369;residental;0.0;0.0
2837;17.1039385;51.0981605;residental;0.0;0.0
2838;16.938848;51.0989802;residental;0.0;0.0
2839;17.093919;51.0992542;residental;0.0;0.0
2840;17.0073594;51.086544;residental;0.0;0.0
2841;17.0514528;51.0874931;residental;0.0;0.0
2842;17.156729;51.0980605;residental;0.0;0.0
2843;17.0174625;51.0997201;residental;0.0;0.0
2844;17.0376362;51.0901776;residental;0.0;0.0
2845;17.0239413;51.0911946;residental;0.0;0.0
2846;17.0205187;51.0909057;residental;0.0;0.0
2847;17.0091737;51.0850675;residental;0.0;0.0
2848;17.06575;51.0967867;residental;0.0;0.0
2849;17.0397546;51.0909415;residental;0.0;0.0
2850;17.0095087;51.0863992;residental;0.0;0.0
2851;17.0066263;51.0863153;residental;0.0;0.0
2852;17.0218601;51.0888155;residental;0.0;0.0
2853;17.162504;51.0988045;residental;0.0;0.0
2854;17.0075573;51.0974907;residental;0.0;0.0
2855;17.066845;51.0969125;residental;0.0;0.0
2856;17.1541375;51.0980905;residental;0.0;0.0
2857;17.027503;51.0926932;residental;0.0;0.0
2858;16.9422522;51.0988774;residental;0.0;0.0
2859;17.0508406;51.0992853;residental;0.0;0.0
2860;17.019602;51.0845426;residental;0.0;0.0
2861;17.0374745;51.0888201;residental;0.0;0.0
2862;16.9592305;51.0964465;residental;0.0;0.0
2863;16.9502349;51.0998236;residental;0.0;0.0
2864;17.16102;51.0967971;residental;0.0;0.0
2865;16.985581;51.0880085;residental;0.0;0.0
2866;16.9875365;51.0899405;residental;0.0;0.0
2867;17.0509693;51.0981482;residental;0.0;0.0
2868;17.0287133;51.096131;residental;0.0;0.0
2869;17.0059204;51.0954014;residental;0.0;0.0
2870;16.9868675;51.0905945;residental;0.0;0.0
2871;17.0359866;51.0910404;residental;0.0;0.0
2872;17.004229;51.0936045;residental;0.0;0.0
2873;16.9892925;51.0881615;residental;0.0;0.0
2874;17.007283;51.0936832;residental;0.0;0.0
2875;16.9390693;51.0974705;residental;0.0;0.0
2876;17.0164137;51.0802954;residental;0.0;0.0
2877;17.0541967;51.096387;residental;0.0;0.0
2878;17.0073608;51.0856716;residental;0.0;0.0
2879;16.9988984;51.0935979;residental;0.0;0.0
2880;17.0189136;51.0819001;residental;0.0;0.0
2881;17.0054394;51.0856554;residental;0.0;0.0
2882;17.1008689;51.0999042;residental;0.0;0.0
2883;17.0074542;51.0939786;residental;0.0;0.0
2884;17.042138;51.0910053;residental;0.0;0.0
2885;17.0123103;51.0977872;residental;0.0;0.0
2886;17.038081;51.0895729;residental;0.0;0.0
2887;17.0077483;51.0945443;residental;0.0;0.0
2888;16.991475;51.0862532;residental;0.0;0.0
2889;17.0538955;51.096796;residental;0.0;0.0
2890;17.0194318;51.081726;residental;0.0;0.0
2891;17.006924;51.0858997;residental;0.0;0.0
2892;17.0167622;51.0921359;residental;0.0;0.0
2893;17.0248857;51.0967031;residental;0.0;0.0
2894;17.0168536;51.0836201;residental;0.0;0.0
2895;17.10364;51.0996303;residental;0.0;0.0
2896;17.0122791;51.0970457;residental;0.0;0.0
2897;17.1546135;51.0980165;residental;0.0;0.0
2898;17.0539123;51.0981989;residental;0.0;0.0
2899;17.0670963;51.0969219;residental;0.0;0.0
2900;16.9854025;51.087595;residental;0.0;0.0
2901;17.041002;51.0926965;residental;0.0;0.0
2902;17.0041634;51.0961128;residental;0.0;0.0
2903;17.0562252;51.097994;residental;0.0;0.0
2904;17.0137728;51.0842103;residental;0.0;0.0
2905;17.008375;51.0937292;residental;0.0;0.0
2906;17.0503823;51.0853599;residental;0.0;0.0
2907;17.0161924;51.0814125;residental;0.0;0.0
2908;17.0557468;51.0976337;residental;0.0;0.0
2909;17.0444381;51.0884743;residental;0.0;0.0
2910;16.9402591;51.0973357;residental;0.0;0.0
2911;16.9910905;51.0910424;residental;0.0;0.0
2912;16.9493275;51.0986445;residental;0.0;0.0
2913;17.0172942;51.0820791;residental;0.0;0.0
2914;17.031244;51.0964044;residental;0.0;0.0
2915;17.0498611;51.0863059;residental;0.0;0.0
2916;16.9877963;51.0948365;residental;0.0;0.0
2917;17.0186098;51.0965719;residental;0.0;0.0
2918;17.0074684;51.0895116;residental;0.0;0.0
2919;17.0367089;51.093153;residental;0.0;0.0
2920;16.9365653;51.0944671;residental;0.0;0.0
2921;17.1008479;51.0986957;residental;0.0;0.0
2922;17.0203498;51.0913555;residental;0.0;0.0
2923;17.0290126;51.0930593;residental;0.0;0.0
2924;17.0040784;51.0974953;residental;0.0;0.0
2925;17.0206838;51.0912555;residental;0.0;0.0
2926;16.9854316;51.0951046;residental;0.0;0.0
2927;17.0366902;51.0949365;residental;0.0;0.0
2928;17.0063799;51.0860136;residental;0.0;0.0
2929;17.0255177;51.0945069;residental;0.0;0.0
2930;17.0396465;51.1001799;residental;0.0;0.0
2931;16.9758833;51.0939547;residental;0.0;0.0
2932;17.0160146;51.0823597;residental;0.0;0.0
2933;17.0153813;51.0922085;residental;0.0;0.0
2934;17.0005631;51.0985894;residental;0.0;0.0
2935;17.059974;51.0913696;residental;0.0;0.0
2936;17.005614;51.0960424;residental;0.0;0.0
2937;17.0160139;51.0811748;residental;0.0;0.0
2938;17.0168627;51.0872629;residental;0.0;0.0
2939;17.1014679;51.0999697;residental;0.0;0.0
2940;17.0402297;51.0919704;residental;0.0;0.0
2941;16.9372296;51.0945472;residental;0.0;0.0
2942;17.0544851;51.0979213;residental;0.0;0.0
2943;17.003828;51.0815034;residental;0.0;0.0
2944;17.1013698;51.0988883;residental;0.0;0.0
2945;16.9820085;51.0872425;residental;0.0;0.0
2946;17.0065176;51.0861795;residental;0.0;0.0
2947;16.988994;51.081717;residental;0.0;0.0
2948;16.9756799;51.0934044;residental;0.0;0.0
2949;17.0495313;51.0996619;residental;0.0;0.0
2950;17.1025145;51.0998334;residental;0.0;0.0
2951;17.0506795;51.0878331;residental;0.0;0.0
2952;17.0071272;51.0890084;residental;0.0;0.0
2953;17.0444862;51.0885519;residental;0.0;0.0
2954;16.986042;51.0921852;residental;0.0;0.0
2955;17.0121055;51.0869371;residental;0.0;0.0
2956;16.986211;51.0907135;residental;0.0;0.0
2957;16.9905463;51.0915347;residental;0.0;0.0
2958;16.9778866;51.0943738;residental;0.0;0.0
2959;17.021617;51.0986684;residental;0.0;0.0
2960;17.0927962;51.0993141;residental;0.0;0.0
2961;17.0924801;51.0993319;residental;0.0;0.0
2962;16.9403119;51.0974544;residental;0.0;0.0
2963;17.0188875;51.0809204;residental;0.0;0.0
2964;16.9367582;51.0956853;residental;0.0;0.0
2965;17.0073685;51.0938297;residental;0.0;0.0
2966;17.0187976;51.0965898;residental;0.0;0.0
2967;17.0434487;51.0908741;residental;0.0;0.0
2968;16.986513;51.094943;residental;0.0;0.0
2969;16.9877162;51.0909391;residental;0.0;0.0
2970;17.0031727;51.0831925;residental;0.0;0.0
2971;17.0176039;51.0924702;residental;0.0;0.0
2972;16.982356;51.0881485;residental;0.0;0.0
2973;17.0447918;51.0881572;residental;0.0;0.0
2974;17.0348383;51.0911341;residental;0.0;0.0
2975;17.0604612;51.0904799;residental;0.0;0.0
2976;16.9938645;51.096983;residental;0.0;0.0
2977;17.0539715;51.096937;residental;0.0;0.0
2978;16.9902096;51.0931017;residental;0.0;0.0
2979;17.0231271;51.0994529;residental;0.0;0.0
2980;17.0132378;51.0987571;residental;0.0;0.0
2981;17.0006544;51.0984277;residental;0.0;0.0
2982;17.0126087;51.0972905;residental;0.0;0.0
2983;16.967;51.082052;residental;0.0;0.0
2984;17.0196424;51.0808897;residental;0.0;0.0
2985;17.012987;51.0991413;residental;0.0;0.0
2986;16.9422747;51.0985587;residental;0.0;0.0
2987;16.9762492;51.093727;residental;0.0;0.0
2988;17.0129206;51.0877075;residental;0.0;0.0
2989;16.9962103;51.0981404;residental;0.0;0.0
2990;17.0165836;51.0859109;residental;0.0;0.0
2991;16.9928394;51.0964845;residental;0.0;0.0
2992;17.0712106;51.0971407;residental;0.0;0.0
2993;17.0162402;51.0859218;residental;0.0;0.0
2994;17.0163053;51.0923441;residental;0.0;0.0
2995;17.0053357;51.0830749;residental;0.0;0.0
2996;16.987273;51.0893815;residental;0.0;0.0
2997;17.0316077;51.0966944;residental;0.0;0.0
2998;16.9409894;51.0960436;residental;0.0;0.0
2999;16.9384736;51.0976219;residental;0.0;0.0
3000;17.012224;51.0870402;residental;0.0;0.0
3001;17.0026377;51.0991825;residental;0.0;0.0
3002;16.9977219;51.0860532;residental;0.0;0.0
3003;16.9349851;51.0972479;residental;0.0;0.0
3004;17.1079415;51.0938845;residental;0.0;0.0
3005;17.0258398;51.0924132;residental;0.0;0.0
3006;17.0168016;51.0919898;residental;0.0;0.0
3007;17.0064743;51.0992423;residental;0.0;0.0
3008;17.0116411;51.0942307;residental;0.0;0.0
3009;17.0525215;51.0971525;residental;0.0;0.0
3010;17.0405581;51.0815178;residental;0.0;0.0
3011;17.0191375;51.082159;residental;0.0;0.0
3012;17.0367203;51.0947782;residental;0.0;0.0
3013;17.0213618;51.0828164;residental;0.0;0.0
3014;17.0071989;51.0993041;residental;0.0;0.0
3015;17.1602587;51.0955741;residental;0.0;0.0
3016;17.0533224;51.0984426;residental;0.0;0.0
3017;17.055509;51.0853805;residental;0.0;0.0
3018;16.97609;51.0930035;residental;0.0;0.0
3019;17.016866;51.0805747;residental;0.0;0.0
3020;17.0504962;51.0879237;residental;0.0;0.0
3021;17.09401;51.099596;residental;0.0;0.0
3022;16.9413997;51.0970156;residental;0.0;0.0
3023;16.988856;51.0811892;residental;0.0;0.0
3024;17.0925863;51.099688;residental;0.0;0.0
3025;17.0358839;51.0933259;residental;0.0;0.0
3026;17.0396835;51.0917873;residental;0.0;0.0
3027;17.0391508;51.0881784;residental;0.0;0.0
3028;17.0426224;51.0883786;residental;0.0;0.0
3029;17.0127741;51.0996945;residental;0.0;0.0
3030;17.0431215;51.0918983;residental;0.0;0.0
3031;16.9410619;51.0972775;residental;0.0;0.0
3032;17.0144469;51.0831691;residental;0.0;0.0
3033;17.0170401;51.0805374;residental;0.0;0.0
3034;16.960518;51.0980205;residental;0.0;0.0
3035;17.0000989;51.0982561;residental;0.0;0.0
3036;17.0223528;51.0913216;residental;0.0;0.0
3037;17.0374939;51.0897004;residental;0.0;0.0
3038;17.0182046;51.0819885;residental;0.0;0.0
3039;16.9976425;51.0978616;residental;0.0;0.0
3040;17.0528755;51.0978205;residental;0.0;0.0
3041;17.0857691;51.0818845;residental;0.0;0.0
3042;17.0210199;51.091155;residental;0.0;0.0
3043;17.0084485;51.0998261;residental;0.0;0.0
3044;16.9989542;51.0901309;residental;0.0;0.0
3045;17.0316646;51.097485;residental;0.0;0.0
3046;17.1620118;51.0954473;residental;0.0;0.0
3047;17.0271311;51.092413;residental;0.0;0.0
3048;17.0177368;51.093596;residental;0.0;0.0
3049;17.0211322;51.0809378;residental;0.0;0.0
3050;17.004255;51.0977696;residental;0.0;0.0
3051;17.0365449;51.0909722;residental;0.0;0.0
3052;17.0215859;51.098813;residental;0.0;0.0
3053;16.9364009;51.0958422;residental;0.0;0.0
3054;16.9888352;51.0819666;residental;0.0;0.0
3055;16.9481367;51.0982152;residental;0.0;0.0
3056;16.9986607;51.0936247;residental;0.0;0.0
3057;17.0542015;51.0973595;residental;0.0;0.0
3058;17.0057067;51.0870663;residental;0.0;0.0
3059;17.0274065;51.0973864;residental;0.0;0.0
3060;16.9992477;51.0926408;residental;0.0;0.0
3061;17.0367895;51.0893437;residental;0.0;0.0
3062;17.0507812;51.0853908;residental;0.0;0.0
3063;16.9406987;51.0962246;residental;0.0;0.0
3064;17.020115;51.0991473;residental;0.0;0.0
3065;17.0440008;51.0917021;residental;0.0;0.0
3066;17.0170972;51.086164;residental;0.0;0.0
3067;16.9647965;51.083344;residental;0.0;0.0
3068;17.0173251;51.0881489;residental;0.0;0.0
3069;17.0201259;51.084475;residental;0.0;0.0
3070;17.0158885;51.087582;residental;0.0;0.0
3071;17.0257206;51.0962716;residental;0.0;0.0
3072;17.0432855;51.0889021;residental;0.0;0.0
3073;17.0022927;51.0943089;residental;0.0;0.0
3074;17.021742;51.0980855;residental;0.0;0.0
3075;17.0123753;51.0942977;residental;0.0;0.0
3076;16.9859051;51.0952324;residental;0.0;0.0
3077;17.053112;51.0987216;residental;0.0;0.0
3078;17.0192855;51.0803904;residental;0.0;0.0
3079;17.052863;51.0968012;residental;0.0;0.0
3080;17.0175662;51.0926147;residental;0.0;0.0
3081;17.050312;51.100035;residental;0.0;0.0
3082;17.0140085;51.0924553;residental;0.0;0.0
3083;17.0194389;51.0807403;residental;0.0;0.0
3084;17.0293301;51.0929728;residental;0.0;0.0
3085;17.0498283;51.0993087;residental;0.0;0.0
3086;16.9821165;51.0874175;residental;0.0;0.0
3087;17.1534595;51.0975005;residental;0.0;0.0
3088;17.107935;51.092411;residental;0.0;0.0
3089;16.9400438;51.0954002;residental;0.0;0.0
3090;16.982571;51.0867295;residental;0.0;0.0
3091;17.005114;51.0963993;residental;0.0;0.0
3092;16.9997922;51.0900034;residental;0.0;0.0
3093;17.0032175;51.084309;residental;0.0;0.0
3094;17.0383203;51.0924415;residental;0.0;0.0
3095;17.011843;51.0867824;residental;0.0;0.0
3096;17.0493252;51.0994578;residental;0.0;0.0
3097;17.1610367;51.0954976;residental;0.0;0.0
3098;16.9402411;51.0962783;residental;0.0;0.0
3099;17.0256968;51.0944537;residental;0.0;0.0
3100;16.9993975;51.0939126;residental;0.0;0.0
3101;16.9403998;51.0963843;residental;0.0;0.0
3102;16.942899;51.0960724;residental;0.0;0.0
3103;17.0069146;51.099272;residental;0.0;0.0
3104;17.0920158;51.0993651;residental;0.0;0.0
3105;16.9369368;51.0988653;residental;0.0;0.0
3106;17.0179284;51.0820449;residental;0.0;0.0
3107;17.0164295;51.0872385;residental;0.0;0.0
3108;17.1603254;51.0956173;residental;0.0;0.0
3109;17.0062169;51.0992167;residental;0.0;0.0
3110;17.0012591;51.0984944;residental;0.0;0.0
3111;17.0124723;51.0996444;residental;0.0;0.0
3112;17.050745;51.0870649;residental;0.0;0.0
3113;16.9384434;51.0944871;residental;0.0;0.0
3114;17.0071137;51.0817866;residental;0.0;0.0
3115;16.991138;51.0903536;residental;0.0;0.0
3116;17.129549;51.0945385;residental;0.0;0.0
3117;17.0310873;51.0964496;residental;0.0;0.0
3118;17.0274483;51.0923274;residental;0.0;0.0
3119;16.993237;51.0970887;residental;0.0;0.0
3120;17.0521015;51.097369;residental;0.0;0.0
3121;17.0391282;51.0884832;residental;0.0;0.0
3122;16.9377954;51.0955879;residental;0.0;0.0
3123;16.9667289;51.0822195;residental;0.0;0.0
3124;17.0272557;51.0965719;residental;0.0;0.0
3125;17.015524;51.0918802;residental;0.0;0.0
3126;16.9847805;51.0944746;residental;0.0;0.0
3127;17.0074046;51.0866036;residental;0.0;0.0
3128;17.0298168;51.0978333;residental;0.0;0.0
3129;17.0421294;51.0813501;residental;0.0;0.0
3130;17.0503062;51.0876344;residental;0.0;0.0
3131;17.1024732;51.0996629;residental;0.0;0.0
3132;17.0277576;51.0922436;residental;0.0;0.0
3133;17.0039903;51.0829042;residental;0.0;0.0
3134;16.9569665;51.0966675;residental;0.0;0.0
3135;17.0149033;51.0867327;residental;0.0;0.0
3136;17.0168302;51.08739;residental;0.0;0.0
3137;17.0068884;51.0867867;residental;0.0;0.0
3138;16.9497243;51.099187;residental;0.0;0.0
3139;17.093293;51.0992525;residental;0.0;0.0
3140;17.0088537;51.0869838;residental;0.0;0.0
3141;17.0489753;51.0985543;residental;0.0;0.0
3142;17.0449829;51.0991609;residental;0.0;0.0
3143;17.0261045;51.0963769;residental;0.0;0.0
3144;17.0115095;51.0809196;residental;0.0;0.0
3145;17.0191106;51.0818448;residental;0.0;0.0
3146;17.0501076;51.0877241;residental;0.0;0.0
3147;17.0487653;51.099845;residental;0.0;0.0
3148;17.0349239;51.0812485;residental;0.0;0.0
3149;17.0241199;51.0946573;residental;0.0;0.0
3150;17.0445021;51.0886651;residental;0.0;0.0
3151;17.0194848;51.0808263;residental;0.0;0.0
3152;16.9883549;51.0947451;residental;0.0;0.0
3153;17.0262479;51.0963352;residental;0.0;0.0
3154;17.0157952;51.087252;residental;0.0;0.0
3155;16.9996299;51.0856749;residental;0.0;0.0
3156;17.1022369;51.0984448;residental;0.0;0.0
3157;17.0563797;51.0973387;residental;0.0;0.0
3158;17.0079074;51.0828977;residental;0.0;0.0
3159;16.9819835;51.087079;residental;0.0;0.0
3160;16.986621;51.0878595;residental;0.0;0.0
3161;17.0263138;51.0943774;residental;0.0;0.0
3162;17.0160075;51.0934982;residental;0.0;0.0
3163;17.0516475;51.0992398;residental;0.0;0.0
3164;16.9977344;51.0931712;residental;0.0;0.0
3165;17.0226702;51.0820808;residental;0.0;0.0
3166;17.0545943;51.0991215;residental;0.0;0.0
3167;17.0094432;51.0845622;residental;0.0;0.0
3168;17.0261689;51.0967604;residental;0.0;0.0
3169;17.0117796;51.0975451;residental;0.0;0.0
3170;17.0183422;51.0806529;residental;0.0;0.0
3171;17.1563095;51.099319;residental;0.0;0.0
3172;17.0008641;51.0837661;residental;0.0;0.0
3173;17.0864659;51.0991796;residental;0.0;0.0
3174;17.128692;51.094357;residental;0.0;0.0
3175;16.9873315;51.088492;residental;0.0;0.0
3176;17.0496644;51.0999643;residental;0.0;0.0
3177;17.0032168;51.0995148;residental;0.0;0.0
3178;17.0176565;51.0997946;residental;0.0;0.0
3179;17.0439008;51.0890699;residental;0.0;0.0
3180;17.0431741;51.0984273;residental;0.0;0.0
3181;16.9985966;51.0984794;residental;0.0;0.0
3182;17.0375248;51.0884523;residental;0.0;0.0
3183;17.0198129;51.0814372;residental;0.0;0.0
3184;17.1617004;51.0968163;residental;0.0;0.0
3185;17.0118661;51.0819937;residental;0.0;0.0
3186;17.0128819;51.0988473;residental;0.0;0.0
3187;17.0243478;51.0917962;residental;0.0;0.0
3188;16.998242;51.0861695;residental;0.0;0.0
3189;16.9848125;51.087791;residental;0.0;0.0
3190;16.985065;51.089872;residental;0.0;0.0
3191;17.0348256;51.0888305;residental;0.0;0.0
3192;16.9863864;51.0958439;residental;0.0;0.0
3193;17.0036599;51.0854893;residental;0.0;0.0
3194;17.0535447;51.0994944;residental;0.0;0.0
3195;16.9636245;51.0814535;residental;0.0;0.0
3196;16.9876425;51.0851635;residental;0.0;0.0
3197;17.0530225;51.0981295;residental;0.0;0.0
3198;16.9633023;51.0840787;residental;0.0;0.0
3199;17.0138376;51.0944379;residental;0.0;0.0
3200;17.0182919;51.0934139;residental;0.0;0.0
3201;17.0291075;51.0926523;residental;0.0;0.0
3202;17.0014065;51.0936652;residental;0.0;0.0
3203;16.9426598;51.0987432;residental;0.0;0.0
3204;17.0077638;51.0979226;residental;0.0;0.0
3205;16.9991054;51.0923004;residental;0.0;0.0
3206;17.0428736;51.0908909;residental;0.0;0.0
3207;17.0022034;51.0990805;residental;0.0;0.0
3208;17.0197214;51.0812674;residental;0.0;0.0
3209;17.0075416;51.0941282;residental;0.0;0.0
3210;17.0823887;51.0817809;residental;0.0;0.0
3211;16.9996308;51.0935033;residental;0.0;0.0
3212;16.9848515;51.0938417;residental;0.0;0.0
3213;16.9902544;51.0946797;residental;0.0;0.0
3214;16.9645386;51.0829662;residental;0.0;0.0
3215;17.0449216;51.0887144;residental;0.0;0.0
3216;16.9938105;51.0968564;residental;0.0;0.0
3217;17.0397804;51.0923839;residental;0.0;0.0
3218;17.1134146;51.0991531;residental;0.0;0.0
3219;16.9928939;51.0966102;residental;0.0;0.0
3220;16.9382551;51.0970873;residental;0.0;0.0
3221;17.0199297;51.0991313;residental;0.0;0.0
3222;17.0417905;51.0910979;residental;0.0;0.0
3223;17.0120352;51.0990161;residental;0.0;0.0
3224;16.9757206;51.0935147;residental;0.0;0.0
3225;16.9982985;51.0935412;residental;0.0;0.0
3226;17.0525006;51.0981455;residental;0.0;0.0
3227;17.0079195;51.0844961;residental;0.0;0.0
3228;17.0123327;51.0993232;residental;0.0;0.0
3229;17.0212185;51.0992071;residental;0.0;0.0
3230;17.0093557;51.0829977;residental;0.0;0.0
3231;16.9997003;51.0924397;residental;0.0;0.0
3232;17.1038062;51.0990252;residental;0.0;0.0
3233;17.0201625;51.082066;residental;0.0;0.0
3234;16.9451895;51.0987392;residental;0.0;0.0
3235;16.9411168;51.0965041;residental;0.0;0.0
3236;16.975924;51.0940647;residental;0.0;0.0
3237;17.0122105;51.0970059;residental;0.0;0.0
3238;17.0196584;51.0821689;residental;0.0;0.0
3239;17.0193028;51.0804845;residental;0.0;0.0
3240;16.9499591;51.0985711;residental;0.0;0.0
3241;17.0506415;51.0998355;residental;0.0;0.0
3242;17.0369523;51.0840132;residental;0.0;0.0
3243;17.0090028;51.0948248;residental;0.0;0.0
3244;16.9348753;51.088304;residental;0.0;0.0
3245;16.9936922;51.0809468;residental;0.0;0.0
3246;17.0917819;51.0994618;residental;0.0;0.0
3247;16.9826918;51.0932509;residental;0.0;0.0
3248;17.016045;51.081063;residental;0.0;0.0
3249;16.999459;51.092994;residental;0.0;0.0
3250;17.0286972;51.0931446;residental;0.0;0.0
3251;17.0147241;51.0864154;residental;0.0;0.0
3252;16.9418764;51.0961082;residental;0.0;0.0
3253;16.9782269;51.0942112;residental;0.0;0.0
3254;17.0386;51.0999123;residental;0.0;0.0
3255;16.9846465;51.0903215;residental;0.0;0.0
3256;16.9917957;51.0902523;residental;0.0;0.0
3257;16.9846401;51.0948906;residental;0.0;0.0
3258;16.9845878;51.0914262;residental;0.0;0.0
3259;17.0000071;51.098417;residental;0.0;0.0
3260;16.9369839;51.0946025;residental;0.0;0.0
3261;16.9406465;51.0961892;residental;0.0;0.0
3262;16.9561885;51.099676;residental;0.0;0.0
3263;17.0275442;51.096486;residental;0.0;0.0
3264;16.9915692;51.090281;residental;0.0;0.0
3265;16.9498326;51.0986082;residental;0.0;0.0
3266;17.0360269;51.0922026;residental;0.0;0.0
3267;16.9885517;51.0958964;residental;0.0;0.0
3268;16.9643715;51.0835512;residental;0.0;0.0
3269;17.0170641;51.0862885;residental;0.0;0.0
3270;16.989218;51.0948234;residental;0.0;0.0
3271;17.0423175;51.0986398;residental;0.0;0.0
3272;17.0496821;51.0882205;residental;0.0;0.0
3273;17.0060482;51.0812142;residental;0.0;0.0
3274;17.0374285;51.0890691;residental;0.0;0.0
3275;17.0142089;51.0902074;residental;0.0;0.0
3276;16.956826;51.099338;residental;0.0;0.0
3277;17.0092092;51.0973057;residental;0.0;0.0
3278;17.0497636;51.0883597;residental;0.0;0.0
3279;17.0454679;51.0873598;residental;0.0;0.0
3280;17.037511;51.0885758;residental;0.0;0.0
3281;17.1242301;51.0948401;residental;0.0;0.0
3282;17.0526167;51.0994937;residental;0.0;0.0
3283;17.0370978;51.0908334;residental;0.0;0.0
3284;17.0103819;51.09246;residental;0.0;0.0
3285;17.0441037;51.0890684;residental;0.0;0.0
3286;17.1609998;51.0957338;residental;0.0;0.0
3287;17.1011589;51.0992243;residental;0.0;0.0
3288;17.038452;51.0926646;residental;0.0;0.0
3289;17.0231898;51.0991611;residental;0.0;0.0
3290;16.9488495;51.0991669;residental;0.0;0.0
3291;16.958953;51.096025;residental;0.0;0.0
3292;17.0370469;51.0900237;residental;0.0;0.0
3293;17.0055232;51.0866987;residental;0.0;0.0
3294;17.0138038;51.0828887;residental;0.0;0.0
3295;16.992987;51.0949412;residental;0.0;0.0
3296;16.9855984;51.0919945;residental;0.0;0.0
3297;16.9421917;51.0957396;residental;0.0;0.0
3298;17.0014905;51.0816375;residental;0.0;0.0
3299;17.0066452;51.085608;residental;0.0;0.0
3300;17.0103856;51.0816344;residental;0.0;0.0
3301;17.0036517;51.0850861;residental;0.0;0.0
3302;17.0264108;51.0931024;residental;0.0;0.0
3303;17.0413621;51.0878517;residental;0.0;0.0
3304;17.0097624;51.0926932;residental;0.0;0.0
3305;16.960848;51.0954505;residental;0.0;0.0
3306;16.985996;51.0918686;residental;0.0;0.0
3307;17.016908;51.0938012;residental;0.0;0.0
3308;17.0285414;51.0959015;residental;0.0;0.0
3309;17.041616;51.0911444;residental;0.0;0.0
3310;16.993096;51.0951933;residental;0.0;0.0
3311;17.0064623;51.0837576;residental;0.0;0.0
3312;16.9375787;51.094211;residental;0.0;0.0
3313;16.9761253;51.0933936;residental;0.0;0.0
3314;17.0925612;51.0993178;residental;0.0;0.0
3315;16.9987803;51.0981592;residental;0.0;0.0
3316;17.04952;51.1000868;residental;0.0;0.0
3317;17.1022229;51.0990587;residental;0.0;0.0
3318;16.9998219;51.0987399;residental;0.0;0.0
3319;17.0922842;51.0993359;residental;0.0;0.0
3320;16.9855667;51.0946872;residental;0.0;0.0
3321;16.939799;51.0983622;residental;0.0;0.0
3322;17.0506216;51.0974418;residental;0.0;0.0
3323;16.9381472;51.0940641;residental;0.0;0.0
3324;17.0239337;51.0947127;residental;0.0;0.0
3325;17.044153;51.0905214;residental;0.0;0.0
3326;17.0543922;51.0990384;residental;0.0;0.0
3327;16.9841887;51.0952587;residental;0.0;0.0
3328;17.0066987;51.0992211;residental;0.0;0.0
3329;16.9780173;51.0938;residental;0.0;0.0
3330;17.0080963;51.0977811;residental;0.0;0.0
3331;17.0818892;51.0814579;residental;0.0;0.0
3332;16.987311;51.091008;residental;0.0;0.0
3333;17.0187137;51.0898104;residental;0.0;0.0
3334;17.1067165;51.0929565;residental;0.0;0.0
3335;17.0215835;51.0994678;residental;0.0;0.0
3336;16.9845561;51.0953551;residental;0.0;0.0
3337;17.0226008;51.0996344;residental;0.0;0.0
3338;17.0062594;51.0956236;residental;0.0;0.0
3339;16.9377391;51.0946665;residental;0.0;0.0
3340;17.0156778;51.0869379;residental;0.0;0.0
3341;16.9935605;51.0906761;residental;0.0;0.0
3342;17.0276074;51.0922852;residental;0.0;0.0
3343;16.9878493;51.0959634;residental;0.0;0.0
3344;17.0559103;51.0850363;residental;0.0;0.0
3345;17.0005122;51.1001724;residental;0.0;0.0
3346;17.0295607;51.0974927;residental;0.0;0.0
3347;16.9847989;51.0949338;residental;0.0;0.0
3348;17.0556378;51.0973526;residental;0.0;0.0
3349;17.0210983;51.0824253;residental;0.0;0.0
3350;17.0053799;51.098962;residental;0.0;0.0
3351;16.9373624;51.0973806;residental;0.0;0.0
3352;16.9369714;51.0969861;residental;0.0;0.0
3353;16.9810402;51.0928189;residental;0.0;0.0
3354;17.0286366;51.0927812;residental;0.0;0.0
3355;16.9767542;51.0929138;residental;0.0;0.0
3356;17.023746;51.0947676;residental;0.0;0.0
3357;16.9853359;51.0921472;residental;0.0;0.0
3358;17.0134302;51.0986877;residental;0.0;0.0
3359;16.9924759;51.0900557;residental;0.0;0.0
3360;17.0293845;51.0972589;residental;0.0;0.0
3361;16.988367;51.0818885;residental;0.0;0.0
3362;17.0385531;51.0880392;residental;0.0;0.0
3363;17.1037138;51.0998721;residental;0.0;0.0
3364;17.0528055;51.097685;residental;0.0;0.0
3365;16.9412931;51.0952042;residental;0.0;0.0
3366;16.9418772;51.0955287;residental;0.0;0.0
3367;17.0621503;51.0923156;residental;0.0;0.0
3368;17.018242;51.0897975;residental;0.0;0.0
3369;17.0276626;51.0926513;residental;0.0;0.0
3370;16.9898836;51.0947397;residental;0.0;0.0
3371;17.1014963;51.0988693;residental;0.0;0.0
3372;16.9420167;51.0956211;residental;0.0;0.0
3373;17.1088755;51.092038;residental;0.0;0.0
3374;17.0391313;51.088635;residental;0.0;0.0
3375;17.0810361;51.0931054;residental;0.0;0.0
3376;16.9769445;51.0945177;residental;0.0;0.0
3377;17.0091129;51.1000004;residental;0.0;0.0
3378;17.0342939;51.0911763;residental;0.0;0.0
3379;17.0253226;51.0950829;residental;0.0;0.0
3380;16.9366607;51.094447;residental;0.0;0.0
3381;17.0493139;51.0983416;residental;0.0;0.0
3382;17.017163;51.0888667;residental;0.0;0.0
3383;16.9939904;51.0958455;residental;0.0;0.0
3384;16.9900412;51.0905519;residental;0.0;0.0
3385;17.0186032;51.0810277;residental;0.0;0.0
3386;17.1007331;51.099519;residental;0.0;0.0
3387;17.1617242;51.0951901;residental;0.0;0.0
3388;16.9374824;51.0942312;residental;0.0;0.0
3389;17.0365957;51.0862912;residental;0.0;0.0
3390;16.9928635;51.0892945;residental;0.0;0.0
3391;17.0168975;51.081344;residental;0.0;0.0
3392;17.0289332;51.095479;residental;0.0;0.0
3393;17.0036389;51.0935729;residental;0.0;0.0
3394;17.0125915;51.083614;residental;0.0;0.0
3395;17.0163066;51.0801135;residental;0.0;0.0
3396;17.0310447;51.0968581;residental;0.0;0.0
3397;17.0502592;51.0995956;residental;0.0;0.0
3398;17.0364089;51.0862894;residental;0.0;0.0
3399;17.0050011;51.0972713;residental;0.0;0.0
3400;17.107724;51.0926715;residental;0.0;0.0
3401;17.028125;51.0917117;residental;0.0;0.0
3402;17.0133782;51.0997971;residental;0.0;0.0
3403;17.0048477;51.0979433;residental;0.0;0.0
3404;17.0276805;51.0890615;residental;0.0;0.0
3405;17.0052806;51.0962801;residental;0.0;0.0
3406;17.0050173;51.095481;residental;0.0;0.0
3407;17.0385638;51.0898138;residental;0.0;0.0
3408;16.938842;51.0946118;residental;0.0;0.0
3409;17.1551825;51.097866;residental;0.0;0.0
3410;16.9383434;51.0945102;residental;0.0;0.0
3411;17.012042;51.0837782;residental;0.0;0.0
3412;16.9875141;51.0909735;residental;0.0;0.0
3413;16.9516921;51.0987844;residental;0.0;0.0
3414;16.9942804;51.0905024;residental;0.0;0.0
3415;17.0067856;51.0885021;residental;0.0;0.0
3416;17.0490615;51.0987273;residental;0.0;0.0
3417;16.9981605;51.0866925;residental;0.0;0.0
3418;17.0153619;51.0862738;residental;0.0;0.0
3419;17.0505078;51.0971339;residental;0.0;0.0
3420;17.0049737;51.0988513;residental;0.0;0.0
3421;17.0862798;51.081039;residental;0.0;0.0
3422;17.0435273;51.089946;residental;0.0;0.0
3423;17.0380828;51.0928011;residental;0.0;0.0
3424;17.0159327;51.0937885;residental;0.0;0.0
3425;17.0033134;51.0946125;residental;0.0;0.0
3426;17.0241711;51.0915014;residental;0.0;0.0
3427;16.9445684;51.0996419;residental;0.0;0.0
3428;16.9383657;51.0982304;residental;0.0;0.0
3429;17.0365144;51.0927399;residental;0.0;0.0
3430;17.0279272;51.0976935;residental;0.0;0.0
3431;16.9990585;51.0921878;residental;0.0;0.0
3432;16.976005;51.0942843;residental;0.0;0.0
3433;17.0371441;51.0903094;residental;0.0;0.0
3434;17.0075535;51.089641;residental;0.0;0.0
3435;17.0378939;51.0921751;residental;0.0;0.0
3436;16.9623784;51.0842506;residental;0.0;0.0
3437;17.052524;51.096951;residental;0.0;0.0
3438;17.0010756;51.0988205;residental;0.0;0.0
3439;17.0042451;51.0953512;residental;0.0;0.0
3440;16.986084;51.0881305;residental;0.0;0.0
3441;17.0153157;51.0924612;residental;0.0;0.0
3442;16.9413554;51.096306;residental;0.0;0.0
3443;16.9860392;51.0948149;residental;0.0;0.0
3444;17.0401005;51.08994;residental;0.0;0.0
3445;16.9783965;51.0948583;residental;0.0;0.0
3446;16.9764154;51.0941735;residental;0.0;0.0
3447;17.0003358;51.0934216;residental;0.0;0.0
3448;17.0062518;51.0983546;residental;0.0;0.0
3449;17.0201062;51.0872431;residental;0.0;0.0
3450;16.959479;51.0972815;residental;0.0;0.0
3451;17.0382908;51.0914369;residental;0.0;0.0
3452;17.153018;51.099609;residental;0.0;0.0
3453;17.0451623;51.0886602;residental;0.0;0.0
3454;17.0182974;51.0810738;residental;0.0;0.0
3455;17.153506;51.098552;residental;0.0;0.0
3456;17.059097;51.0932213;residental;0.0;0.0
3457;17.008432;51.0848138;residental;0.0;0.0
3458;17.0089959;51.097445;residental;0.0;0.0
3459;17.0175919;51.0839578;residental;0.0;0.0
3460;17.0196092;51.0982011;residental;0.0;0.0
3461;17.0091318;51.0869093;residental;0.0;0.0
3462;16.9865312;51.0954018;residental;0.0;0.0
3463;17.0505533;51.0853556;residental;0.0;0.0
3464;17.1532245;51.099528;residental;0.0;0.0
3465;16.997811;51.0933586;residental;0.0;0.0
3466;17.0433839;51.0887333;residental;0.0;0.0
3467;17.0273472;51.0927348;residental;0.0;0.0
3468;17.0417726;51.0895858;residental;0.0;0.0
3469;17.026379;51.0962967;residental;0.0;0.0
3470;16.9855635;51.0932677;residental;0.0;0.0
3471;17.0432551;51.0908798;residental;0.0;0.0
3472;17.0219028;51.0926523;residental;0.0;0.0
3473;17.0088693;51.0991745;residental;0.0;0.0
3474;17.012925;51.0980951;residental;0.0;0.0
3475;17.0345012;51.0936546;residental;0.0;0.0
3476;16.991939;51.0811402;residental;0.0;0.0
3477;16.9946382;51.0904417;residental;0.0;0.0
3478;17.0470705;51.0997167;residental;0.0;0.0
3479;17.0359864;51.0917693;residental;0.0;0.0
3480;17.0589188;51.0923468;residental;0.0;0.0
3481;17.0180681;51.0895913;residental;0.0;0.0
3482;17.0503013;51.0992213;residental;0.0;0.0
3483;16.9778033;51.0933676;residental;0.0;0.0
3484;16.9492389;51.1002742;residental;0.0;0.0
3485;17.0190128;51.099051;residental;0.0;0.0
3486;17.0146468;51.0844883;residental;0.0;0.0
3487;17.0087398;51.0975116;residental;0.0;0.0
3488;17.020659;51.0870489;residental;0.0;0.0
3489;16.9874685;51.0905;residental;0.0;0.0
3490;17.0056547;51.086891;residental;0.0;0.0
3491;17.0376863;51.0903;residental;0.0;0.0
3492;17.0232211;51.0990154;residental;0.0;0.0
3493;17.0217108;51.0982309;residental;0.0;0.0
3494;17.005686;51.0813333;residental;0.0;0.0
3495;17.0160435;51.0933544;residental;0.0;0.0
3496;16.9988734;51.0979985;residental;0.0;0.0
3497;17.0051776;51.0814849;residental;0.0;0.0
3498;17.0197438;51.0845197;residental;0.0;0.0
3499;17.0157595;51.087148;residental;0.0;0.0
3500;17.037945;51.0858098;residental;0.0;0.0
3501;17.0214588;51.0927853;residental;0.0;0.0
3502;17.0113191;51.0964434;residental;0.0;0.0
3503;16.9978136;51.0935899;residental;0.0;0.0
3504;17.0543528;51.0966752;residental;0.0;0.0
3505;16.938236;51.0947656;residental;0.0;0.0
3506;17.037488;51.0886962;residental;0.0;0.0
3507;17.0264626;51.0945753;residental;0.0;0.0
3508;17.1543305;51.097786;residental;0.0;0.0
3509;17.0433097;51.0915589;residental;0.0;0.0
3510;17.052589;51.0972855;residental;0.0;0.0
3511;17.0412364;51.0933009;residental;0.0;0.0
3512;17.0103664;51.0989716;residental;0.0;0.0
3513;17.052366;51.097884;residental;0.0;0.0
3514;17.0445605;51.0898203;residental;0.0;0.0
3515;16.9855767;51.0956312;residental;0.0;0.0
3516;16.9755998;51.0931865;residental;0.0;0.0
3517;17.0118325;51.0817833;residental;0.0;0.0
3518;17.026841;51.0966946;residental;0.0;0.0
3519;17.012709;51.0980029;residental;0.0;0.0
3520;16.9939179;51.097109;residental;0.0;0.0
3521;17.0182102;51.087905;residental;0.0;0.0
3522;17.0111525;51.0869524;residental;0.0;0.0
3523;17.0051915;51.0857266;residental;0.0;0.0
3524;17.0006636;51.0859828;residental;0.0;0.0
3525;17.0506942;51.0976068;residental;0.0;0.0
3526;16.9531962;51.09818;residental;0.0;0.0
3527;17.0167253;51.0937828;residental;0.0;0.0
3528;17.0093199;51.0834165;residental;0.0;0.0
3529;17.0113225;51.0992048;residental;0.0;0.0
3530;16.982239;51.087773;residental;0.0;0.0
3531;17.070025;51.0970691;residental;0.0;0.0
3532;17.1240747;51.09483;residental;0.0;0.0
3533;17.0080376;51.0833219;residental;0.0;0.0
3534;17.0509019;51.0973611;residental;0.0;0.0
3535;17.0074544;51.0982601;residental;0.0;0.0
3536;16.9994668;51.0918757;residental;0.0;0.0
3537;16.9897354;51.0912717;residental;0.0;0.0
3538;17.0082865;51.094179;residental;0.0;0.0
3539;16.9862025;51.0876625;residental;0.0;0.0
3540;17.0216276;51.0809606;residental;0.0;0.0
3541;16.967189;51.08272;residental;0.0;0.0
3542;17.0115806;51.0948282;residental;0.0;0.0
3543;16.9849573;51.0949764;residental;0.0;0.0
3544;17.0063592;51.0876989;residental;0.0;0.0
3545;16.9989665;51.0836255;residental;0.0;0.0
3546;17.0230953;51.099597;residental;0.0;0.0
3547;16.9760919;51.0945172;residental;0.0;0.0
3548;17.0318966;51.0958593;residental;0.0;0.0
3549;17.1036069;51.0995515;residental;0.0;0.0
3550;16.998775;51.086525;residental;0.0;0.0
3551;16.9843718;51.0914716;residental;0.0;0.0
3552;17.0199997;51.0844926;residental;0.0;0.0
3553;16.9991523;51.092413;residental;0.0;0.0
3554;16.9499734;51.095938;residental;0.0;0.0
3555;17.1031956;51.0985963;residental;0.0;0.0
3556;16.9861964;51.0948575;residental;0.0;0.0
3557;17.0177729;51.088019;residental;0.0;0.0
3558;17.0400899;51.0824803;residental;0.0;0.0
3559;17.008007;51.0994654;residental;0.0;0.0
3560;17.0503782;51.0869238;residental;0.0;0.0
3561;17.0429659;51.0984719;residental;0.0;0.0
3562;17.0220411;51.0826976;residental;0.0;0.0
3563;17.0138199;51.0984411;residental;0.0;0.0
3564;16.9416481;51.0989798;residental;0.0;0.0
3565;17.0361129;51.0932703;residental;0.0;0.0
3566;17.009728;51.083597;residental;0.0;0.0
3567;17.0142008;51.0944729;residental;0.0;0.0
3568;17.0191418;51.098385;residental;0.0;0.0
3569;17.0071657;51.0854036;residental;0.0;0.0
3570;17.007212;51.0891343;residental;0.0;0.0
3571;17.0356072;51.0910777;residental;0.0;0.0
3572;17.0379926;51.088036;residental;0.0;0.0
3573;17.0437195;51.0986162;residental;0.0;0.0
3574;16.940792;51.0951405;residental;0.0;0.0
3575;16.9368919;51.0960809;residental;0.0;0.0
3576;17.0135626;51.0992921;residental;0.0;0.0
3577;17.0182545;51.0824548;residental;0.0;0.0
3578;17.0561106;51.0982484;residental;0.0;0.0
3579;16.9818745;51.0868725;residental;0.0;0.0
3580;16.957115;51.099259;residental;0.0;0.0
3581;17.0931552;51.0992318;residental;0.0;0.0
3582;16.9595515;51.098717;residental;0.0;0.0
3583;17.0263331;51.0930242;residental;0.0;0.0
3584;17.0136533;51.0944195;residental;0.0;0.0
3585;17.0411901;51.0917617;residental;0.0;0.0
3586;16.9949489;51.0904398;residental;0.0;0.0
3587;16.9482789;51.0983053;residental;0.0;0.0
3588;16.9781264;51.0943377;residental;0.0;0.0
3589;17.0135983;51.08822;residental;0.0;0.0
3590;16.9823475;51.0879775;residental;0.0;0.0
3591;17.0051634;51.097375;residental;0.0;0.0
3592;17.0092704;51.085839;residental;0.0;0.0
3593;17.0411139;51.0888034;residental;0.0;0.0
3594;17.0508382;51.0873021;residental;0.0;0.0
3595;16.986297;51.0927814;residental;0.0;0.0
3596;17.0378219;51.0851703;residental;0.0;0.0
3597;17.0464289;51.0899168;residental;0.0;0.0
3598;17.0079306;51.0938572;residental;0.0;0.0
3599;17.0076605;51.0879501;residental;0.0;0.0
3600;17.0156107;51.0917672;residental;0.0;0.0
3601;17.012529;51.0978856;residental;0.0;0.0
3602;16.9853482;51.0920361;residental;0.0;0.0
3603;17.0406349;51.0998359;residental;0.0;0.0
3604;16.975802;51.0937347;residental;0.0;0.0
3605;17.0147684;51.0917417;residental;0.0;0.0
3606;17.0039886;51.0956226;residental;0.0;0.0
3607;16.9395546;51.09419;residental;0.0;0.0
3608;16.9410929;51.0973286;residental;0.0;0.0
3609;16.9408032;51.0973984;residental;0.0;0.0
3610;16.9898109;51.0905904;residental;0.0;0.0
3611;17.0271225;51.096611;residental;0.0;0.0
3612;16.9400675;51.0975693;residental;0.0;0.0
3613;17.0374855;51.0865332;residental;0.0;0.0
3614;16.949798;51.1000166;residental;0.0;0.0
3615;17.0179913;51.0847746;residental;0.0;0.0
3616;17.002598;51.094225;residental;0.0;0.0
3617;16.9365783;51.0972847;residental;0.0;0.0
3618;17.0070384;51.0888781;residental;0.0;0.0
3619;17.0183903;51.0981008;residental;0.0;0.0
3620;17.0557929;51.0987096;residental;0.0;0.0
3621;17.0291387;51.096816;residental;0.0;0.0
3622;17.0429965;51.0921199;residental;0.0;0.0
3623;17.100587;51.0990334;residental;0.0;0.0
3624;17.0348592;51.0808327;residental;0.0;0.0
3625;16.9861847;51.0957909;residental;0.0;0.0
3626;17.0127784;51.0988704;residental;0.0;0.0
3627;16.940228;51.0972831;residental;0.0;0.0
3628;16.99936;51.0935378;residental;0.0;0.0
3629;16.9847403;51.0954046;residental;0.0;0.0
3630;17.0691762;51.097031;residental;0.0;0.0
3631;17.0138701;51.0884545;residental;0.0;0.0
3632;17.0278471;51.0972857;residental;0.0;0.0
3633;16.9930417;51.0950671;residental;0.0;0.0
3634;16.9514082;51.0981462;residental;0.0;0.0
3635;17.0592797;51.0926649;residental;0.0;0.0
3636;17.0052024;51.095583;residental;0.0;0.0
3637;17.107175;51.092021;residental;0.0;0.0
3638;17.021748;51.0926991;residental;0.0;0.0
3639;17.0193624;51.087748;residental;0.0;0.0
3640;16.9487884;51.097931;residental;0.0;0.0
3641;17.0269718;51.0916948;residental;0.0;0.0
3642;17.0199045;51.0816091;residental;0.0;0.0
3643;17.0369571;51.0930529;residental;0.0;0.0
3644;17.1125134;51.0999725;residental;0.0;0.0
3645;17.029268;51.0926082;residental;0.0;0.0
3646;17.0237864;51.090986;residental;0.0;0.0
3647;17.015475;51.0981455;residental;0.0;0.0
3648;17.0030979;51.0826167;residental;0.0;0.0
3649;17.106199;51.093347;residental;0.0;0.0
3650;17.0251423;51.0946181;residental;0.0;0.0
3651;16.9376393;51.0946898;residental;0.0;0.0
3652;16.9486166;51.0996095;residental;0.0;0.0
3653;16.9528628;51.0981994;residental;0.0;0.0
3654;16.9376403;51.0977411;residental;0.0;0.0
3655;17.0093294;51.0999565;residental;0.0;0.0
3656;17.0242989;51.0946042;residental;0.0;0.0
3657;16.9915005;51.0863141;residental;0.0;0.0
3658;17.0520334;51.0871355;residental;0.0;0.0
3659;17.010245;51.0968996;residental;0.0;0.0
3660;16.9781633;51.0940875;residental;0.0;0.0
3661;17.0261911;51.0928121;residental;0.0;0.0
3662;17.0188374;51.0818995;residental;0.0;0.0
3663;16.9767117;51.0945528;residental;0.0;0.0
3664;17.0171334;51.0817867;residental;0.0;0.0
3665;17.0197195;51.0822854;residental;0.0;0.0
3666;17.0090642;51.0924798;residental;0.0;0.0
3667;17.0440797;51.0915822;residental;0.0;0.0
3668;16.986842;51.0883815;residental;0.0;0.0
3669;17.0034079;51.0845708;residental;0.0;0.0
3670;16.9409693;51.0971032;residental;0.0;0.0
3671;17.0438251;51.0899585;residental;0.0;0.0
3672;17.0265306;51.0946651;residental;0.0;0.0
3673;16.9858818;51.0947723;residental;0.0;0.0
3674;17.0261206;51.0927078;residental;0.0;0.0
3675;16.96154;51.0839046;residental;0.0;0.0
3676;17.0041857;51.0976352;residental;0.0;0.0
3677;17.044064;51.0881224;residental;0.0;0.0
3678;16.9825925;51.0886875;residental;0.0;0.0
3679;16.9829035;51.08837;residental;0.0;0.0
3680;17.0207049;51.0843738;residental;0.0;0.0
3681;16.9999839;51.0837407;residental;0.0;0.0
3682;17.0173705;51.0935582;residental;0.0;0.0
3683;17.0127382;51.0943326;residental;0.0;0.0
3684;17.0417766;51.0935864;residental;0.0;0.0
3685;17.0168408;51.0918451;residental;0.0;0.0
3686;16.9975356;51.0926833;residental;0.0;0.0
3687;17.0162309;51.0926306;residental;0.0;0.0
3688;16.9415429;51.0953087;residental;0.0;0.0
3689;16.9895286;51.0913065;residental;0.0;0.0
3690;17.054125;51.0972195;residental;0.0;0.0
3691;17.005455;51.0831304;residental;0.0;0.0
3692;17.0072061;51.0863579;residental;0.0;0.0
3693;17.0045768;51.0817096;residental;0.0;0.0
3694;17.0175435;51.0880656;residental;0.0;0.0
3695;17.0398133;51.0921637;residental;0.0;0.0
3696;17.0171874;51.0935391;residental;0.0;0.0
3697;17.0417463;51.0897475;residental;0.0;0.0
3698;17.04525;51.0883159;residental;0.0;0.0
3699;17.0045172;51.0963079;residental;0.0;0.0
3700;17.0377973;51.0880308;residental;0.0;0.0
3701;17.0049506;51.0959948;residental;0.0;0.0
3702;17.0381674;51.0912492;residental;0.0;0.0
3703;16.967216;51.081949;residental;0.0;0.0
3704;17.0044155;51.0830406;residental;0.0;0.0
3705;17.0086935;51.099733;residental;0.0;0.0
3706;17.0294855;51.092929;residental;0.0;0.0
3707;17.0374105;51.0891911;residental;0.0;0.0
3708;16.9989756;51.0939585;residental;0.0;0.0
3709;16.999514;51.0919888;residental;0.0;0.0
3710;17.0434234;51.0912856;residental;0.0;0.0
3711;17.0050541;51.0978379;residental;0.0;0.0
3712;16.9486642;51.0968589;residental;0.0;0.0
3713;17.0383437;51.086324;residental;0.0;0.0
3714;17.0532255;51.098063;residental;0.0;0.0
3715;16.9372866;51.0947795;residental;0.0;0.0
3716;17.053771;51.0978285;residental;0.0;0.0
3717;16.9762516;51.0922753;residental;0.0;0.0
3718;17.012006;51.0942628;residental;0.0;0.0
3719;17.0042993;51.0813519;residental;0.0;0.0
3720;17.0016455;51.0852324;residental;0.0;0.0
3721;17.0447021;51.0895608;residental;0.0;0.0
3722;17.039351;51.0801833;residental;0.0;0.0
3723;16.941639;51.093722;residental;0.0;0.0
3724;17.007905;51.0987056;residental;0.0;0.0
3725;17.0129216;51.0943491;residental;0.0;0.0
3726;16.959135;51.097466;residental;0.0;0.0
3727;17.1011899;51.0986433;residental;0.0;0.0
3728;17.0114793;51.08134;residental;0.0;0.0
3729;17.0170018;51.0865354;residental;0.0;0.0
3730;17.0071331;51.0861541;residental;0.0;0.0
3731;17.0349107;51.0811851;residental;0.0;0.0
3732;16.9400836;51.0961732;residental;0.0;0.0
3733;17.0094276;51.0831103;residental;0.0;0.0
3734;17.0525587;51.0868371;residental;0.0;0.0
3735;17.0540325;51.0997198;residental;0.0;0.0
3736;17.0511051;51.0984181;residental;0.0;0.0
3737;17.0144351;51.0894187;residental;0.0;0.0
3738;16.9401962;51.0977542;residental;0.0;0.0
3739;16.9859875;51.0879695;residental;0.0;0.0
3740;17.0375445;51.0883309;residental;0.0;0.0
3741;17.0195649;51.0990991;residental;0.0;0.0
3742;17.0599417;51.093115;residental;0.0;0.0
3743;16.9708835;51.0812435;residental;0.0;0.0
3744;17.0088516;51.0863825;residental;0.0;0.0
3745;17.0183165;51.0825715;residental;0.0;0.0
3746;17.0314203;51.0967494;residental;0.0;0.0
3747;17.0267435;51.0935361;residental;0.0;0.0
3748;17.0376383;51.0880398;residental;0.0;0.0
3749;17.0175526;51.093577;residental;0.0;0.0
3750;17.018771;51.0819134;residental;0.0;0.0
3751;17.0361749;51.0910198;residental;0.0;0.0
3752;16.9977771;51.085826;residental;0.0;0.0
3753;16.9863549;51.0949003;residental;0.0;0.0
3754;17.0060906;51.0955119;residental;0.0;0.0
3755;17.0220396;51.0914139;residental;0.0;0.0
3756;17.0240171;51.0912968;residental;0.0;0.0
3757;16.9864945;51.0911441;residental;0.0;0.0
3758;17.0562699;51.0976944;residental;0.0;0.0
3759;17.0291044;51.0936576;residental;0.0;0.0
3760;17.1621944;51.0980471;residental;0.0;0.0
3761;16.9758426;51.0938448;residental;0.0;0.0
3762;17.0272023;51.0955591;residental;0.0;0.0
3763;16.9648915;51.0835045;residental;0.0;0.0
3764;17.0544332;51.0851579;residental;0.0;0.0
3765;17.0275073;51.095973;residental;0.0;0.0
3766;16.9909749;51.0945866;residental;0.0;0.0
3767;17.0074296;51.0995724;residental;0.0;0.0
3768;17.015631;51.0868308;residental;0.0;0.0
3769;17.0131475;51.0981728;residental;0.0;0.0
3770;16.9592315;51.0978945;residental;0.0;0.0
3771;16.9411803;51.0965511;residental;0.0;0.0
3772;17.037743;51.0915721;residental;0.0;0.0
3773;16.9979936;51.0928351;residental;0.0;0.0
3774;17.0555261;51.0982944;residental;0.0;0.0
3775;16.9503377;51.0984596;residental;0.0;0.0
3776;17.0225089;51.0912754;residental;0.0;0.0
3777;17.0288545;51.0931018;residental;0.0;0.0
3778;17.0348986;51.0810083;residental;0.0;0.0
3779;17.0230326;51.0998873;residental;0.0;0.0
3780;17.0381822;51.0880384;residental;0.0;0.0
3781;17.0536106;51.0986175;residental;0.0;0.0
3782;17.0685249;51.0970019;residental;0.0;0.0
3783;17.0452383;51.0882797;residental;0.0;0.0
3784;17.1547885;51.097938;residental;0.0;0.0
3785;17.0361005;51.091409;residental;0.0;0.0
3786;17.017851;51.0989513;residental;0.0;0.0
3787;17.0510388;51.0982834;residental;0.0;0.0
3788;17.0053428;51.0865132;residental;0.0;0.0
3789;17.0193941;51.0806551;residental;0.0;0.0
3790;17.1006992;51.0993014;residental;0.0;0.0
3791;16.939858;51.0978746;residental;0.0;0.0
3792;17.0216482;51.0985232;residental;0.0;0.0
3793;17.0280624;51.0925443;residental;0.0;0.0
3794;17.0503029;51.0880099;residental;0.0;0.0
3795;16.9539587;51.0971272;residental;0.0;0.0
3796;17.0121883;51.0811771;residental;0.0;0.0
3797;16.992952;51.0907276;residental;0.0;0.0
3798;16.9411273;51.0939669;residental;0.0;0.0
3799;16.9850933;51.0945591;residental;0.0;0.0
3800;16.9879227;51.0909038;residental;0.0;0.0
3801;16.997847;51.0872395;residental;0.0;0.0
3802;17.0229809;51.091869;residental;0.0;0.0
3803;17.15997;51.095815;residental;0.0;0.0
3804;17.0180672;51.0820166;residental;0.0;0.0
3805;16.9844797;51.094847;residental;0.0;0.0
3806;17.0432479;51.0916714;residental;0.0;0.0
3807;17.0488259;51.0871056;residental;0.0;0.0
3808;17.0287931;51.0927383;residental;0.0;0.0
3809;16.9509012;51.0982946;residental;0.0;0.0
3810;17.0278191;51.0964045;residental;0.0;0.0
3811;17.0456121;51.0993728;residental;0.0;0.0
3812;16.9414155;51.0963491;residental;0.0;0.0
3813;17.0080011;51.0949842;residental;0.0;0.0
3814;16.997904;51.092621;residental;0.0;0.0
3815;17.0055958;51.0984177;residental;0.0;0.0
3816;17.0186144;51.0983288;residental;0.0;0.0
3817;16.986554;51.0906645;residental;0.0;0.0
3818;16.9779472;51.0936566;residental;0.0;0.0
3819;17.0507852;51.0970157;residental;0.0;0.0
3820;16.9837601;51.0915993;residental;0.0;0.0
3821;16.9884936;51.0814781;residental;0.0;0.0
3822;17.0376198;51.092911;residental;0.0;0.0
3823;17.0191967;51.099067;residental;0.0;0.0
3824;16.9639327;51.0837975;residental;0.0;0.0
3825;16.96379;51.084445;residental;0.0;0.0
3826;16.9382437;51.0961917;residental;0.0;0.0
3827;16.9865019;51.0918492;residental;0.0;0.0
3828;16.937903;51.096318;residental;0.0;0.0
3829;17.0059198;51.0873812;residental;0.0;0.0
3830;17.0085313;51.0976374;residental;0.0;0.0
3831;16.9762802;51.092978;residental;0.0;0.0
3832;17.053315;51.097676;residental;0.0;0.0
3833;17.0529103;51.0854811;residental;0.0;0.0
3834;16.9619661;51.0842662;residental;0.0;0.0
3835;16.959635;51.095954;residental;0.0;0.0
3836;16.9778752;51.0935125;residental;0.0;0.0
3837;17.0189829;51.0818858;residental;0.0;0.0
3838;16.9423578;51.0987916;residental;0.0;0.0
3839;17.100798;51.0997109;residental;0.0;0.0
3840;17.1301215;51.094589;residental;0.0;0.0
3841;17.0198811;51.0815649;residental;0.0;0.0
3842;17.0155278;51.0865682;residental;0.0;0.0
3843;17.0154008;51.0859978;residental;0.0;0.0
3844;17.0192471;51.0818172;residental;0.0;0.0
3845;17.0092944;51.0964171;residental;0.0;0.0
3846;17.1608425;51.0961084;residental;0.0;0.0
3847;17.0062396;51.0857854;residental;0.0;0.0
3848;17.041517;51.0916163;residental;0.0;0.0
3849;16.986705;51.088045;residental;0.0;0.0
3850;17.0357248;51.091463;residental;0.0;0.0
3851;17.0091428;51.0867751;residental;0.0;0.0
3852;17.0579683;51.0941229;residental;0.0;0.0
3853;17.028362;51.0956602;residental;0.0;0.0
3854;17.153325;51.0994795;residental;0.0;0.0
3855;17.0234099;51.0905913;residental;0.0;0.0
3856;17.0488105;51.0982795;residental;0.0;0.0
3857;17.0659753;51.0968539;residental;0.0;0.0
3858;17.0487095;51.099472;residental;0.0;0.0
3859;17.1132293;51.1000279;residental;0.0;0.0
3860;16.9371979;51.0943027;residental;0.0;0.0
3861;17.0259329;51.0925521;residental;0.0;0.0
3862;17.1037054;51.0998019;residental;0.0;0.0
3863;17.0050447;51.0860476;residental;0.0;0.0
3864;16.9509843;51.0956599;residental;0.0;0.0
3865;17.0427402;51.0912982;residental;0.0;0.0
3866;17.0017779;51.0993352;residental;0.0;0.0
3867;17.1034431;51.0992147;residental;0.0;0.0
3868;16.9881681;51.0947755;residental;0.0;0.0
3869;17.0281305;51.0935515;residental;0.0;0.0
3870;16.9890701;51.0815972;residental;0.0;0.0
3871;16.93924;51.095175;residental;0.0;0.0
3872;17.0068565;51.0875565;residental;0.0;0.0
3873;16.9486105;51.0979402;residental;0.0;0.0
3874;16.9983911;51.0936619;residental;0.0;0.0
3875;16.9415267;51.0971761;residental;0.0;0.0
3876;16.9927845;51.0963585;residental;0.0;0.0
3877;17.0150077;51.0992042;residental;0.0;0.0
3878;17.0202999;51.0973491;residental;0.0;0.0
3879;17.030775;51.0965396;residental;0.0;0.0
3880;17.052177;51.0825055;residental;0.0;0.0
3881;17.0489725;51.0868832;residental;0.0;0.0
3882;16.9924768;51.0952996;residental;0.0;0.0
3883;17.0286428;51.091572;residental;0.0;0.0
3884;17.0497339;51.086244;residental;0.0;0.0
3885;16.9401596;51.09574;residental;0.0;0.0
3886;17.0030592;51.0994777;residental;0.0;0.0
3887;17.0069795;51.0881483;residental;0.0;0.0
3888;17.1605484;51.0964133;residental;0.0;0.0
3889;17.027608;51.0973546;residental;0.0;0.0
3890;17.0097588;51.0985494;residental;0.0;0.0
3891;17.0241476;51.0918548;residental;0.0;0.0
3892;16.9759654;51.0941753;residental;0.0;0.0
3893;17.0198588;51.0815229;residental;0.0;0.0
3894;17.0076989;51.0985282;residental;0.0;0.0
3895;17.0378087;51.0920265;residental;0.0;0.0
3896;17.0101075;51.0842615;residental;0.0;0.0
3897;17.0560526;51.0983826;residental;0.0;0.0
3898;17.0506698;51.0874263;residental;0.0;0.0
3899;17.069707;51.0970545;residental;0.0;0.0
3900;16.9777319;51.0932251;residental;0.0;0.0
3901;17.0165135;51.0849343;residental;0.0;0.0
3902;16.9381772;51.0954735;residental;0.0;0.0
3903;16.940557;51.0964894;residental;0.0;0.0
3904;16.9889173;51.0818379;residental;0.0;0.0
3905;17.0030895;51.0942739;residental;0.0;0.0
3906;17.0120822;51.0979071;residental;0.0;0.0
3907;17.034965;51.0935437;residental;0.0;0.0
3908;17.0215704;51.0906978;residental;0.0;0.0
3909;16.9877071;51.0853307;residental;0.0;0.0
3910;17.0536565;51.09761;residental;0.0;0.0
3911;16.9865035;51.087606;residental;0.0;0.0
3912;17.0407504;51.0999828;residental;0.0;0.0
3913;16.9973962;51.0923507;residental;0.0;0.0
3914;16.9905125;51.0914518;residental;0.0;0.0
3915;17.0058132;51.0872238;residental;0.0;0.0
3916;16.9417465;51.0992733;residental;0.0;0.0
3917;17.0235636;51.0907981;residental;0.0;0.0
3918;16.982842;51.0866963;residental;0.0;0.0
3919;17.052168;51.097498;residental;0.0;0.0
3920;17.0190422;51.0818583;residental;0.0;0.0
3921;17.0236761;51.0801692;residental;0.0;0.0
3922;16.9932685;51.0906743;residental;0.0;0.0
3923;16.9845171;51.0923196;residental;0.0;0.0
3924;17.020335;51.1000978;residental;0.0;0.0
3925;17.1006208;51.0991123;residental;0.0;0.0
3926;17.0444902;51.0899497;residental;0.0;0.0
3927;17.1609147;51.0960748;residental;0.0;0.0
3928;17.0146796;51.0923845;residental;0.0;0.0
3929;17.0536874;51.097107;residental;0.0;0.0
3930;17.0114545;51.0965205;residental;0.0;0.0
3931;16.959405;51.095989;residental;0.0;0.0
3932;17.0446873;51.0887352;residental;0.0;0.0
3933;17.0159755;51.0816353;residental;0.0;0.0
3934;17.0071044;51.0831523;residental;0.0;0.0
3935;17.0193721;51.0806133;residental;0.0;0.0
3936;17.007712;51.0944011;residental;0.0;0.0
3937;17.0523934;51.0869319;residental;0.0;0.0
3938;17.0232526;51.0988706;residental;0.0;0.0
3939;16.9367623;51.0944178;residental;0.0;0.0
3940;17.0546686;51.0851361;residental;0.0;0.0
3941;17.0556723;51.0977798;residental;0.0;0.0
3942;17.0073808;51.0893806;residental;0.0;0.0
3943;17.0312322;51.0968038;residental;0.0;0.0
3944;17.0498614;51.0853782;residental;0.0;0.0
3945;17.0205721;51.0824984;residental;0.0;0.0
3946;17.0140985;51.0810613;residental;0.0;0.0
3947;17.043925;51.0902808;residental;0.0;0.0
3948;17.0457678;51.0905012;residental;0.0;0.0
3949;17.0305452;51.0954011;residental;0.0;0.0
3950;17.0010062;51.0905161;residental;0.0;0.0
3951;16.9879715;51.089914;residental;0.0;0.0
3952;17.008434;51.0989433;residental;0.0;0.0
3953;17.1531885;51.09766;residental;0.0;0.0
3954;17.0481706;51.0995473;residental;0.0;0.0
3955;17.0479654;51.0995801;residental;0.0;0.0
3956;17.0220578;51.092606;residental;0.0;0.0
3957;17.0115656;51.0810734;residental;0.0;0.0
3958;17.0121707;51.0993316;residental;0.0;0.0
3959;17.0198493;51.09049;residental;0.0;0.0
3960;16.9376311;51.0949194;residental;0.0;0.0
3961;16.9416915;51.0954068;residental;0.0;0.0
3962;17.054265;51.0975488;residental;0.0;0.0
3963;17.0379688;51.0908105;residental;0.0;0.0
3964;17.0403181;51.0819496;residental;0.0;0.0
3965;17.0005964;51.0991241;residental;0.0;0.0
3966;17.037742;51.090415;residental;0.0;0.0
3967;16.9408034;51.0959103;residental;0.0;0.0
3968;17.0274323;51.0958709;residental;0.0;0.0
3969;16.999606;51.0933766;residental;0.0;0.0
3970;17.0140448;51.0923103;residental;0.0;0.0
3971;17.0540535;51.0988542;residental;0.0;0.0
3972;17.0360556;51.0862858;residental;0.0;0.0
3973;16.9996539;51.0923262;residental;0.0;0.0
3974;16.9979489;51.0927282;residental;0.0;0.0
3975;16.9409742;51.0976291;residental;0.0;0.0
3976;17.0035671;51.0994707;residental;0.0;0.0
3977;17.0186462;51.0990184;residental;0.0;0.0
3978;16.9992325;51.0833275;residental;0.0;0.0
3979;17.0437793;51.0979782;residental;0.0;0.0
3980;16.987071;51.087788;residental;0.0;0.0
3981;17.053448;51.09796;residental;0.0;0.0
3982;17.0115442;51.0949736;residental;0.0;0.0
3983;16.9381058;51.0976091;residental;0.0;0.0
3984;17.0499366;51.0886395;residental;0.0;0.0
3985;17.0373892;51.0929656;residental;0.0;0.0
3986;17.0197528;51.0812105;residental;0.0;0.0
3987;17.021201;51.0998746;residental;0.0;0.0
3988;17.0591417;51.0929172;residental;0.0;0.0
3989;17.0297359;51.0977269;residental;0.0;0.0
3990;17.0091874;51.0932977;residental;0.0;0.0
3991;16.984726;51.087601;residental;0.0;0.0
3992;17.0278069;51.0936385;residental;0.0;0.0
3993;17.0009843;51.098981;residental;0.0;0.0
3994;17.0083588;51.0871259;residental;0.0;0.0
3995;17.0197675;51.0813528;residental;0.0;0.0
3996;17.061849;51.0801776;residental;0.0;0.0
3997;16.9834194;51.0926745;residental;0.0;0.0
3998;16.9375142;51.0963947;residental;0.0;0.0
3999;16.9999149;51.0985784;residental;0.0;0.0
4000;17.1617989;51.09686;residental;0.0;0.0
4001;17.036613;51.0886009;residental;0.0;0.0
4002;17.0197472;51.0991151;residental;0.0;0.0
4003;16.9842605;51.087875;residental;0.0;0.0
4004;17.0463764;51.0803783;residental;0.0;0.0
4005;17.0266624;51.0948407;residental;0.0;0.0
4006;17.0517522;51.0985441;residental;0.0;0.0
4007;17.0179927;51.0879634;residental;0.0;0.0
4008;17.0095441;51.0990072;residental;0.0;0.0
4009;16.9862288;51.0926173;residental;0.0;0.0
4010;17.0558062;51.0974918;residental;0.0;0.0
4011;17.0272904;51.0923704;residental;0.0;0.0
4012;16.9377756;51.0941617;residental;0.0;0.0
4013;17.0284348;51.0916278;residental;0.0;0.0
4014;17.0288015;51.0962492;residental;0.0;0.0
4015;16.944423;51.0991802;residental;0.0;0.0
4016;17.0071146;51.0869592;residental;0.0;0.0
4017;17.0134712;51.0881096;residental;0.0;0.0
4018;17.0135436;51.085078;residental;0.0;0.0
4019;17.0867525;51.0804416;residental;0.0;0.0
4020;17.0124238;51.0988987;residental;0.0;0.0
4021;17.027356;51.0957686;residental;0.0;0.0
4022;16.9396566;51.0977096;residental;0.0;0.0
4023;17.0258975;51.0924997;residental;0.0;0.0
4024;17.0189326;51.0876906;residental;0.0;0.0
4025;16.9981675;51.0863745;residental;0.0;0.0
4026;16.9860619;51.0952748;residental;0.0;0.0
4027;17.0857983;51.0825088;residental;0.0;0.0
4028;17.0016543;51.0936368;residental;0.0;0.0
4029;16.9869011;51.0910778;residental;0.0;0.0
4030;17.0265268;51.0967877;residental;0.0;0.0
4031;17.0166765;51.087694;residental;0.0;0.0
4032;16.9923628;51.0932835;residental;0.0;0.0
4033;17.1608164;51.0955824;residental;0.0;0.0
4034;17.0173435;51.088348;residental;0.0;0.0
4035;17.156382;51.098855;residental;0.0;0.0
4036;16.998191;51.0980495;residental;0.0;0.0
4037;17.0060882;51.0834779;residental;0.0;0.0
4038;16.9918986;51.0944165;residental;0.0;0.0
4039;17.0172177;51.0805026;residental;0.0;0.0
4040;17.0230642;51.0997433;residental;0.0;0.0
4041;17.0538981;51.0987487;residental;0.0;0.0
4042;16.9879843;51.0948058;residental;0.0;0.0
4043;17.0118222;51.0990654;residental;0.0;0.0
4044;17.0244827;51.0945511;residental;0.0;0.0
4045;17.0140193;51.0944555;residental;0.0;0.0
4046;16.9859845;51.0957381;residental;0.0;0.0
4047;17.0582318;51.0936042;residental;0.0;0.0
4048;17.0221953;51.0913673;residental;0.0;0.0
4049;17.0417408;51.0878462;residental;0.0;0.0
4050;17.0045802;51.0980841;residental;0.0;0.0
4051;17.018694;51.0805846;residental;0.0;0.0
4052;16.9995609;51.0921012;residental;0.0;0.0
4053;17.0066959;51.0883705;residental;0.0;0.0
4054;16.9911606;51.0945559;residental;0.0;0.0
4055;16.9558875;51.0996645;residental;0.0;0.0
4056;17.0438644;51.0987448;residental;0.0;0.0
4057;17.0291711;51.0930155;residental;0.0;0.0
4058;17.0112613;51.0813982;residental;0.0;0.0
4059;17.0130761;51.0997456;residental;0.0;0.0
4060;17.0257284;51.0962633;residental;0.0;0.0
4061;17.0054471;51.0961619;residental;0.0;0.0
4062;17.0448443;51.0893028;residental;0.0;0.0
4063;17.0186875;51.0905616;residental;0.0;0.0
4064;17.0224262;51.0909063;residental;0.0;0.0
4065;16.9612803;51.0957652;residental;0.0;0.0
4066;17.0486233;51.0874024;residental;0.0;0.0
4067;17.020413;51.0807482;residental;0.0;0.0
4068;17.0526736;51.0987353;residental;0.0;0.0
4069;17.0541621;51.0995889;residental;0.0;0.0
4070;16.9837834;51.0935618;residental;0.0;0.0
4071;17.040902;51.0992081;residental;0.0;0.0
4072;16.9415624;51.097226;residental;0.0;0.0
4073;16.9451173;51.0978016;residental;0.0;0.0
4074;16.9387053;51.0978097;residental;0.0;0.0
4075;16.9407635;51.0962677;residental;0.0;0.0
4076;17.1017511;51.0988547;residental;0.0;0.0
4077;17.0509726;51.0871487;residental;0.0;0.0
4078;17.0183668;51.0820108;residental;0.0;0.0
4079;17.0156912;51.0915227;residental;0.0;0.0
4080;16.987271;51.087493;residental;0.0;0.0
4081;17.0019875;51.0990284;residental;0.0;0.0
4082;16.9381529;51.0960551;residental;0.0;0.0
4083;17.1021235;51.0984709;residental;0.0;0.0
4084;16.9404733;51.0964341;residental;0.0;0.0
4085;17.0647205;51.0967618;residental;0.0;0.0
4086;17.0166858;51.0806068;residental;0.0;0.0
4087;16.9510274;51.0982577;residental;0.0;0.0
4088;16.9926367;51.0956766;residental;0.0;0.0
4089;17.0131032;51.0943664;residental;0.0;0.0
4090;17.0524325;51.098014;residental;0.0;0.0
4091;17.0210632;51.0818108;residental;0.0;0.0
4092;17.0484581;51.0877376;residental;0.0;0.0
4093;16.9945204;51.0806469;residental;0.0;0.0
4094;17.0076382;51.1000083;residental;0.0;0.0
4095;16.9433124;51.0983803;residental;0.0;0.0
4096;16.985767;51.0874265;residental;0.0;0.0
4097;17.0092485;51.0833026;residental;0.0;0.0
4098;17.0673502;51.0969244;residental;0.0;0.0
4099;17.1015005;51.0985971;residental;0.0;0.0
4100;17.0130143;51.0987893;residental;0.0;0.0
4101;17.0653657;51.0968619;residental;0.0;0.0
4102;16.94054;51.0956278;residental;0.0;0.0
4103;16.9908195;51.0911393;residental;0.0;0.0
4104;17.0193495;51.0805701;residental;0.0;0.0
4105;16.9991998;51.0925268;residental;0.0;0.0
4106;17.0109991;51.099192;residental;0.0;0.0
4107;16.9861044;51.092313;residental;0.0;0.0
4108;16.9911921;51.0812904;residental;0.0;0.0
4109;16.9484079;51.0979937;residental;0.0;0.0
4110;17.1624593;51.0958407;residental;0.0;0.0
4111;16.9978155;51.0857091;residental;0.0;0.0
4112;17.0435249;51.088081;residental;0.0;0.0
4113;17.0455144;51.0891732;residental;0.0;0.0
4114;16.9900722;51.0947096;residental;0.0;0.0
4115;16.9932583;51.0955689;residental;0.0;0.0
4116;16.9374662;51.094487;residental;0.0;0.0
4117;17.0443207;51.088138;residental;0.0;0.0
4118;17.0038611;51.0957593;residental;0.0;0.0
4119;17.0123419;51.0871428;residental;0.0;0.0
4120;17.0135005;51.0903674;residental;0.0;0.0
4121;17.0101514;51.081695;residental;0.0;0.0
4122;17.01597;51.0936431;residental;0.0;0.0
4123;17.0377916;51.0905311;residental;0.0;0.0
4124;17.0019583;51.0855599;residental;0.0;0.0
4125;17.02584;51.0949294;residental;0.0;0.0
4126;17.1608441;51.0966845;residental;0.0;0.0
4127;17.0540928;51.0981066;residental;0.0;0.0
4128;17.0174491;51.0836542;residental;0.0;0.0
4129;17.0217731;51.0979399;residental;0.0;0.0
4130;17.0358709;51.0862839;residental;0.0;0.0
4131;16.9408618;51.0969668;residental;0.0;0.0
4132;17.0112888;51.0999356;residental;0.0;0.0
4133;17.0197451;51.081311;residental;0.0;0.0
4134;17.0383857;51.0925531;residental;0.0;0.0
4135;17.0035437;51.0827614;residental;0.0;0.0
4136;17.152919;51.0996645;residental;0.0;0.0
4137;17.0936104;51.0992374;residental;0.0;0.0
4138;17.0220981;51.0999964;residental;0.0;0.0
4139;17.0489454;51.0994397;residental;0.0;0.0
4140;17.0225842;51.0821287;residental;0.0;0.0
4141;17.0280605;51.097654;residental;0.0;0.0
4142;17.156576;51.099006;residental;0.0;0.0
4143;17.0049615;51.085792;residental;0.0;0.0
4144;17.034903;51.0810718;residental;0.0;0.0
4145;17.051816;51.0990992;residental;0.0;0.0
4146;16.9367843;51.0975795;residental;0.0;0.0
4147;17.0085558;51.0998015;residental;0.0;0.0
4148;17.0494993;51.0865384;residental;0.0;0.0
4149;16.9413511;51.093855;residental;0.0;0.0
4150;17.0937304;51.0985298;residental;0.0;0.0
4151;17.0052201;51.0863315;residental;0.0;0.0
4152;17.0132867;51.0943835;residental;0.0;0.0
4153;16.9681165;51.081942;residental;0.0;0.0
4154;17.0099375;51.0994619;residental;0.0;0.0
4155;17.0292183;51.0969231;residental;0.0;0.0
4156;17.0120655;51.0825943;residental;0.0;0.0
4157;17.0114542;51.0942129;residental;0.0;0.0
4158;17.1302555;51.09464;residental;0.0;0.0
4159;17.1554635;51.0979905;residental;0.0;0.0
4160;17.0068744;51.088632;residental;0.0;0.0
4161;17.0180456;51.0989682;residental;0.0;0.0
4162;17.0294725;51.0973757;residental;0.0;0.0
4163;17.0350513;51.0885613;residental;0.0;0.0
4164;16.9373867;51.0947565;residental;0.0;0.0
4165;16.9633885;51.096235;residental;0.0;0.0
4166;16.9852441;51.0912919;residental;0.0;0.0
4167;17.0140598;51.090778;residental;0.0;0.0
4168;16.9634536;51.0840346;residental;0.0;0.0
4169;17.0528931;51.0961023;residental;0.0;0.0
4170;16.9394329;51.0955833;residental;0.0;0.0
4171;17.0090694;51.092716;residental;0.0;0.0
4172;16.9862182;51.0953171;residental;0.0;0.0
4173;16.9925299;51.0954249;residental;0.0;0.0
4174;17.0184257;51.0878378;residental;0.0;0.0
4175;16.9412344;51.096219;residental;0.0;0.0
4176;17.0011478;51.0937215;residental;0.0;0.0
4177;17.0051258;51.0861687;residental;0.0;0.0
4178;17.0138808;51.0902926;residental;0.0;0.0
4179;17.0442999;51.0890696;residental;0.0;0.0
4180;17.010995;51.0818489;residental;0.0;0.0
4181;17.155222;51.0995235;residental;0.0;0.0
4182;16.987169;51.090543;residental;0.0;0.0
4183;17.0214258;51.0808671;residental;0.0;0.0
4184;16.9382461;51.0942813;residental;0.0;0.0
4185;17.0118244;51.096787;residental;0.0;0.0
4186;17.0131351;51.0878605;residental;0.0;0.0
4187;17.0364792;51.0941456;residental;0.0;0.0
4188;17.026973;51.0952536;residental;0.0;0.0
4189;17.0584278;51.0923144;residental;0.0;0.0
4190;17.1626888;51.0955452;residental;0.0;0.0
4191;17.0084398;51.0992915;residental;0.0;0.0
4192;17.1066565;51.093098;residental;0.0;0.0
4193;17.011164;51.0818032;residental;0.0;0.0
4194;17.0089347;51.0996852;residental;0.0;0.0
4195;17.0938443;51.098884;residental;0.0;0.0
4196;17.0122479;51.0989528;residental;0.0;0.0
4197;17.0412435;51.0839248;residental;0.0;0.0
4198;16.9775872;51.0929357;residental;0.0;0.0
4199;16.9861596;51.0924509;residental;0.0;0.0
4200;17.0163576;51.0937457;residental;0.0;0.0
4201;17.0234862;51.0906948;residental;0.0;0.0
4202;16.9913678;51.0909956;residental;0.0;0.0
4203;16.9371043;51.0955232;residental;0.0;0.0
4204;16.9860938;51.0910713;residental;0.0;0.0
4205;16.9863747;51.0953594;residental;0.0;0.0
4206;17.0020411;51.0942134;residental;0.0;0.0
4207;17.0238654;51.0910909;residental;0.0;0.0
4208;16.9949922;51.0806735;residental;0.0;0.0
4209;16.9909232;51.0903893;residental;0.0;0.0
4210;17.0439921;51.0988612;residental;0.0;0.0
4211;17.103343;51.0990331;residental;0.0;0.0
4212;16.949015;51.0986925;residental;0.0;0.0
4213;17.0400111;51.0915233;residental;0.0;0.0
4214;16.9345349;51.0883981;residental;0.0;0.0
4215;16.9405789;51.0970408;residental;0.0;0.0
4216;17.0442219;51.0904129;residental;0.0;0.0
4217;17.0862829;51.0808146;residental;0.0;0.0
4218;17.0066095;51.0876277;residental;0.0;0.0
4219;17.0501363;51.098181;residental;0.0;0.0
4220;17.0072555;51.086431;residental;0.0;0.0
4221;17.0090615;51.0923632;residental;0.0;0.0
4222;16.9487578;51.09813;residental;0.0;0.0
4223;16.9763733;51.0940605;residental;0.0;0.0
4224;17.0943031;51.0997653;residental;0.0;0.0
4225;17.0201975;51.0977821;residental;0.0;0.0
4226;17.0498963;51.087803;residental;0.0;0.0
4227;17.1068665;51.091944;residental;0.0;0.0
4228;17.0169716;51.0866584;residental;0.0;0.0
4229;16.9923706;51.0908767;residental;0.0;0.0
4230;17.0429664;51.0925749;residental;0.0;0.0
4231;17.0491399;51.098882;residental;0.0;0.0
4232;17.0204591;51.0815491;residental;0.0;0.0
4233;17.0221421;51.0893966;residental;0.0;0.0
4234;17.0203687;51.0970573;residental;0.0;0.0
4235;17.0024381;51.0836985;residental;0.0;0.0
4236;16.94486;51.0979464;residental;0.0;0.0
4237;17.0446444;51.0882089;residental;0.0;0.0
4238;16.9937568;51.0967298;residental;0.0;0.0
4239;17.043919;51.0881945;residental;0.0;0.0
4240;16.9980979;51.0982106;residental;0.0;0.0
4241;17.0186341;51.0819411;residental;0.0;0.0
4242;17.15489;51.0992495;residental;0.0;0.0
4243;16.9780918;51.0939422;residental;0.0;0.0
4244;17.0267994;51.0961738;residental;0.0;0.0
4245;16.9876195;51.0891155;residental;0.0;0.0
4246;16.9673205;51.082891;residental;0.0;0.0
4247;16.9934225;51.0959464;residental;0.0;0.0
4248;16.9390085;51.0948401;residental;0.0;0.0
4249;17.011617;51.0946828;residental;0.0;0.0
4250;16.9417372;51.0960158;residental;0.0;0.0
4251;17.052724;51.0975535;residental;0.0;0.0
4252;17.0074905;51.0867166;residental;0.0;0.0
4253;17.0178569;51.0816444;residental;0.0;0.0
4254;16.9504866;51.0957767;residental;0.0;0.0
4255;17.1527165;51.099755;residental;0.0;0.0
4256;17.0262619;51.0929175;residental;0.0;0.0
4257;17.0093321;51.0990808;residental;0.0;0.0
4258;17.0184367;51.0819963;residental;0.0;0.0
4259;16.9976939;51.0930714;residental;0.0;0.0
4260;17.0125558;51.0943146;residental;0.0;0.0
4261;17.108252;51.0940115;residental;0.0;0.0
4262;16.936388;51.0963091;residental;0.0;0.0
4263;17.0197841;51.0811558;residental;0.0;0.0
4264;17.0061716;51.0811674;residental;0.0;0.0
4265;16.936061;51.0959997;residental;0.0;0.0
4266;17.056293;51.0977637;residental;0.0;0.0
4267;17.0121915;51.0942802;residental;0.0;0.0
4268;17.0440598;51.0899896;residental;0.0;0.0
4269;17.0168799;51.0916999;residental;0.0;0.0
4270;17.0089038;51.1000523;residental;0.0;0.0
4271;17.0097572;51.0866412;residental;0.0;0.0
4272;17.0106013;51.0815766;residental;0.0;0.0
4273;17.0356486;51.0933811;residental;0.0;0.0
4274;17.0587341;51.0928053;residental;0.0;0.0
4275;16.94105;51.0960873;residental;0.0;0.0
4276;17.0032277;51.0939707;residental;0.0;0.0
4277;16.9985465;51.0862375;residental;0.0;0.0
4278;16.9396291;51.0976575;residental;0.0;0.0
4279;17.0201933;51.0811537;residental;0.0;0.0
4280;17.0260497;51.0926028;residental;0.0;0.0
4281;16.982863;51.0882795;residental;0.0;0.0
4282;16.9400367;51.0975172;residental;0.0;0.0
4283;17.0155198;51.0979507;residental;0.0;0.0
4284;17.0571561;51.0849319;residental;0.0;0.0
4285;16.997579;51.0927948;residental;0.0;0.0
4286;17.0187198;51.0823591;residental;0.0;0.0
4287;17.0104745;51.092636;residental;0.0;0.0
4288;17.0555865;51.0981156;residental;0.0;0.0
4289;17.0176325;51.0981368;residental;0.0;0.0
4290;16.9379378;51.0951435;residental;0.0;0.0
4291;17.0441751;51.0914638;residental;0.0;0.0
4292;16.9894065;51.0947932;residental;0.0;0.0
4293;17.0521854;51.0992288;residental;0.0;0.0
4294;17.0432966;51.0890197;residental;0.0;0.0
4295;17.0309309;51.0964946;residental;0.0;0.0
4296;17.0148317;51.0865998;residental;0.0;0.0
4297;16.9376798;51.094182;residental;0.0;0.0
4298;17.0449181;51.089168;residental;0.0;0.0
4299;17.0257683;51.0923081;residental;0.0;0.0
4300;17.0086886;51.1001006;residental;0.0;0.0
4301;17.0193803;51.0990832;residental;0.0;0.0
4302;17.1013984;51.0996255;residental;0.0;0.0
4303;17.0018917;51.0936063;residental;0.0;0.0
4304;17.0205179;51.0913056;residental;0.0;0.0
4305;17.0189729;51.09842;residental;0.0;0.0
4306;17.002655;51.0995319;residental;0.0;0.0
4307;17.0144561;51.0915595;residental;0.0;0.0
4308;16.9760838;51.0932828;residental;0.0;0.0
4309;16.9931502;51.0953182;residental;0.0;0.0
4310;17.0175285;51.0927605;residental;0.0;0.0
4311;16.9669848;51.0824528;residental;0.0;0.0
4312;17.0021246;51.0935744;residental;0.0;0.0
4313;16.939471;51.0973387;residental;0.0;0.0
4314;17.0194623;51.080783;residental;0.0;0.0
4315;16.9382465;51.0940439;residental;0.0;0.0
4316;17.0409535;51.092877;residental;0.0;0.0
4317;16.9642335;51.0841781;residental;0.0;0.0
4318;16.9764661;51.0943094;residental;0.0;0.0
4319;16.9776807;51.094405;residental;0.0;0.0
4320;17.1022778;51.0992895;residental;0.0;0.0
4321;17.0216038;51.0927423;residental;0.0;0.0
4322;17.0078725;51.0878858;residental;0.0;0.0
4323;17.014111;51.0920573;residental;0.0;0.0
4324;17.0024201;51.0991312;residental;0.0;0.0
4325;17.0152395;51.0927509;residental;0.0;0.0
4326;16.9916495;51.0909479;residental;0.0;0.0
4327;17.0202317;51.097639;residental;0.0;0.0
4328;16.9367489;51.0946627;residental;0.0;0.0
4329;17.1086215;51.093772;residental;0.0;0.0
4330;17.0193264;51.0805264;residental;0.0;0.0
4331;16.9935353;51.0801948;residental;0.0;0.0
4332;16.9409786;51.095387;residental;0.0;0.0
4333;17.0026495;51.0940826;residental;0.0;0.0
4334;17.0042913;51.0999736;residental;0.0;0.0
4335;16.9762078;51.0936159;residental;0.0;0.0
4336;16.9848073;51.0913814;residental;0.0;0.0
4337;17.0929765;51.0998868;residental;0.0;0.0
4338;17.023745;51.0803308;residental;0.0;0.0
4339;17.0522121;51.0870336;residental;0.0;0.0
4340;17.0241513;51.0956383;residental;0.0;0.0
4341;16.9874475;51.0897815;residental;0.0;0.0
4342;17.0267434;51.0949484;residental;0.0;0.0
4343;16.988346;51.0915016;residental;0.0;0.0
4344;17.0033817;51.099487;residental;0.0;0.0
4345;17.0216796;51.0983772;residental;0.0;0.0
4346;17.0161502;51.0812916;residental;0.0;0.0
4347;16.9933122;51.0956926;residental;0.0;0.0
4348;16.9801981;51.0928372;residental;0.0;0.0
4349;17.0500196;51.0867739;residental;0.0;0.0
4350;16.9386236;51.0971375;residental;0.0;0.0
4351;17.0276466;51.0977764;residental;0.0;0.0
4352;17.0309721;51.0960849;residental;0.0;0.0
4353;16.9461971;51.098503;residental;0.0;0.0
4354;17.0288317;51.0964055;residental;0.0;0.0
4355;17.0566191;51.096918;residental;0.0;0.0
4356;17.0156425;51.0916466;residental;0.0;0.0
4357;17.0222118;51.092559;residental;0.0;0.0
4358;17.0152777;51.0926058;residental;0.0;0.0
4359;17.0120999;51.0969441;residental;0.0;0.0
4360;17.1612563;51.0964232;residental;0.0;0.0
4361;17.0179986;51.0820308;residental;0.0;0.0
4362;16.9762904;51.0938383;residental;0.0;0.0
4363;17.0490051;51.0990578;residental;0.0;0.0
4364;17.1610917;51.0962701;residental;0.0;0.0
4365;17.0930678;51.0986486;residental;0.0;0.0
4366;17.019174;51.0966261;residental;0.0;0.0
4367;16.985276;51.090398;residental;0.0;0.0
4368;17.0270787;51.0960925;residental;0.0;0.0
4369;17.1023252;51.099478;residental;0.0;0.0
4370;17.0425828;51.0989062;residental;0.0;0.0
4371;17.0496683;51.086618;residental;0.0;0.0
4372;16.9443318;51.0999019;residental;0.0;0.0
4373;16.998283;51.0978897;residental;0.0;0.0
4374;16.9899402;51.0912368;residental;0.0;0.0
4375;17.0412585;51.0912438;residental;0.0;0.0
4376;17.0090723;51.0928332;residental;0.0;0.0
4377;16.9369001;51.0943812;residental;0.0;0.0
4378;16.9890973;51.0913797;residental;0.0;0.0
4379;17.0368249;51.0952587;residental;0.0;0.0
4380;16.9925335;51.093053;residental;0.0;0.0
4381;17.0037449;51.08506;residental;0.0;0.0
4382;17.0550396;51.0986466;residental;0.0;0.0
4383;17.0549272;51.0977333;residental;0.0;0.0
4384;16.9912995;51.08885;residental;0.0;0.0
4385;16.9402233;51.0965526;residental;0.0;0.0
4386;16.9412941;51.0968801;residental;0.0;0.0
4387;17.0175032;51.0989188;residental;0.0;0.0
4388;17.1071135;51.0931935;residental;0.0;0.0
4389;16.9859946;51.0920509;residental;0.0;0.0
4390;17.0208612;51.081452;residental;0.0;0.0
4391;16.9943178;51.0958442;residental;0.0;0.0
4392;17.0405752;51.0811326;residental;0.0;0.0
4393;17.0436591;51.0908682;residental;0.0;0.0
4394;16.9624725;51.096307;residental;0.0;0.0
4395;17.1613375;51.0970552;residental;0.0;0.0
4396;17.0422996;51.0914402;residental;0.0;0.0
4397;16.9927961;51.0960546;residental;0.0;0.0
4398;16.9411732;51.096175;residental;0.0;0.0
4399;17.0487943;51.0879118;residental;0.0;0.0
4400;17.0924744;51.0996985;residental;0.0;0.0
4401;17.0933174;51.0997408;residental;0.0;0.0
4402;17.0198358;51.0814809;residental;0.0;0.0
4403;17.1544175;51.098202;residental;0.0;0.0
4404;17.0230106;51.0893484;residental;0.0;0.0
4405;16.9384813;51.0942213;residental;0.0;0.0
4406;16.954997;51.0986705;residental;0.0;0.0
4407;17.1603518;51.0961442;residental;0.0;0.0
4408;17.1136957;51.0992469;residental;0.0;0.0
4409;17.0016126;51.083731;residental;0.0;0.0
4410;17.0075146;51.0997089;residental;0.0;0.0
4411;17.0387296;51.0918839;residental;0.0;0.0
4412;16.9373542;51.0945085;residental;0.0;0.0
4413;16.9485502;51.0992996;residental;0.0;0.0
4414;16.9480766;51.0981047;residental;0.0;0.0
4415;16.9614432;51.0839224;residental;0.0;0.0
4416;16.959163;51.0975715;residental;0.0;0.0
4417;17.0650529;51.0968393;residental;0.0;0.0
4418;17.0284498;51.0957798;residental;0.0;0.0
4419;16.998798;51.0939805;residental;0.0;0.0
4420;17.0116533;51.094537;residental;0.0;0.0
4421;16.99744;51.087358;residental;0.0;0.0
4422;17.0185201;51.0806184;residental;0.0;0.0
4423;17.0102247;51.0986889;residental;0.0;0.0
4424;17.0359155;51.0914355;residental;0.0;0.0
4425;17.0455734;51.0890593;residental;0.0;0.0
4426;17.0468612;51.0997452;residental;0.0;0.0
4427;17.1571785;51.0995425;residental;0.0;0.0
4428;17.0193091;51.0804347;residental;0.0;0.0
4429;17.0550577;51.0850906;residental;0.0;0.0
4430;17.0416771;51.0915461;residental;0.0;0.0
4431;17.0418962;51.0887516;residental;0.0;0.0
4432;17.0164559;51.0818258;residental;0.0;0.0
4433;17.0094085;51.0862679;residental;0.0;0.0
4434;17.0010937;51.0851809;residental;0.0;0.0
4435;17.0440961;51.0886474;residental;0.0;0.0
4436;17.0098549;51.0970591;residental;0.0;0.0
4437;16.9756396;51.0932957;residental;0.0;0.0
4438;16.962701;51.098181;residental;0.0;0.0
4439;17.0525537;51.0983109;residental;0.0;0.0
4440;17.0859925;51.0808585;residental;0.0;0.0
4441;17.0202978;51.0991633;residental;0.0;0.0
4442;17.0157137;51.087043;residental;0.0;0.0
4443;17.0117727;51.0966986;residental;0.0;0.0
4444;16.9497682;51.0960051;residental;0.0;0.0
4445;16.9867353;51.0923808;residental;0.0;0.0
4446;16.9395647;51.0975381;residental;0.0;0.0
4447;16.9864439;51.0931186;residental;0.0;0.0
4448;16.9865671;51.0920067;residental;0.0;0.0
4449;17.0368431;51.089128;residental;0.0;0.0
4450;17.052053;51.0972435;residental;0.0;0.0
4451;17.0113311;51.0817586;residental;0.0;0.0
4452;16.990442;51.0946497;residental;0.0;0.0
4453;17.0377678;51.0896274;residental;0.0;0.0
4454;16.9937826;51.0964576;residental;0.0;0.0
4455;17.019249;51.0823812;residental;0.0;0.0
4456;17.0522345;51.097627;residental;0.0;0.0
4457;17.0196076;51.0820633;residental;0.0;0.0
4458;17.0678901;51.1000357;residental;0.0;0.0
4459;16.957893;51.0980885;residental;0.0;0.0
4460;17.0087319;51.0940514;residental;0.0;0.0
4461;16.9915299;51.0944955;residental;0.0;0.0
4462;16.9647325;51.083152;residental;0.0;0.0
4463;17.0143077;51.0840673;residental;0.0;0.0
4464;17.0013676;51.0816171;residental;0.0;0.0
4465;17.0265977;51.0933281;residental;0.0;0.0
4466;17.0015218;51.0857384;residental;0.0;0.0
4467;17.069535;51.094324;residental;0.0;0.0
4468;17.0534613;51.0983455;residental;0.0;0.0
4469;17.1535825;51.098031;residental;0.0;0.0
4470;16.98416;51.0915155;residental;0.0;0.0
4471;17.1071635;51.0922045;residental;0.0;0.0
4472;16.9394528;51.0958506;residental;0.0;0.0
4473;17.0424808;51.0985966;residental;0.0;0.0
4474;16.9408158;51.0963032;residental;0.0;0.0
4475;17.0881924;51.0801469;residental;0.0;0.0
4476;17.0414411;51.091191;residental;0.0;0.0
4477;17.1024735;51.0986835;residental;0.0;0.0
4478;16.9403147;51.096328;residental;0.0;0.0
4479;17.0279106;51.0936112;residental;0.0;0.0
4480;16.9380911;51.0945771;residental;0.0;0.0
4481;17.0431847;51.091785;residental;0.0;0.0
4482;17.0184278;51.0965542;residental;0.0;0.0
4483;17.0430598;51.0920087;residental;0.0;0.0
4484;17.043517;51.0990961;residental;0.0;0.0
4485;16.9910875;51.088313;residental;0.0;0.0
4486;17.0090668;51.0925974;residental;0.0;0.0
4487;16.9370092;51.0970227;residental;0.0;0.0
4488;17.0552539;51.0985636;residental;0.0;0.0
4489;17.0402167;51.0806326;residental;0.0;0.0
4490;16.9664715;51.0926925;residental;0.0;0.0
4491;17.0035306;51.094677;residental;0.0;0.0
4492;17.0407989;51.0887982;residental;0.0;0.0
4493;17.023593;51.0887203;residental;0.0;0.0
4494;16.9978356;51.0856553;residental;0.0;0.0
4495;17.057584;51.0849541;residental;0.0;0.0
4496;17.0210956;51.0869022;residental;0.0;0.0
4497;17.0439308;51.0923593;residental;0.0;0.0
4498;17.1010148;51.0989488;residental;0.0;0.0
4499;17.0544857;51.0969351;residental;0.0;0.0
4500;17.0218106;51.0816933;residental;0.0;0.0
4501;17.0176411;51.0923243;residental;0.0;0.0
4502;17.0073815;51.0996601;residental;0.0;0.0
4503;16.9372241;51.0974255;residental;0.0;0.0
4504;17.0201096;51.0819619;residental;0.0;0.0
4505;17.0206636;51.0991954;residental;0.0;0.0
4506;16.9341957;51.0884936;residental;0.0;0.0
4507;17.0501996;51.0868495;residental;0.0;0.0
4508;17.058339;51.0928903;residental;0.0;0.0
4509;17.0193606;51.0817403;residental;0.0;0.0
4510;16.9446956;51.0948937;residental;0.0;0.0
4511;17.0396096;51.0879196;residental;0.0;0.0
4512;17.0499652;51.0863554;residental;0.0;0.0
4513;17.0206455;51.0819902;residental;0.0;0.0
4514;16.9528146;51.0972285;residental;0.0;0.0
4515;16.9938363;51.0965829;residental;0.0;0.0
4516;17.0176054;51.0970578;residental;0.0;0.0
4517;16.9483503;51.0984743;residental;0.0;0.0
4518;17.0278203;51.0926081;residental;0.0;0.0
4519;16.9846209;51.0944315;residental;0.0;0.0
4520;17.0181141;51.0993813;residental;0.0;0.0
4521;17.0078324;51.0946905;residental;0.0;0.0
4522;17.0154859;51.0808253;residental;0.0;0.0
4523;17.0095263;51.0801118;residental;0.0;0.0
4524;16.9923706;51.0950461;residental;0.0;0.0
4525;16.9378771;51.0941325;residental;0.0;0.0
4526;17.038436;51.0891413;residental;0.0;0.0
4527;16.9972295;51.0873785;residental;0.0;0.0
4528;17.0265263;51.0932664;residental;0.0;0.0
4529;17.013469;51.0944007;residental;0.0;0.0
4530;17.0053433;51.0977037;residental;0.0;0.0
4531;17.0494258;51.0985636;residental;0.0;0.0
4532;17.0022164;51.0994336;residental;0.0;0.0
4533;17.0005511;51.0860166;residental;0.0;0.0
4534;17.0146416;51.0925292;residental;0.0;0.0
4535;16.9391221;51.0977045;residental;0.0;0.0
4536;16.9629425;51.096254;residental;0.0;0.0
4537;16.9492439;51.0961625;residental;0.0;0.0
4538;17.0168457;51.0871342;residental;0.0;0.0
4539;17.0432567;51.0880614;residental;0.0;0.0
4540;16.949148;51.0984795;residental;0.0;0.0
4541;17.1610605;51.098667;residental;0.0;0.0
4542;16.9414369;51.0970664;residental;0.0;0.0
4543;17.0123293;51.0971335;residental;0.0;0.0
4544;17.0391191;51.0879315;residental;0.0;0.0
4545;17.0507622;51.097742;residental;0.0;0.0
4546;17.0076422;51.0980119;residental;0.0;0.0
4547;17.0115981;51.0816857;residental;0.0;0.0
4548;17.0165418;51.0937642;residental;0.0;0.0
4549;17.0362323;51.0862875;residental;0.0;0.0
4550;16.9503032;51.0958179;residental;0.0;0.0
4551;16.993989;51.0906027;residental;0.0;0.0
4552;16.984937;51.0945169;residental;0.0;0.0
4553;16.9369343;51.0948691;residental;0.0;0.0
4554;17.0030905;51.0945451;residental;0.0;0.0
4555;17.0595773;51.0922707;residental;0.0;0.0
4556;17.0392749;51.0918797;residental;0.0;0.0
4557;16.9884115;51.0816854;residental;0.0;0.0
4558;16.9373784;51.0952552;residental;0.0;0.0
4559;16.9844945;51.0929632;residental;0.0;0.0
4560;16.986307;51.0906845;residental;0.0;0.0
4561;17.0200241;51.0997692;residental;0.0;0.0
4562;17.0045267;51.0936217;residental;0.0;0.0
4563;17.0329656;51.0862874;residental;0.0;0.0
4564;17.0852741;51.0809439;residental;0.0;0.0
4565;17.0585914;51.0936763;residental;0.0;0.0
4566;17.0225734;51.0919875;residental;0.0;0.0
4567;17.0148051;51.0840635;residental;0.0;0.0
4568;16.9856035;51.089796;residental;0.0;0.0
4569;17.0086435;51.0992318;residental;0.0;0.0
4570;16.9386958;51.0944206;residental;0.0;0.0
4571;17.0189861;51.0966079;residental;0.0;0.0
4572;17.031158;51.0960306;residental;0.0;0.0
4573;17.0081973;51.0998115;residental;0.0;0.0
4574;17.0135807;51.0983682;residental;0.0;0.0
4575;17.0184053;51.0929781;residental;0.0;0.0
4576;17.0211119;51.0828392;residental;0.0;0.0
4577;17.0170325;51.0864125;residental;0.0;0.0
4578;16.987969;51.0955104;residental;0.0;0.0
4579;17.160164;51.0954622;residental;0.0;0.0
4580;17.0110315;51.0814587;residental;0.0;0.0
4581;17.0155955;51.0867265;residental;0.0;0.0
4582;16.9407135;51.0965939;residental;0.0;0.0
4583;16.9383426;51.0963261;residental;0.0;0.0
4584;17.0559742;51.098513;residental;0.0;0.0
4585;16.9857821;51.0956851;residental;0.0;0.0
4586;16.961928;51.0840663;residental;0.0;0.0
4587;17.0520451;51.0991079;residental;0.0;0.0
4588;17.0452818;51.0885659;residental;0.0;0.0
4589;16.9926901;51.0958031;residental;0.0;0.0
4590;17.0090756;51.0929495;residental;0.0;0.0
4591;17.153528;51.0993305;residental;0.0;0.0
4592;16.983355;51.0865995;residental;0.0;0.0
4593;16.940657;51.097178;residental;0.0;0.0
4594;17.156856;51.098176;residental;0.0;0.0
4595;17.0258325;51.096389;residental;0.0;0.0
4596;17.0433736;51.0914432;residental;0.0;0.0
4597;17.1542665;51.0986525;residental;0.0;0.0
4598;17.0082884;51.0976945;residental;0.0;0.0
4599;17.037504;51.0913886;residental;0.0;0.0
4600;17.0279173;51.0922009;residental;0.0;0.0
4601;17.0160803;51.09321;residental;0.0;0.0
4602;16.935701;51.0961745;residental;0.0;0.0
4603;17.0103018;51.0988298;residental;0.0;0.0
4604;16.9446548;51.0990901;residental;0.0;0.0
4605;16.9396017;51.095038;residental;0.0;0.0
4606;17.014923;51.0844385;residental;0.0;0.0
4607;17.0215708;51.0827291;residental;0.0;0.0
4608;17.0194164;51.080697;residental;0.0;0.0
4609;17.0369057;51.0908619;residental;0.0;0.0
4610;17.0138513;51.0986178;residental;0.0;0.0
4611;17.108974;51.0926025;residental;0.0;0.0
4612;17.0282349;51.0935231;residental;0.0;0.0
4613;17.0204814;51.0991793;residental;0.0;0.0
4614;16.990381;51.0912132;residental;0.0;0.0
4615;17.0355002;51.0876179;residental;0.0;0.0
4616;17.027675;51.096447;residental;0.0;0.0
4617;17.020803;51.0843457;residental;0.0;0.0
4618;17.1062565;51.0924735;residental;0.0;0.0
4619;17.0504885;51.099925;residental;0.0;0.0
4620;17.1018336;51.0985237;residental;0.0;0.0
4621;17.0304096;51.0962493;residental;0.0;0.0
4622;17.0060235;51.0875362;residental;0.0;0.0
4623;17.0195031;51.0994514;residental;0.0;0.0
4624;16.987188;51.0892035;residental;0.0;0.0
4625;16.9991564;51.0939367;residental;0.0;0.0
4626;16.9511539;51.0982207;residental;0.0;0.0
4627;17.0146029;51.0926742;residental;0.0;0.0
4628;17.0500333;51.0853695;residental;0.0;0.0
4629;16.9566815;51.0967155;residental;0.0;0.0
4630;17.1611834;51.0951896;residental;0.0;0.0
4631;17.0007452;51.0898671;residental;0.0;0.0
4632;17.0183578;51.0801978;residental;0.0;0.0
4633;17.0197903;51.0813945;residental;0.0;0.0
4634;16.9764584;51.0929536;residental;0.0;0.0
4635;16.9876844;51.0917495;residental;0.0;0.0
4636;16.9990155;51.0835285;residental;0.0;0.0
4637;17.05863;51.0938029;residental;0.0;0.0
4638;17.0169282;51.0859002;residental;0.0;0.0
4639;16.9402966;51.0958377;residental;0.0;0.0
4640;16.9366242;51.0947014;residental;0.0;0.0
4641;17.0265126;51.096258;residental;0.0;0.0
4642;16.9407869;51.0966437;residental;0.0;0.0
4643;16.9840206;51.0924471;residental;0.0;0.0
4644;17.0306183;51.0965845;residental;0.0;0.0
4645;17.0034443;51.0847565;residental;0.0;0.0
4646;16.9376182;51.0972881;residental;0.0;0.0
4647;17.0274005;51.0965288;residental;0.0;0.0
4648;16.9991529;51.0986315;residental;0.0;0.0
4649;17.0176865;51.0989349;residental;0.0;0.0
4650;17.0046658;51.0926932;residental;0.0;0.0
4651;17.0307502;51.0953425;residental;0.0;0.0
4652;17.0178689;51.0847957;residental;0.0;0.0
4653;17.0049521;51.0965152;residental;0.0;0.0
4654;17.0401486;51.0922166;residental;0.0;0.0
4655;17.0150525;51.0990108;residental;0.0;0.0
4656;17.0216845;51.0908439;residental;0.0;0.0
4657;17.0271773;51.0916393;residental;0.0;0.0
4658;16.9410093;51.0971633;residental;0.0;0.0
4659;17.0119494;51.0822598;residental;0.0;0.0
4660;17.1036243;51.0985838;residental;0.0;0.0
4661;17.0072461;51.0880679;residental;0.0;0.0
4662;16.9754955;51.0916288;residental;0.0;0.0
4663;17.0491182;51.0866532;residental;0.0;0.0
4664;16.9352152;51.0882081;residental;0.0;0.0
4665;17.0296477;51.0976099;residental;0.0;0.0
4666;17.0419677;51.0914981;residental;0.0;0.0
4667;16.9836002;51.0916346;residental;0.0;0.0
4668;17.044581;51.0908035;residental;0.0;0.0
4669;16.9763317;51.0939494;residental;0.0;0.0
4670;16.9932894;51.0972132;residental;0.0;0.0
4671;17.0478938;51.0992599;residental;0.0;0.0
4672;17.0504941;51.0875364;residental;0.0;0.0
4673;17.020228;51.082181;residental;0.0;0.0
4674;16.9378596;51.097673;residental;0.0;0.0
4675;16.9879491;51.0915686;residental;0.0;0.0
4676;17.0268942;51.0951489;residental;0.0;0.0
4677;16.989037;51.0948528;residental;0.0;0.0
4678;16.9410517;51.096461;residental;0.0;0.0
4679;17.1554735;51.0997195;residental;0.0;0.0
4680;17.0410917;51.0922036;residental;0.0;0.0
4681;17.0139689;51.0926003;residental;0.0;0.0
4682;16.940772;51.0973448;residental;0.0;0.0
4683;16.982667;51.088864;residental;0.0;0.0
4684;17.094023;51.0998531;residental;0.0;0.0
4685;16.9507171;51.0988573;residental;0.0;0.0
4686;17.0172343;51.0886887;residental;0.0;0.0
4687;16.985904;51.087715;residental;0.0;0.0
4688;16.9357701;51.0971537;residental;0.0;0.0
4689;17.0075628;51.0983952;residental;0.0;0.0
4690;17.018496;51.0819693;residental;0.0;0.0
4691;16.9931835;51.0969629;residental;0.0;0.0
4692;17.0377467;51.0892258;residental;0.0;0.0
4693;17.0125695;51.0992485;residental;0.0;0.0
4694;17.0290589;51.0967088;residental;0.0;0.0
4695;16.9855237;51.0912302;residental;0.0;0.0
4696;16.998965;51.0919629;residental;0.0;0.0
4697;17.1615025;51.0954876;residental;0.0;0.0
4698;17.0053476;51.0974922;residental;0.0;0.0
4699;17.0193192;51.0818024;residental;0.0;0.0
4700;17.0149074;51.1000601;residental;0.0;0.0
4701;16.95963;51.0982045;residental;0.0;0.0
4702;17.0100491;51.0969794;residental;0.0;0.0
4703;17.0220876;51.0816195;residental;0.0;0.0
4704;17.0168788;51.0870119;residental;0.0;0.0
4705;16.9976441;51.087298;residental;0.0;0.0
4706;16.9866325;51.0921638;residental;0.0;0.0
4707;16.9843726;51.0953069;residental;0.0;0.0
4708;17.092846;51.0996815;residental;0.0;0.0
4709;17.0001375;51.0837596;residental;0.0;0.0
4710;17.020851;51.0912051;residental;0.0;0.0
4711;17.0288974;51.096493;residental;0.0;0.0
4712;17.0341263;51.0928455;residental;0.0;0.0
4713;17.0435051;51.0926232;residental;0.0;0.0
4714;17.0538195;51.096656;residental;0.0;0.0
4715;17.0181361;51.0820027;residental;0.0;0.0
4716;17.0211854;51.0911042;residental;0.0;0.0
4717;17.0542785;51.0965374;residental;0.0;0.0
4718;16.9407441;51.0977517;residental;0.0;0.0
4719;17.0161938;51.0927731;residental;0.0;0.0
4720;17.018273;51.0819742;residental;0.0;0.0
4721;17.0849542;51.0824458;residental;0.0;0.0
4722;17.0314031;51.0963583;residental;0.0;0.0
4723;17.0084381;51.0843398;residental;0.0;0.0
4724;16.9383507;51.098941;residental;0.0;0.0
4725;17.1566775;51.0980075;residental;0.0;0.0
4726;16.9422991;51.0961189;residental;0.0;0.0
4727;17.0009942;51.0837643;residental;0.0;0.0
4728;17.0037365;51.095894;residental;0.0;0.0
4729;17.0096079;51.0865274;residental;0.0;0.0
4730;17.0161292;51.0815155;residental;0.0;0.0
4731;17.0185648;51.081955;residental;0.0;0.0
4732;16.9381213;51.0943202;residental;0.0;0.0
4733;17.0059179;51.0927051;residental;0.0;0.0
4734;16.9385372;51.0953458;residental;0.0;0.0
4735;17.018651;51.0877631;residental;0.0;0.0
4736;17.0371846;51.0904465;residental;0.0;0.0
4737;17.0116161;51.0991463;residental;0.0;0.0
4738;16.9437331;51.099105;residental;0.0;0.0
4739;17.054048;51.0970775;residental;0.0;0.0
4740;17.0409468;51.0912017;residental;0.0;0.0
4741;17.0079176;51.0948385;residental;0.0;0.0
4742;17.0544239;51.0968031;residental;0.0;0.0
4743;17.026655;51.096216;residental;0.0;0.0
4744;17.0031686;51.0941112;residental;0.0;0.0
4745;17.0041168;51.0954849;residental;0.0;0.0
4746;17.0039378;51.0935889;residental;0.0;0.0
4747;16.9395337;51.0974868;residental;0.0;0.0
4748;16.9937282;51.0963318;residental;0.0;0.0
4749;17.0114521;51.0807719;residental;0.0;0.0
4750;17.0427921;51.0887725;residental;0.0;0.0
4751;16.9591755;51.096005;residental;0.0;0.0
4752;17.157806;51.1000585;residental;0.0;0.0
4753;17.0354191;51.0934356;residental;0.0;0.0
4754;16.9456897;51.0952336;residental;0.0;0.0
4755;17.0410736;51.0892051;residental;0.0;0.0
4756;17.0048538;51.097177;residental;0.0;0.0
4757;17.0540503;51.0976902;residental;0.0;0.0
4758;16.9853505;51.090574;residental;0.0;0.0
4759;17.0263891;51.0944777;residental;0.0;0.0
4760;17.0053115;51.0926941;residental;0.0;0.0
4761;17.0219583;51.091042;residental;0.0;0.0
4762;16.9974394;51.0924569;residental;0.0;0.0
4763;17.0430227;51.0924453;residental;0.0;0.0
4764;16.9868505;51.09266;residental;0.0;0.0
4765;17.0079557;51.0993135;residental;0.0;0.0
4766;17.0092253;51.0947611;residental;0.0;0.0
4767;17.1066885;51.0930265;residental;0.0;0.0
4768;17.0028535;51.0992334;residental;0.0;0.0
4769;16.9615133;51.0962099;residental;0.0;0.0
4770;17.043066;51.0908853;residental;0.0;0.0
4771;16.9774173;51.0944456;residental;0.0;0.0
4772;17.0439078;51.0886543;residental;0.0;0.0
4773;16.998727;51.087011;residental;0.0;0.0
4774;17.0218017;51.0910875;residental;0.0;0.0
4775;17.0158943;51.0859319;residental;0.0;0.0
4776;17.0218043;51.0977945;residental;0.0;0.0
4777;16.9974577;51.0981848;residental;0.0;0.0
4778;17.0379765;51.0923218;residental;0.0;0.0
4779;17.0342723;51.0937092;residental;0.0;0.0
4780;16.984331;51.089445;residental;0.0;0.0
4781;17.0090789;51.0930665;residental;0.0;0.0
4782;17.0460787;51.0895485;residental;0.0;0.0
4783;17.0486384;51.0878146;residental;0.0;0.0
4784;17.0194182;51.0909554;residental;0.0;0.0
4785;17.0027679;51.0938119;residental;0.0;0.0
4786;17.0153542;51.0923147;residental;0.0;0.0
4787;16.9500853;51.098534;residental;0.0;0.0
4788;17.091563;51.0995012;residental;0.0;0.0
4789;17.026185;51.0948269;residental;0.0;0.0
4790;16.9996077;51.0922133;residental;0.0;0.0
4791;16.9359454;51.0975572;residental;0.0;0.0
4792;17.0489123;51.0880301;residental;0.0;0.0
4793;17.0928823;51.0992987;residental;0.0;0.0
4794;17.0450675;51.0882439;residental;0.0;0.0
4795;17.0167197;51.0810139;residental;0.0;0.0
4796;17.0501547;51.0988064;residental;0.0;0.0
4797;17.0547823;51.0989683;residental;0.0;0.0
4798;17.0597596;51.0932904;residental;0.0;0.0
4799;17.0541144;51.0962373;residental;0.0;0.0
4800;16.9412616;51.0991523;residental;0.0;0.0
4801;16.998493;51.087076;residental;0.0;0.0
4802;16.9371681;51.0971599;residental;0.0;0.0
4803;17.0172753;51.0809173;residental;0.0;0.0
4804;17.022665;51.0912289;residental;0.0;0.0
4805;17.0117027;51.0966595;residental;0.0;0.0
4806;17.0066804;51.0863873;residental;0.0;0.0
4807;16.9411068;51.0955673;residental;0.0;0.0
4808;16.9426191;51.0962994;residental;0.0;0.0
4809;16.9771498;51.0944863;residental;0.0;0.0
4810;17.0419645;51.0910515;residental;0.0;0.0
4811;16.9982165;51.0940575;residental;0.0;0.0
4812;16.998256;51.0871425;residental;0.0;0.0
4813;17.0221139;51.0909968;residental;0.0;0.0
4814;16.9379912;51.0946001;residental;0.0;0.0
4815;16.982519;51.0885245;residental;0.0;0.0
4816;17.0372455;51.0905866;residental;0.0;0.0
4817;17.0344138;51.100021;residental;0.0;0.0
4818;16.9504653;51.0984221;residental;0.0;0.0
4819;16.959071;51.097303;residental;0.0;0.0
4820;17.0940706;51.0992483;residental;0.0;0.0
4821;17.0680396;51.0969157;residental;0.0;0.0
4822;16.9821865;51.0875945;residental;0.0;0.0
4823;17.0147426;51.0921319;residental;0.0;0.0
4824;16.998145;51.086449;residental;0.0;0.0
4825;17.0071034;51.0874854;residental;0.0;0.0
4826;16.9977972;51.0854418;residental;0.0;0.0
4827;16.9370959;51.0971031;residental;0.0;0.0
4828;17.0018383;51.0941323;residental;0.0;0.0
4829;17.0391289;51.0883297;residental;0.0;0.0
4830;16.9885739;51.0812748;residental;0.0;0.0
4831;17.0086059;51.087055;residental;0.0;0.0
4832;16.9624975;51.0961285;residental;0.0;0.0
4833;17.0037499;51.094743;residental;0.0;0.0
4834;16.9361769;51.0983346;residental;0.0;0.0
4835;17.0081099;51.0871973;residental;0.0;0.0
4836;17.0026417;51.0935418;residental;0.0;0.0
4837;17.0548769;51.0851141;residental;0.0;0.0
4838;17.0305972;51.0961943;residental;0.0;0.0
4839;17.0183676;51.0931233;residental;0.0;0.0
4840;16.9920421;51.0902121;residental;0.0;0.0
4841;17.0404299;51.0951871;residental;0.0;0.0
4842;16.9861448;51.0911799;residental;0.0;0.0
4843;16.9774229;51.0928234;residental;0.0;0.0
4844;17.0081545;51.093793;residental;0.0;0.0
4845;17.0028449;51.0936763;residental;0.0;0.0
4846;16.98693;51.087533;residental;0.0;0.0
4847;17.0061348;51.0856455;residental;0.0;0.0
4848;17.0375645;51.0881849;residental;0.0;0.0
4849;16.982429;51.088348;residental;0.0;0.0
4850;16.9678005;51.0816855;residental;0.0;0.0
4851;16.997811;51.0923964;residental;0.0;0.0
4852;17.0536844;51.0982904;residental;0.0;0.0
4853;16.9372944;51.0942822;residental;0.0;0.0
4854;16.9901449;51.091202;residental;0.0;0.0
4855;17.0071816;51.087047;residental;0.0;0.0
4856;17.0055689;51.0830946;residental;0.0;0.0
4857;17.1020865;51.0987854;residental;0.0;0.0
4858;17.0271257;51.0954566;residental;0.0;0.0
4859;16.9415628;51.0958844;residental;0.0;0.0
4860;17.0141014;51.0913407;residental;0.0;0.0
4861;17.0417542;51.0898448;residental;0.0;0.0
4862;17.15412;51.0985245;residental;0.0;0.0
4863;17.0267617;51.0917502;residental;0.0;0.0
4864;16.9355529;51.0881122;residental;0.0;0.0
4865;17.0495406;51.0987946;residental;0.0;0.0
4866;16.9766736;51.0916067;residental;0.0;0.0
4867;17.1531225;51.0995655;residental;0.0;0.0
4868;16.988851;51.0948827;residental;0.0;0.0
4869;17.0003801;51.0989135;residental;0.0;0.0
4870;17.041552;51.087849;residental;0.0;0.0
4871;17.0424065;51.0935157;residental;0.0;0.0
4872;17.092204;51.0993486;residental;0.0;0.0
4873;17.0060303;51.0855097;residental;0.0;0.0
4874;16.9827385;51.089035;residental;0.0;0.0
4875;17.0019981;51.0993845;residental;0.0;0.0
4876;17.0168001;51.082772;residental;0.0;0.0
4877;17.0666162;51.09688;residental;0.0;0.0
4878;17.0282068;51.0976109;residental;0.0;0.0
4879;17.0409296;51.0923702;residental;0.0;0.0
4880;17.0518662;51.0872289;residental;0.0;0.0
4881;16.9863655;51.0929472;residental;0.0;0.0
4882;17.0437481;51.0907784;residental;0.0;0.0
4883;17.0240938;51.0913987;residental;0.0;0.0
4884;17.051958;51.0971005;residental;0.0;0.0
4885;16.9932678;51.0809536;residental;0.0;0.0
4886;17.0301344;51.0955201;residental;0.0;0.0
4887;16.9371442;51.0965631;residental;0.0;0.0
4888;16.9484948;51.0974575;residental;0.0;0.0
4889;17.0186958;51.1002039;residental;0.0;0.0
4890;17.1131474;51.0990463;residental;0.0;0.0
4891;17.102506;51.09876;residental;0.0;0.0
4892;16.9962631;51.0979713;residental;0.0;0.0
4893;17.0146676;51.0809769;residental;0.0;0.0
4894;16.9863153;51.0911794;residental;0.0;0.0
4895;16.9866703;51.0949851;residental;0.0;0.0
4896;16.9489003;51.0962622;residental;0.0;0.0
4897;16.9851154;51.0950196;residental;0.0;0.0
4898;17.039974;51.087199;residental;0.0;0.0
4899;17.0595411;51.0917758;residental;0.0;0.0
4900;17.1010376;51.0990015;residental;0.0;0.0
4901;17.0013076;51.0852832;residental;0.0;0.0
4902;17.0094459;51.0946973;residental;0.0;0.0
4903;16.9990115;51.0920747;residental;0.0;0.0
4904;16.9354062;51.0971955;residental;0.0;0.0
4905;17.0204025;51.0969128;residental;0.0;0.0
4906;16.9403443;51.0975074;residental;0.0;0.0
4907;16.941476;51.0963924;residental;0.0;0.0
4908;17.004176;51.099102;residental;0.0;0.0
4909;17.0553247;51.0974992;residental;0.0;0.0
4910;17.0193573;51.0966435;residental;0.0;0.0
4911;17.0093209;51.0986989;residental;0.0;0.0
4912;16.987564;51.090008;residental;0.0;0.0
4913;16.9772357;51.0928485;residental;0.0;0.0
4914;17.0930445;51.0988155;residental;0.0;0.0
4915;17.0114782;51.0868768;residental;0.0;0.0
4916;17.0363521;51.0925761;residental;0.0;0.0
4917;16.9594085;51.098534;residental;0.0;0.0
4918;17.0115335;51.0916552;residental;0.0;0.0
4919;17.0092415;51.099627;residental;0.0;0.0
4920;16.9877695;51.090459;residental;0.0;0.0
4921;16.9850439;51.0922729;residental;0.0;0.0
4922;16.9922143;51.0901764;residental;0.0;0.0
4923;17.044631;51.0896911;residental;0.0;0.0
4924;17.0076487;51.0860569;residental;0.0;0.0
4925;17.0545637;51.0970635;residental;0.0;0.0
4926;17.0526475;51.0974215;residental;0.0;0.0
4927;17.0231852;51.0918094;residental;0.0;0.0
4928;17.0112384;51.1027721;residental;0.0;0.0
4929;17.0530429;51.1007058;residental;0.0;0.0
4930;17.0973366;51.1032395;residental;0.0;0.0
4931;16.9496373;51.1025157;residental;0.0;0.0
4932;17.1097558;51.1074043;residental;0.0;0.0
4933;17.1033203;51.1071146;residental;0.0;0.0
4934;17.1002386;51.1086303;residental;0.0;0.0
4935;17.1138166;51.1035735;residental;0.0;0.0
4936;17.1155614;51.1044991;residental;0.0;0.0
4937;17.0949625;51.1079295;residental;0.0;0.0
4938;17.000542;51.1016532;residental;0.0;0.0
4939;17.018689;51.1003994;residental;0.0;0.0
4940;17.0509858;51.1012471;residental;0.0;0.0
4941;16.9515631;51.1016237;residental;0.0;0.0
4942;17.0147188;51.1028957;residental;0.0;0.0
4943;16.9494577;51.1042218;residental;0.0;0.0
4944;16.9598694;51.1096645;residental;0.0;0.0
4945;17.0912689;51.1003295;residental;0.0;0.0
4946;17.1029576;51.1080302;residental;0.0;0.0
4947;16.9481501;51.1027748;residental;0.0;0.0
4948;17.1006129;51.1042774;residental;0.0;0.0
4949;17.0505026;51.1015259;residental;0.0;0.0
4950;17.1072011;51.1098344;residental;0.0;0.0
4951;17.0325979;51.108801;residental;0.0;0.0
4952;17.1011792;51.1086068;residental;0.0;0.0
4953;17.1036991;51.1081319;residental;0.0;0.0
4954;17.0631736;51.1099387;residental;0.0;0.0
4955;17.0310401;51.1079998;residental;0.0;0.0
4956;17.0911281;51.1007877;residental;0.0;0.0
4957;17.1032137;51.1073845;residental;0.0;0.0
4958;17.106174;51.1019449;residental;0.0;0.0
4959;17.1031891;51.101512;residental;0.0;0.0
4960;17.0322035;51.1079194;residental;0.0;0.0
4961;17.0523138;51.1027041;residental;0.0;0.0
4962;16.9479001;51.1039565;residental;0.0;0.0
4963;17.043354;51.1066668;residental;0.0;0.0
4964;17.0937102;51.1042776;residental;0.0;0.0
4965;17.0987353;51.1048695;residental;0.0;0.0
4966;17.0656551;51.1091;residental;0.0;0.0
4967;16.9481487;51.1041908;residental;0.0;0.0
4968;16.949673;51.1030145;residental;0.0;0.0
4969;16.9510903;51.1002366;residental;0.0;0.0
4970;17.0932425;51.100794;residental;0.0;0.0
4971;17.1159453;51.1057202;residental;0.0;0.0
4972;16.949122;51.1045652;residental;0.0;0.0
4973;17.0095036;51.1027354;residental;0.0;0.0
4974;17.1088159;51.1070297;residental;0.0;0.0
4975;16.998532;51.1005198;residental;0.0;0.0
4976;16.9614535;51.107025;residental;0.0;0.0
4977;16.961275;51.1085005;residental;0.0;0.0
4978;17.1014368;51.1078071;residental;0.0;0.0
4979;16.9521289;51.1005491;residental;0.0;0.0
4980;17.0188159;51.102388;residental;0.0;0.0
4981;17.0179576;51.1016218;residental;0.0;0.0
4982;17.0332379;51.1081925;residental;0.0;0.0
4983;17.039752;51.1029379;residental;0.0;0.0
4984;17.0398774;51.1032058;residental;0.0;0.0
4985;17.0986594;51.108126;residental;0.0;0.0
4986;17.0645333;51.1067312;residental;0.0;0.0
4987;17.0514923;51.1012913;residental;0.0;0.0
4988;17.0332426;51.1025843;residental;0.0;0.0
4989;17.147168;51.1048265;residental;0.0;0.0
4990;17.0532089;51.1012297;residental;0.0;0.0
4991;17.1051553;51.1082527;residental;0.0;0.0
4992;17.0184682;51.1028758;residental;0.0;0.0
4993;16.9475464;51.1024963;residental;0.0;0.0
4994;16.9507312;51.1028289;residental;0.0;0.0
4995;17.109136;51.106306;residental;0.0;0.0
4996;17.0168512;51.1028927;residental;0.0;0.0
4997;17.0496395;51.1016135;residental;0.0;0.0
4998;17.0485136;51.1015674;residental;0.0;0.0
4999;17.0466424;51.1016462;residental;0.0;0.0
5000;16.9612235;51.107674;residental;0.0;0.0
5001;17.1033554;51.1032025;residental;0.0;0.0
5002;17.1002936;51.1033436;residental;0.0;0.0
5003;17.0192352;51.1016397;residental;0.0;0.0
5004;17.0336816;51.1097025;residental;0.0;0.0
5005;17.0250645;51.1091324;residental;0.0;0.0
5006;17.0967989;51.1085873;residental;0.0;0.0
5007;17.1033422;51.1070594;residental;0.0;0.0
5008;17.1018374;51.103571;residental;0.0;0.0
5009;16.9481993;51.1031624;residental;0.0;0.0
5010;16.9582372;51.1095458;residental;0.0;0.0
5011;17.1435424;51.1087411;residental;0.0;0.0
5012;17.0681508;51.1081057;residental;0.0;0.0
5013;17.0352775;51.1069499;residental;0.0;0.0
5014;17.0365299;51.1007986;residental;0.0;0.0
5015;17.1008905;51.1038999;residental;0.0;0.0
5016;17.1037837;51.107917;residental;0.0;0.0
5017;17.1046383;51.109599;residental;0.0;0.0
5018;17.1081364;51.1071836;residental;0.0;0.0
5019;17.1553843;51.1019967;residental;0.0;0.0
5020;17.0642667;51.1094446;residental;0.0;0.0
5021;17.099801;51.104112;residental;0.0;0.0
5022;17.1071348;51.1018248;residental;0.0;0.0
5023;17.1046606;51.1085202;residental;0.0;0.0
5024;17.0994757;51.1085323;residental;0.0;0.0
5025;17.0926564;51.1002881;residental;0.0;0.0
5026;17.1091951;51.1044584;residental;0.0;0.0
5027;16.9399152;51.1013336;residental;0.0;0.0
5028;16.9481601;51.1030679;residental;0.0;0.0
5029;17.0350636;51.1010221;residental;0.0;0.0
5030;17.0185283;51.1018529;residental;0.0;0.0
5031;17.1110502;51.101427;residental;0.0;0.0
5032;17.1053694;51.1020719;residental;0.0;0.0
5033;17.0271228;51.1020965;residental;0.0;0.0
5034;17.0493346;51.1034566;residental;0.0;0.0
5035;17.1004194;51.1048026;residental;0.0;0.0
5036;17.1023285;51.107498;residental;0.0;0.0
5037;17.0325507;51.108693;residental;0.0;0.0
5038;17.1028064;51.1098951;residental;0.0;0.0
5039;16.9495783;51.1049417;residental;0.0;0.0
5040;16.9670986;51.1070589;residental;0.0;0.0
5041;17.0977181;51.1065739;residental;0.0;0.0
5042;17.0670035;51.1075465;residental;0.0;0.0
5043;17.0031515;51.1003552;residental;0.0;0.0
5044;17.096239;51.1065435;residental;0.0;0.0
5045;16.9610395;51.1081595;residental;0.0;0.0
5046;17.1050032;51.1037609;residental;0.0;0.0
5047;17.0331269;51.1023007;residental;0.0;0.0
5048;17.0122128;51.1000617;residental;0.0;0.0
5049;17.1054837;51.1038404;residental;0.0;0.0
5050;17.0969828;51.1080298;residental;0.0;0.0
5051;17.1024348;51.107097;residental;0.0;0.0
5052;16.9489714;51.1045906;residental;0.0;0.0
5053;17.0915313;51.1080416;residental;0.0;0.0
5054;17.0912227;51.1002006;residental;0.0;0.0
5055;17.0274858;51.1093855;residental;0.0;0.0
5056;17.007396;51.1007666;residental;0.0;0.0
5057;17.0492187;51.102313;residental;0.0;0.0
5058;17.1443681;51.1079741;residental;0.0;0.0
5059;17.0473459;51.1012967;residental;0.0;0.0
5060;17.0914554;51.1071851;residental;0.0;0.0
5061;17.1029852;51.1008772;residental;0.0;0.0
5062;17.1018538;51.1089796;residental;0.0;0.0
5063;17.0932412;51.1064874;residental;0.0;0.0
5064;17.0989174;51.1065954;residental;0.0;0.0
5065;16.9613845;51.1081905;residental;0.0;0.0
5066;17.1072874;51.1008958;residental;0.0;0.0
5067;17.1054583;51.1044145;residental;0.0;0.0
5068;17.0391099;51.1055451;residental;0.0;0.0
5069;16.9451022;51.1008932;residental;0.0;0.0
5070;17.0174761;51.105802;residental;0.0;0.0
5071;17.1423413;51.1082947;residental;0.0;0.0
5072;16.9540081;51.1012696;residental;0.0;0.0
5073;17.1099221;51.1073112;residental;0.0;0.0
5074;17.0507312;51.10265;residental;0.0;0.0
5075;17.0978249;51.1083205;residental;0.0;0.0
5076;17.0042396;51.1006285;residental;0.0;0.0
5077;17.1040156;51.1073234;residental;0.0;0.0
5078;17.0928891;51.1067307;residental;0.0;0.0
5079;17.0919835;51.104436;residental;0.0;0.0
5080;16.948997;51.1032282;residental;0.0;0.0
5081;17.1006534;51.1073457;residental;0.0;0.0
5082;17.1610475;51.1012455;residental;0.0;0.0
5083;17.0924114;51.1069632;residental;0.0;0.0
5084;17.0110489;51.1031122;residental;0.0;0.0
5085;17.1145129;51.1022876;residental;0.0;0.0
5086;17.1051333;51.1033592;residental;0.0;0.0
5087;16.9510034;51.1025841;residental;0.0;0.0
5088;17.0939515;51.1031639;residental;0.0;0.0
5089;16.9592661;51.1091758;residental;0.0;0.0
5090;17.0334661;51.1006044;residental;0.0;0.0
5091;17.1056773;51.1092625;residental;0.0;0.0
5092;16.9492281;51.1029821;residental;0.0;0.0
5093;17.0395093;51.1060236;residental;0.0;0.0
5094;17.0987772;51.1069885;residental;0.0;0.0
5095;17.0490805;51.101573;residental;0.0;0.0
5096;17.0202953;51.1027852;residental;0.0;0.0
5097;17.1052086;51.1082239;residental;0.0;0.0
5098;16.9421301;51.1021292;residental;0.0;0.0
5099;17.0468172;51.103163;residental;0.0;0.0
5100;17.100184;51.1066192;residental;0.0;0.0
5101;17.1060601;51.1072063;residental;0.0;0.0
5102;17.0972311;51.1032532;residental;0.0;0.0
5103;17.108026;51.1095932;residental;0.0;0.0
5104;17.1075611;51.1065338;residental;0.0;0.0
5105;17.1032712;51.1031055;residental;0.0;0.0
5106;17.0234075;51.1099141;residental;0.0;0.0
5107;17.1011353;51.1087448;residental;0.0;0.0
5108;17.105284;51.1093901;residental;0.0;0.0
5109;17.1072979;51.109808;residental;0.0;0.0
5110;17.0113364;51.1042269;residental;0.0;0.0
5111;17.1078627;51.1093531;residental;0.0;0.0
5112;17.0387236;51.101342;residental;0.0;0.0
5113;17.0982234;51.1070632;residental;0.0;0.0
5114;16.9432906;51.1029249;residental;0.0;0.0
5115;17.1527579;51.1080558;residental;0.0;0.0
5116;17.108478;51.1100502;residental;0.0;0.0
5117;16.9504927;51.1031782;residental;0.0;0.0
5118;17.1023731;51.1098564;residental;0.0;0.0
5119;17.0928922;51.1065903;residental;0.0;0.0
5120;17.0458221;51.1019668;residental;0.0;0.0
5121;17.1166614;51.1049859;residental;0.0;0.0
5122;17.1025832;51.1031611;residental;0.0;0.0
5123;17.0106176;51.107824;residental;0.0;0.0
5124;17.1045594;51.1085755;residental;0.0;0.0
5125;17.1015515;51.1002479;residental;0.0;0.0
5126;17.0520978;51.1028408;residental;0.0;0.0
5127;17.0916029;51.1088836;residental;0.0;0.0
5128;17.1010851;51.1045182;residental;0.0;0.0
5129;17.016107;51.1027612;residental;0.0;0.0
5130;17.1098959;51.1005889;residental;0.0;0.0
5131;17.102807;51.1084099;residental;0.0;0.0
5132;17.1084848;51.1064038;residental;0.0;0.0
5133;17.1057165;51.1096185;residental;0.0;0.0
5134;17.0096646;51.1024273;residental;0.0;0.0
5135;17.105453;51.1037978;residental;0.0;0.0
5136;17.1119762;51.1004419;residental;0.0;0.0
5137;17.0190975;51.1018848;residental;0.0;0.0
5138;17.0318164;51.1024833;residental;0.0;0.0
5139;17.0497089;51.1026409;residental;0.0;0.0
5140;17.0347513;51.1003418;residental;0.0;0.0
5141;17.0948034;51.1040878;residental;0.0;0.0
5142;17.0106543;51.1035629;residental;0.0;0.0
5143;17.0840833;51.1031057;residental;0.0;0.0
5144;17.0013095;51.1012706;residental;0.0;0.0
5145;17.1039112;51.1075953;residental;0.0;0.0
5146;17.0194588;51.1022301;residental;0.0;0.0
5147;17.1014136;51.1009897;residental;0.0;0.0
5148;17.1028933;51.1081928;residental;0.0;0.0
5149;17.100784;51.1096424;residental;0.0;0.0
5150;17.0388827;51.1005617;residental;0.0;0.0
5151;17.0502525;51.100426;residental;0.0;0.0
5152;17.1001496;51.1089041;residental;0.0;0.0
5153;17.0820478;51.1048549;residental;0.0;0.0
5154;17.0915417;51.1081741;residental;0.0;0.0
5155;17.1087438;51.1017649;residental;0.0;0.0
5156;16.9614245;51.1071705;residental;0.0;0.0
5157;17.0092993;51.1020551;residental;0.0;0.0
5158;17.0562144;51.1075237;residental;0.0;0.0
5159;17.1455517;51.1055695;residental;0.0;0.0
5160;17.0470008;51.10146;residental;0.0;0.0
5161;17.0556043;51.1083793;residental;0.0;0.0
5162;17.1052045;51.1088466;residental;0.0;0.0
5163;17.1431349;51.1084142;residental;0.0;0.0
5164;17.050323;51.100856;residental;0.0;0.0
5165;17.0303275;51.1089042;residental;0.0;0.0
5166;16.9549561;51.1085495;residental;0.0;0.0
5167;17.1441714;51.1086652;residental;0.0;0.0
5168;17.0349625;51.1020103;residental;0.0;0.0
5169;17.0953723;51.1073029;residental;0.0;0.0
5170;17.0417665;51.1030272;residental;0.0;0.0
5171;17.036321;51.1085386;residental;0.0;0.0
5172;17.0360159;51.1081552;residental;0.0;0.0
5173;17.1060471;51.1046193;residental;0.0;0.0
5174;17.1010159;51.1042577;residental;0.0;0.0
5175;17.1437559;51.1086173;residental;0.0;0.0
5176;17.0158609;51.1056272;residental;0.0;0.0
5177;17.0982867;51.1069404;residental;0.0;0.0
5178;17.1053631;51.1036754;residental;0.0;0.0
5179;17.0117957;51.1030227;residental;0.0;0.0
5180;16.9491983;51.1028851;residental;0.0;0.0
5181;17.1057103;51.1068828;residental;0.0;0.0
5182;17.1047342;51.1028108;residental;0.0;0.0
5183;17.086169;51.1014754;residental;0.0;0.0
5184;17.003576;51.1004774;residental;0.0;0.0
5185;17.1075361;51.1090132;residental;0.0;0.0
5186;17.0185443;51.1029874;residental;0.0;0.0
5187;17.1058076;51.1078998;residental;0.0;0.0
5188;17.0239272;51.1094506;residental;0.0;0.0
5189;17.1013784;51.1025699;residental;0.0;0.0
5190;17.0209788;51.1001644;residental;0.0;0.0
5191;17.0479291;51.1010085;residental;0.0;0.0
5192;16.9484789;51.1030104;residental;0.0;0.0
5193;17.0964;51.1073558;residental;0.0;0.0
5194;17.0673728;51.1076803;residental;0.0;0.0
5195;17.1003398;51.1036054;residental;0.0;0.0
5196;17.1069271;51.1018264;residental;0.0;0.0
5197;17.158624;51.1003145;residental;0.0;0.0
5198;16.9496094;51.1041955;residental;0.0;0.0
5199;17.0147005;51.1053576;residental;0.0;0.0
5200;17.0954533;51.1071496;residental;0.0;0.0
5201;17.0431793;51.1052871;residental;0.0;0.0
5202;17.0508136;51.102588;residental;0.0;0.0
5203;17.1012185;51.1006026;residental;0.0;0.0
5204;17.0325846;51.1023718;residental;0.0;0.0
5205;17.1035254;51.1033979;residental;0.0;0.0
5206;17.0062436;51.1099118;residental;0.0;0.0
5207;17.1134736;51.1002859;residental;0.0;0.0
5208;17.0496172;51.1020707;residental;0.0;0.0
5209;17.0947129;51.1069945;residental;0.0;0.0
5210;17.1058084;51.1048681;residental;0.0;0.0
5211;17.0430688;51.1051018;residental;0.0;0.0
5212;17.0107552;51.1033948;residental;0.0;0.0
5213;17.0393613;51.1057912;residental;0.0;0.0
5214;16.9490787;51.103417;residental;0.0;0.0
5215;17.1062053;51.107674;residental;0.0;0.0
5216;16.9549683;51.1080709;residental;0.0;0.0
5217;17.1404605;51.1086695;residental;0.0;0.0
5218;17.066289;51.1089936;residental;0.0;0.0
5219;17.0436429;51.1005025;residental;0.0;0.0
5220;17.035196;51.1088501;residental;0.0;0.0
5221;17.1049448;51.1067011;residental;0.0;0.0
5222;17.0963539;51.1075016;residental;0.0;0.0
5223;17.0326126;51.1100554;residental;0.0;0.0
5224;17.0013815;51.101096;residental;0.0;0.0
5225;17.10548;51.1093274;residental;0.0;0.0
5226;17.1014149;51.1010639;residental;0.0;0.0
5227;17.1145591;51.1025319;residental;0.0;0.0
5228;17.1100887;51.1072181;residental;0.0;0.0
5229;17.0394441;51.1026045;residental;0.0;0.0
5230;16.961619;51.1104353;residental;0.0;0.0
5231;17.1000981;51.10484;residental;0.0;0.0
5232;17.1080455;51.1070549;residental;0.0;0.0
5233;17.0911145;51.1031145;residental;0.0;0.0
5234;17.0220413;51.1059807;residental;0.0;0.0
5235;16.9493071;51.1042473;residental;0.0;0.0
5236;17.1087384;51.1079777;residental;0.0;0.0
5237;17.1093536;51.1062741;residental;0.0;0.0
5238;17.0494076;51.1024257;residental;0.0;0.0
5239;17.0970965;51.1069582;residental;0.0;0.0
5240;17.0995228;51.1032776;residental;0.0;0.0
5241;17.1029362;51.1080842;residental;0.0;0.0
5242;16.9480032;51.1027964;residental;0.0;0.0
5243;17.0463351;51.1011274;residental;0.0;0.0
5244;17.0402314;51.1027989;residental;0.0;0.0
5245;17.030182;51.1080711;residental;0.0;0.0
5246;17.1106882;51.1014702;residental;0.0;0.0
5247;17.1035396;51.1085351;residental;0.0;0.0
5248;17.0988605;51.1094132;residental;0.0;0.0
5249;17.0220357;51.1064274;residental;0.0;0.0
5250;16.9620685;51.1064595;residental;0.0;0.0
5251;17.0964399;51.1072292;residental;0.0;0.0
5252;17.1048022;51.1090588;residental;0.0;0.0
5253;17.0514204;51.1021539;residental;0.0;0.0
5254;17.104235;51.1087517;residental;0.0;0.0
5255;17.0396529;51.1021929;residental;0.0;0.0
5256;17.1019194;51.1070168;residental;0.0;0.0
5257;17.036318;51.1070211;residental;0.0;0.0
5258;17.011266;51.1076966;residental;0.0;0.0
5259;17.1051718;51.1034134;residental;0.0;0.0
5260;17.1037649;51.1036737;residental;0.0;0.0
5261;17.1038049;51.1078637;residental;0.0;0.0
5262;17.0319772;51.1082395;residental;0.0;0.0
5263;17.0972858;51.106997;residental;0.0;0.0
5264;17.0009096;51.1005497;residental;0.0;0.0
5265;17.0552003;51.1086888;residental;0.0;0.0
5266;17.1149629;51.105158;residental;0.0;0.0
5267;16.949162;51.1014297;residental;0.0;0.0
5268;17.1054224;51.1037573;residental;0.0;0.0
5269;16.9523129;51.1015137;residental;0.0;0.0
5270;16.9497858;51.1024981;residental;0.0;0.0
5271;16.9562854;51.1086276;residental;0.0;0.0
5272;17.0185224;51.1025303;residental;0.0;0.0
5273;17.1050464;51.1083119;residental;0.0;0.0
5274;17.0668232;51.1088181;residental;0.0;0.0
5275;17.0853187;51.1049326;residental;0.0;0.0
5276;17.0487221;51.101792;residental;0.0;0.0
5277;16.9559311;51.1082828;residental;0.0;0.0
5278;17.152101;51.1027275;residental;0.0;0.0
5279;17.1022397;51.1016913;residental;0.0;0.0
5280;17.1055753;51.1039668;residental;0.0;0.0
5281;17.067669;51.1084932;residental;0.0;0.0
5282;17.0518816;51.10248;residental;0.0;0.0
5283;17.1029788;51.1079766;residental;0.0;0.0
5284;17.106098;51.1010746;residental;0.0;0.0
5285;17.0925116;51.1070874;residental;0.0;0.0
5286;16.9485614;51.1031997;residental;0.0;0.0
5287;17.1057908;51.1042645;residental;0.0;0.0
5288;17.1050138;51.1051254;residental;0.0;0.0
5289;17.0215078;51.1023192;residental;0.0;0.0
5290;16.9512196;51.1022533;residental;0.0;0.0
5291;17.1144648;51.1020413;residental;0.0;0.0
5292;17.1071066;51.1098601;residental;0.0;0.0
5293;17.0519576;51.1082514;residental;0.0;0.0
5294;17.1038554;51.1098171;residental;0.0;0.0
5295;17.0916702;51.1096409;residental;0.0;0.0
5296;17.0517989;51.1018426;residental;0.0;0.0
5297;17.1102471;51.1070862;residental;0.0;0.0
5298;16.9487449;51.1026727;residental;0.0;0.0
5299;16.9502755;51.1027053;residental;0.0;0.0
5300;16.9504729;51.1023739;residental;0.0;0.0
5301;17.1073082;51.1078186;residental;0.0;0.0
5302;17.1122098;51.1060413;residental;0.0;0.0
5303;17.1119544;51.1006393;residental;0.0;0.0
5304;16.9487909;51.1037953;residental;0.0;0.0
5305;17.0915539;51.1083179;residental;0.0;0.0
5306;17.0358004;51.1069646;residental;0.0;0.0
5307;17.0260294;51.1023903;residental;0.0;0.0
5308;17.0037937;51.1005276;residental;0.0;0.0
5309;17.1067594;51.1080666;residental;0.0;0.0
5310;17.0338496;51.1009943;residental;0.0;0.0
5311;17.0866508;51.1014575;residental;0.0;0.0
5312;17.0518692;51.1015653;residental;0.0;0.0
5313;17.0357623;51.1082046;residental;0.0;0.0
5314;17.0979129;51.1031604;residental;0.0;0.0
5315;17.0563401;51.1079905;residental;0.0;0.0
5316;17.0373907;51.1094181;residental;0.0;0.0
5317;17.099759;51.1076587;residental;0.0;0.0
5318;16.9482399;51.1032582;residental;0.0;0.0
5319;17.0863546;51.1016406;residental;0.0;0.0
5320;17.1055436;51.1068049;residental;0.0;0.0
5321;16.9490419;51.104021;residental;0.0;0.0
5322;17.0498655;51.1027488;residental;0.0;0.0
5323;17.1058492;51.1069791;residental;0.0;0.0
5324;17.0105504;51.103743;residental;0.0;0.0
5325;17.1503955;51.10081;residental;0.0;0.0
5326;17.0401706;51.1026247;residental;0.0;0.0
5327;17.0918019;51.1068006;residental;0.0;0.0
5328;17.099987;51.1094081;residental;0.0;0.0
5329;17.1061575;51.1073233;residental;0.0;0.0
5330;17.0972064;51.1073296;residental;0.0;0.0
5331;17.0536925;51.1007611;residental;0.0;0.0
5332;17.1053187;51.1097509;residental;0.0;0.0
5333;16.961502;51.107853;residental;0.0;0.0
5334;17.1129872;51.1003411;residental;0.0;0.0
5335;17.0191659;51.1017625;residental;0.0;0.0
5336;17.101251;51.1084583;residental;0.0;0.0
5337;17.14537;51.1056428;residental;0.0;0.0
5338;17.0077463;51.1003093;residental;0.0;0.0
5339;17.1034085;51.106854;residental;0.0;0.0
5340;17.0176474;51.1025353;residental;0.0;0.0
5341;16.9503939;51.1046004;residental;0.0;0.0
5342;17.1015309;51.1014249;residental;0.0;0.0
5343;17.0553405;51.1085935;residental;0.0;0.0
5344;17.0971208;51.1075998;residental;0.0;0.0
5345;17.0933452;51.1071974;residental;0.0;0.0
5346;17.0481033;51.1009148;residental;0.0;0.0
5347;17.1000222;51.1093007;residental;0.0;0.0
5348;17.1011734;51.1028539;residental;0.0;0.0
5349;17.0517396;51.101474;residental;0.0;0.0
5350;17.0926497;51.1071959;residental;0.0;0.0
5351;16.9494783;51.1049917;residental;0.0;0.0
5352;17.0118599;51.1029073;residental;0.0;0.0
5353;17.1022858;51.107632;residental;0.0;0.0
5354;17.0275701;51.1031213;residental;0.0;0.0
5355;17.0828865;51.1066227;residental;0.0;0.0
5356;17.0497207;51.1033844;residental;0.0;0.0
5357;17.1089913;51.1072932;residental;0.0;0.0
5358;17.0976017;51.1089963;residental;0.0;0.0
5359;17.090883;51.103131;residental;0.0;0.0
5360;17.0488705;51.1009125;residental;0.0;0.0
5361;17.0915903;51.1087396;residental;0.0;0.0
5362;17.0016887;51.1004704;residental;0.0;0.0
5363;17.0468471;51.1015405;residental;0.0;0.0
5364;16.9510838;51.102766;residental;0.0;0.0
5365;16.9674993;51.1071333;residental;0.0;0.0
5366;17.0911785;51.1040215;residental;0.0;0.0
5367;17.1044517;51.1086337;residental;0.0;0.0
5368;16.9482924;51.1007366;residental;0.0;0.0
5369;17.091834;51.1033775;residental;0.0;0.0
5370;17.0366178;51.1010898;residental;0.0;0.0
5371;17.0915777;51.1085952;residental;0.0;0.0
5372;17.107766;51.1065196;residental;0.0;0.0
5373;17.1054234;51.1009961;residental;0.0;0.0
5374;16.9483669;51.1035397;residental;0.0;0.0
5375;17.1084933;51.1075347;residental;0.0;0.0
5376;17.0339637;51.1007907;residental;0.0;0.0
5377;17.100218;51.1095829;residental;0.0;0.0
5378;16.9436306;51.1033003;residental;0.0;0.0
5379;17.100891;51.1066291;residental;0.0;0.0
5380;17.1062633;51.1090669;residental;0.0;0.0
5381;17.1126716;51.1003172;residental;0.0;0.0
5382;17.0358128;51.1088915;residental;0.0;0.0
5383;17.1056745;51.108592;residental;0.0;0.0
5384;17.0233214;51.1095655;residental;0.0;0.0
5385;17.1055896;51.108019;residental;0.0;0.0
5386;16.9437031;51.101205;residental;0.0;0.0
5387;17.1525445;51.100207;residental;0.0;0.0
5388;16.95057;51.1036006;residental;0.0;0.0
5389;16.9486114;51.1032942;residental;0.0;0.0
5390;17.0625753;51.1089874;residental;0.0;0.0
5391;17.1010906;51.1088819;residental;0.0;0.0
5392;17.0397471;51.102546;residental;0.0;0.0
5393;17.030913;51.1087927;residental;0.0;0.0
5394;17.0997937;51.1082443;residental;0.0;0.0
5395;17.1041003;51.1071053;residental;0.0;0.0
5396;17.0558983;51.1081293;residental;0.0;0.0
5397;17.101765;51.1092561;residental;0.0;0.0
5398;17.0398753;51.1030328;residental;0.0;0.0
5399;17.1029981;51.1027797;residental;0.0;0.0
5400;17.0057372;51.1100319;residental;0.0;0.0
5401;17.0150956;51.1054604;residental;0.0;0.0
5402;16.9553632;51.1082464;residental;0.0;0.0
5403;17.1047418;51.1033985;residental;0.0;0.0
5404;17.0095855;51.1025609;residental;0.0;0.0
5405;17.0848544;51.1049401;residental;0.0;0.0
5406;16.9412135;51.1013177;residental;0.0;0.0
5407;17.0916903;51.1001553;residental;0.0;0.0
5408;17.0503955;51.1005255;residental;0.0;0.0
5409;17.0375205;51.1088731;residental;0.0;0.0
5410;17.1046127;51.1085455;residental;0.0;0.0
5411;16.9403758;51.1019342;residental;0.0;0.0
5412;17.0867113;51.101513;residental;0.0;0.0
5413;17.0941087;51.1031487;residental;0.0;0.0
5414;17.03165;51.1086428;residental;0.0;0.0
5415;17.1048991;51.103614;residental;0.0;0.0
5416;17.1016094;51.1072687;residental;0.0;0.0
5417;17.0014602;51.1009326;residental;0.0;0.0
5418;17.0850169;51.1036364;residental;0.0;0.0
5419;17.0275306;51.1029147;residental;0.0;0.0
5420;17.0057822;51.1001736;residental;0.0;0.0
5421;17.09379;51.1080465;residental;0.0;0.0
5422;17.1151994;51.1022415;residental;0.0;0.0
5423;17.1022024;51.1045808;residental;0.0;0.0
5424;17.1028675;51.1015998;residental;0.0;0.0
5425;17.1038898;51.1076489;residental;0.0;0.0
5426;17.1110343;51.1051365;residental;0.0;0.0
5427;17.157958;51.1006155;residental;0.0;0.0
5428;17.1140523;51.1053801;residental;0.0;0.0
5429;17.0411889;51.1034224;residental;0.0;0.0
5430;17.0995199;51.1083951;residental;0.0;0.0
5431;17.0433107;51.1012457;residental;0.0;0.0
5432;16.9672965;51.1070969;residental;0.0;0.0
5433;17.0348646;51.1006392;residental;0.0;0.0
5434;17.049997;51.101452;residental;0.0;0.0
5435;17.0113049;51.1026553;residental;0.0;0.0
5436;17.0496805;51.1004145;residental;0.0;0.0
5437;17.0022761;51.1001591;residental;0.0;0.0
5438;17.1108678;51.1014478;residental;0.0;0.0
5439;17.0516077;51.1013812;residental;0.0;0.0
5440;17.0920961;51.1000944;residental;0.0;0.0
5441;17.0252193;51.1091004;residental;0.0;0.0
5442;17.0169907;51.10265;residental;0.0;0.0
5443;17.0216117;51.1097404;residental;0.0;0.0
5444;17.1041708;51.1069303;residental;0.0;0.0
5445;17.0399673;51.100725;residental;0.0;0.0
5446;17.1119785;51.1048156;residental;0.0;0.0
5447;17.1439927;51.1081517;residental;0.0;0.0
5448;16.9505364;51.1035058;residental;0.0;0.0
5449;17.0190286;51.1020081;residental;0.0;0.0
5450;17.1038506;51.1046291;residental;0.0;0.0
5451;16.9520401;51.1023101;residental;0.0;0.0
5452;17.0151257;51.1029924;residental;0.0;0.0
5453;17.0281328;51.1030469;residental;0.0;0.0
5454;17.0276509;51.1019493;residental;0.0;0.0
5455;17.0333751;51.1002346;residental;0.0;0.0
5456;17.1540975;51.1033295;residental;0.0;0.0
5457;17.038817;51.1026992;residental;0.0;0.0
5458;16.96186;51.10692;residental;0.0;0.0
5459;17.0950079;51.1065206;residental;0.0;0.0
5460;17.1056004;51.1040079;residental;0.0;0.0
5461;17.0482186;51.1013061;residental;0.0;0.0
5462;17.0383978;51.1057926;residental;0.0;0.0
5463;16.9506173;51.1036945;residental;0.0;0.0
5464;17.1023196;51.1011119;residental;0.0;0.0
5465;17.1057693;51.1048149;residental;0.0;0.0
5466;16.9498962;51.1048055;residental;0.0;0.0
5467;16.9601289;51.1099825;residental;0.0;0.0
5468;16.9507708;51.1023233;residental;0.0;0.0
5469;17.0147833;51.1052468;residental;0.0;0.0
5470;17.1046655;51.1091374;residental;0.0;0.0
5471;17.0922085;51.1005625;residental;0.0;0.0
5472;17.0340975;51.1021489;residental;0.0;0.0
5473;17.1001937;51.1087663;residental;0.0;0.0
5474;17.049308;51.1015095;residental;0.0;0.0
5475;16.9571391;51.1092352;residental;0.0;0.0
5476;16.9506428;51.1026407;residental;0.0;0.0
5477;17.0468255;51.1045521;residental;0.0;0.0
5478;16.9491919;51.1025898;residental;0.0;0.0
5479;17.1009151;51.103718;residental;0.0;0.0
5480;17.0501305;51.1003365;residental;0.0;0.0
5481;17.1018075;51.1008057;residental;0.0;0.0
5482;17.0508791;51.1004371;residental;0.0;0.0
5483;17.0301159;51.1089724;residental;0.0;0.0
5484;17.1419769;51.1059944;residental;0.0;0.0
5485;17.109752;51.10497;residental;0.0;0.0
5486;17.0075956;51.1012876;residental;0.0;0.0
5487;16.9495586;51.1044734;residental;0.0;0.0
5488;17.0329874;51.1063862;residental;0.0;0.0
5489;17.1437887;51.1082396;residental;0.0;0.0
5490;16.947045;51.103136;residental;0.0;0.0
5491;17.1006973;51.1072074;residental;0.0;0.0
5492;17.1080647;51.108354;residental;0.0;0.0
5493;17.0979331;51.1080359;residental;0.0;0.0
5494;17.0519701;51.1080912;residental;0.0;0.0
5495;17.0477711;51.1010996;residental;0.0;0.0
5496;17.1068996;51.1082055;residental;0.0;0.0
5497;16.9489011;51.1040478;residental;0.0;0.0
5498;17.1060693;51.1091316;residental;0.0;0.0
5499;17.0980808;51.1075079;residental;0.0;0.0
5500;16.9486004;51.1040981;residental;0.0;0.0
5501;17.095618;51.103659;residental;0.0;0.0
5502;17.1070818;51.100904;residental;0.0;0.0
5503;17.1049955;51.1031688;residental;0.0;0.0
5504;17.1370775;51.1098549;residental;0.0;0.0
5505;17.036713;51.1079502;residental;0.0;0.0
5506;17.0981371;51.108028;residental;0.0;0.0
5507;17.0984733;51.1065871;residental;0.0;0.0
5508;17.101408;51.1031094;residental;0.0;0.0
5509;17.100566;51.1076149;residental;0.0;0.0
5510;17.1099387;51.1066726;residental;0.0;0.0
5511;17.0995912;51.1082473;residental;0.0;0.0
5512;17.1086334;51.1076386;residental;0.0;0.0
5513;17.0094558;51.1010647;residental;0.0;0.0
5514;17.1073953;51.1097824;residental;0.0;0.0
5515;17.0990739;51.1048701;residental;0.0;0.0
5516;17.1548715;51.1034266;residental;0.0;0.0
5517;17.1111184;51.1005015;residental;0.0;0.0
5518;17.0495837;51.103493;residental;0.0;0.0
5519;16.9502513;51.1046482;residental;0.0;0.0
5520;17.0553216;51.1089701;residental;0.0;0.0
5521;17.1527035;51.10051;residental;0.0;0.0
5522;17.0967734;51.1069169;residental;0.0;0.0
5523;16.9471506;51.1030547;residental;0.0;0.0
5524;17.0981899;51.1045956;residental;0.0;0.0
5525;16.9486812;51.1034833;residental;0.0;0.0
5526;17.0986324;51.1046072;residental;0.0;0.0
5527;17.1010017;51.1091581;residental;0.0;0.0
5528;16.961924;51.10676;residental;0.0;0.0
5529;16.944709;51.100215;residental;0.0;0.0
5530;16.9617035;51.1065555;residental;0.0;0.0
5531;17.0994589;51.1043823;residental;0.0;0.0
5532;17.0915194;51.1078968;residental;0.0;0.0
5533;17.1064623;51.1090018;residental;0.0;0.0
5534;17.0371927;51.1094401;residental;0.0;0.0
5535;16.950902;51.1032072;residental;0.0;0.0
5536;17.1075873;51.1019206;residental;0.0;0.0
5537;17.0160575;51.1056634;residental;0.0;0.0
5538;17.0357636;51.1093776;residental;0.0;0.0
5539;17.111965;51.100268;residental;0.0;0.0
5540;17.103085;51.1037425;residental;0.0;0.0
5541;16.961585;51.1077015;residental;0.0;0.0
5542;17.1035829;51.1084254;residental;0.0;0.0
5543;17.1022925;51.1028245;residental;0.0;0.0
5544;16.9489358;51.103769;residental;0.0;0.0
5545;17.0952426;51.10105;residental;0.0;0.0
5546;17.0078929;51.100482;residental;0.0;0.0
5547;17.0104834;51.1002719;residental;0.0;0.0
5548;17.1043066;51.105162;residental;0.0;0.0
5549;17.0190517;51.1033819;residental;0.0;0.0
5550;17.1038686;51.1077024;residental;0.0;0.0
5551;17.0977357;51.1085954;residental;0.0;0.0
5552;17.1053721;51.1081355;residental;0.0;0.0
5553;17.1010464;51.1090196;residental;0.0;0.0
5554;17.0509375;51.102506;residental;0.0;0.0
5555;17.1120849;51.1054323;residental;0.0;0.0
5556;17.1446125;51.103097;residental;0.0;0.0
5557;17.1010088;51.1001141;residental;0.0;0.0
5558;17.1427991;51.1086152;residental;0.0;0.0
5559;17.0418501;51.1017492;residental;0.0;0.0
5560;17.0914402;51.1070106;residental;0.0;0.0
5561;17.1073056;51.1090851;residental;0.0;0.0
5562;17.1056449;51.1079895;residental;0.0;0.0
5563;17.0974677;51.1065691;residental;0.0;0.0
5564;17.0062214;51.100273;residental;0.0;0.0
5565;16.9506069;51.1045067;residental;0.0;0.0
5566;17.0501095;51.1017763;residental;0.0;0.0
5567;17.1029614;51.1007997;residental;0.0;0.0
5568;17.035424;51.1018535;residental;0.0;0.0
5569;17.0911282;51.1009957;residental;0.0;0.0
5570;17.0554997;51.1084595;residental;0.0;0.0
5571;17.0485865;51.1016704;residental;0.0;0.0
5572;17.1052507;51.1035225;residental;0.0;0.0
5573;16.9488627;51.1043396;residental;0.0;0.0
5574;17.103754;51.1045211;residental;0.0;0.0
5575;17.093449;51.10649;residental;0.0;0.0
5576;17.1126327;51.1059137;residental;0.0;0.0
5577;16.9499853;51.1029578;residental;0.0;0.0
5578;17.153867;51.101363;residental;0.0;0.0
5579;16.9501699;51.1024273;residental;0.0;0.0
5580;17.1078543;51.1066539;residental;0.0;0.0
5581;17.1015657;51.1074043;residental;0.0;0.0
5582;17.0341637;51.1060907;residental;0.0;0.0
5583;17.0911835;51.1005312;residental;0.0;0.0
5584;17.1538435;51.10161;residental;0.0;0.0
5585;17.0027685;51.1006439;residental;0.0;0.0
5586;17.108403;51.1081659;residental;0.0;0.0
5587;17.0097726;51.1042725;residental;0.0;0.0
5588;17.0495031;51.1017231;residental;0.0;0.0
5589;17.1082351;51.10826;residental;0.0;0.0
5590;16.9478537;51.1028257;residental;0.0;0.0
5591;17.0184913;51.1061999;residental;0.0;0.0
5592;17.1017219;51.1070035;residental;0.0;0.0
5593;17.0438797;51.1059534;residental;0.0;0.0
5594;17.1059468;51.1044815;residental;0.0;0.0
5595;17.0962895;51.1078085;residental;0.0;0.0
5596;17.1009167;51.1039763;residental;0.0;0.0
5597;17.0357585;51.1018756;residental;0.0;0.0
5598;16.9599067;51.1092384;residental;0.0;0.0
5599;17.049972;51.100236;residental;0.0;0.0
5600;17.1038476;51.1077564;residental;0.0;0.0
5601;16.9478922;51.100947;residental;0.0;0.0
5602;16.961793;51.1070705;residental;0.0;0.0
5603;17.1039333;51.1038691;residental;0.0;0.0
5604;16.9492719;51.1045397;residental;0.0;0.0
5605;17.0988646;51.1070012;residental;0.0;0.0
5606;16.9493468;51.1038371;residental;0.0;0.0
5607;17.09667;51.1088698;residental;0.0;0.0
5608;16.9421741;51.101478;residental;0.0;0.0
5609;16.9500897;51.10411;residental;0.0;0.0
5610;17.1052107;51.103466;residental;0.0;0.0
5611;17.1125567;51.1057059;residental;0.0;0.0
5612;16.9493064;51.1037424;residental;0.0;0.0
5613;17.0413677;51.1019087;residental;0.0;0.0
5614;17.1064329;51.1081859;residental;0.0;0.0
5615;16.957095;51.1099339;residental;0.0;0.0
5616;17.0205832;51.1025067;residental;0.0;0.0
5617;17.0122714;51.1023452;residental;0.0;0.0
5618;17.09076;51.10335;residental;0.0;0.0
5619;17.0280438;51.1028969;residental;0.0;0.0
5620;17.152412;51.100101;residental;0.0;0.0
5621;17.0149254;51.1029414;residental;0.0;0.0
5622;17.106575;51.10811;residental;0.0;0.0
5623;17.1075467;51.1017638;residental;0.0;0.0
5624;17.1010333;51.1026306;residental;0.0;0.0
5625;17.0197919;51.1026328;residental;0.0;0.0
5626;17.1154739;51.1050645;residental;0.0;0.0
5627;16.9620255;51.1066035;residental;0.0;0.0
5628;17.1044406;51.1044603;residental;0.0;0.0
5629;17.109608;51.106276;residental;0.0;0.0
5630;17.1121158;51.105918;residental;0.0;0.0
5631;17.0397271;51.1028359;residental;0.0;0.0
5632;17.1056987;51.1079607;residental;0.0;0.0
5633;17.1022427;51.107058;residental;0.0;0.0
5634;17.0980452;51.1076185;residental;0.0;0.0
5635;16.9483235;51.1034458;residental;0.0;0.0
5636;17.0325485;51.1027205;residental;0.0;0.0
5637;17.1041798;51.1087809;residental;0.0;0.0
5638;17.1079649;51.106922;residental;0.0;0.0
5639;17.1034368;51.1098783;residental;0.0;0.0
5640;17.1036655;51.1044178;residental;0.0;0.0
5641;17.1048606;51.1035606;residental;0.0;0.0
5642;16.9508195;51.1030176;residental;0.0;0.0
5643;16.8949756;51.1081296;residental;0.0;0.0
5644;17.0508875;51.1008695;residental;0.0;0.0
5645;17.0528239;51.1008863;residental;0.0;0.0
5646;16.9503332;51.1028152;residental;0.0;0.0
5647;17.0989686;51.1072033;residental;0.0;0.0
5648;17.0926919;51.1005114;residental;0.0;0.0
5649;17.103;51.1079231;residental;0.0;0.0
5650;17.0981878;51.107174;residental;0.0;0.0
5651;17.0140805;51.102761;residental;0.0;0.0
5652;17.0170618;51.1025261;residental;0.0;0.0
5653;17.05025;51.1025528;residental;0.0;0.0
5654;17.103848;51.1037707;residental;0.0;0.0
5655;17.0915663;51.1084628;residental;0.0;0.0
5656;16.9505535;51.1045298;residental;0.0;0.0
5657;17.0666156;51.1076586;residental;0.0;0.0
5658;17.1033967;51.1067001;residental;0.0;0.0
5659;16.9472467;51.1029471;residental;0.0;0.0
5660;16.9487508;51.1040731;residental;0.0;0.0
5661;17.1044839;51.1030438;residental;0.0;0.0
5662;17.1059867;51.1019745;residental;0.0;0.0
5663;17.0371614;51.1024423;residental;0.0;0.0
5664;17.1138632;51.1051744;residental;0.0;0.0
5665;16.9488899;51.1026332;residental;0.0;0.0
5666;17.0680073;51.1084137;residental;0.0;0.0
5667;16.961234;51.108682;residental;0.0;0.0
5668;17.0351694;51.1018893;residental;0.0;0.0
5669;17.1037416;51.1080243;residental;0.0;0.0
5670;17.0459714;51.100473;residental;0.0;0.0
5671;17.0408742;51.1001059;residental;0.0;0.0
5672;16.947738;51.1039828;residental;0.0;0.0
5673;17.048741;51.1011955;residental;0.0;0.0
5674;17.1114163;51.1050767;residental;0.0;0.0
5675;17.0994473;51.1048451;residental;0.0;0.0
5676;17.1074355;51.1079705;residental;0.0;0.0
5677;17.0277188;51.102205;residental;0.0;0.0
5678;17.0852737;51.1015092;residental;0.0;0.0
5679;17.1010862;51.1002897;residental;0.0;0.0
5680;17.1085616;51.1067888;residental;0.0;0.0
5681;17.0920763;51.1068072;residental;0.0;0.0
5682;16.9499575;51.1028625;residental;0.0;0.0
5683;17.1049438;51.1083676;residental;0.0;0.0
5684;17.09525;51.1085945;residental;0.0;0.0
5685;17.1039747;51.1074342;residental;0.0;0.0
5686;17.0512231;51.1022985;residental;0.0;0.0
5687;17.1040777;51.1071599;residental;0.0;0.0
5688;17.0116674;51.1032512;residental;0.0;0.0
5689;17.0272117;51.1036624;residental;0.0;0.0
5690;16.9483437;51.1038723;residental;0.0;0.0
5691;17.1016456;51.1066426;residental;0.0;0.0
5692;17.0999883;51.1069782;residental;0.0;0.0
5693;17.0135565;51.1079725;residental;0.0;0.0
5694;17.0533824;51.1010671;residental;0.0;0.0
5695;17.0191167;51.1028382;residental;0.0;0.0
5696;17.1065329;51.1100144;residental;0.0;0.0
5697;17.0492224;51.1007314;residental;0.0;0.0
5698;17.1132193;51.1006488;residental;0.0;0.0
5699;17.1086768;51.1016124;residental;0.0;0.0
5700;17.0982187;51.1065828;residental;0.0;0.0
5701;17.1031494;51.1075467;residental;0.0;0.0
5702;17.1101301;51.1069227;residental;0.0;0.0
5703;17.0951935;51.1076225;residental;0.0;0.0
5704;16.9500087;51.1047527;residental;0.0;0.0
5705;17.0944103;51.1094097;residental;0.0;0.0
5706;17.0970039;51.1091655;residental;0.0;0.0
5707;17.1076663;51.1091189;residental;0.0;0.0
5708;17.0939859;51.1081817;residental;0.0;0.0
5709;17.1028423;51.1006012;residental;0.0;0.0
5710;17.1031305;51.1066653;residental;0.0;0.0
5711;17.160164;51.100648;residental;0.0;0.0
5712;17.1100336;51.1067967;residental;0.0;0.0
5713;17.0179848;51.1059999;residental;0.0;0.0
5714;16.9495907;51.102824;residental;0.0;0.0
5715;16.9507767;51.1029247;residental;0.0;0.0
5716;17.0916616;51.1094995;residental;0.0;0.0
5717;17.1060095;51.1084117;residental;0.0;0.0
5718;17.1016154;51.1003957;residental;0.0;0.0
5719;17.0973825;51.1044021;residental;0.0;0.0
5720;17.106664;51.1009653;residental;0.0;0.0
5721;16.9486403;51.1033889;residental;0.0;0.0
5722;17.1045924;51.104638;residental;0.0;0.0
5723;17.0915031;51.1068347;residental;0.0;0.0
5724;17.1026964;51.1002911;residental;0.0;0.0
5725;17.0959852;51.1065388;residental;0.0;0.0
5726;17.0112723;51.104343;residental;0.0;0.0
5727;16.960981;51.1083125;residental;0.0;0.0
5728;17.0463751;51.1047086;residental;0.0;0.0
5729;16.961672;51.1073695;residental;0.0;0.0
5730;17.0462622;51.1009887;residental;0.0;0.0
5731;17.1030396;51.1054594;residental;0.0;0.0
5732;17.0207809;51.102356;residental;0.0;0.0
5733;16.99948;51.1007677;residental;0.0;0.0
5734;16.9496843;51.1048951;residental;0.0;0.0
5735;17.109845;51.1065483;residental;0.0;0.0
5736;17.050009;51.1005855;residental;0.0;0.0
5737;17.1046274;51.1021936;residental;0.0;0.0
5738;17.1016425;51.1033649;residental;0.0;0.0
5739;16.9612255;51.1087605;residental;0.0;0.0
5740;16.9670012;51.1070399;residental;0.0;0.0
5741;17.0627638;51.1099089;residental;0.0;0.0
5742;17.0232804;51.1031567;residental;0.0;0.0
5743;17.0546624;51.1085079;residental;0.0;0.0
5744;17.0152948;51.1054922;residental;0.0;0.0
5745;17.0492079;51.1002724;residental;0.0;0.0
5746;17.1034408;51.1033006;residental;0.0;0.0
5747;17.1042718;51.1042647;residental;0.0;0.0
5748;16.9611015;51.107982;residental;0.0;0.0
5749;17.0923331;51.1068316;residental;0.0;0.0
5750;17.0978039;51.1045996;residental;0.0;0.0
5751;17.1077928;51.1096706;residental;0.0;0.0
5752;17.1089134;51.1078627;residental;0.0;0.0
5753;17.1118483;51.1056569;residental;0.0;0.0
5754;17.0929797;51.1064741;residental;0.0;0.0
5755;17.0272614;51.1096281;residental;0.0;0.0
5756;16.9502437;51.1040871;residental;0.0;0.0
5757;17.0515419;51.1020331;residental;0.0;0.0
5758;16.9511129;51.1028673;residental;0.0;0.0
5759;17.1023939;51.1029412;residental;0.0;0.0
5760;17.1008185;51.103538;residental;0.0;0.0
5761;16.9405209;51.1014413;residental;0.0;0.0
5762;17.1094219;51.1075921;residental;0.0;0.0
5763;17.0470269;51.1044699;residental;0.0;0.0
5764;17.0508266;51.1013385;residental;0.0;0.0
5765;17.034644;51.1012331;residental;0.0;0.0
5766;17.0489455;51.101434;residental;0.0;0.0
5767;17.0076883;51.100161;residental;0.0;0.0
5768;17.0499369;51.1023143;residental;0.0;0.0
5769;17.0460413;51.1006029;residental;0.0;0.0
5770;17.0991712;51.1066041;residental;0.0;0.0
5771;16.9445445;51.1000782;residental;0.0;0.0
5772;17.0489259;51.1020737;residental;0.0;0.0
5773;17.1001615;51.1036341;residental;0.0;0.0
5774;17.1058744;51.1091965;residental;0.0;0.0
5775;17.1063567;51.1075706;residental;0.0;0.0
5776;17.1015246;51.1032367;residental;0.0;0.0
5777;17.112726;51.1060364;residental;0.0;0.0
5778;17.0916142;51.1090168;residental;0.0;0.0
5779;17.0015852;51.1007063;residental;0.0;0.0
5780;17.1062833;51.1010453;residental;0.0;0.0
5781;17.0927924;51.1073021;residental;0.0;0.0
5782;16.9617595;51.1063985;residental;0.0;0.0
5783;17.0402833;51.1030167;residental;0.0;0.0
5784;17.0124847;51.1027244;residental;0.0;0.0
5785;17.0346739;51.1007114;residental;0.0;0.0
5786;17.111601;51.101364;residental;0.0;0.0
5787;17.0226428;51.1029091;residental;0.0;0.0
5788;16.9504524;51.1030995;residental;0.0;0.0
5789;17.0029326;51.1003061;residental;0.0;0.0
5790;17.1082431;51.107306;residental;0.0;0.0
5791;17.098599;51.10938;residental;0.0;0.0
5792;17.1607615;51.1010465;residental;0.0;0.0
5793;17.0114966;51.1023116;residental;0.0;0.0
5794;17.1000033;51.1045718;residental;0.0;0.0
5795;16.9496318;51.102919;residental;0.0;0.0
5796;17.1034316;51.1053378;residental;0.0;0.0
5797;17.050701;51.100745;residental;0.0;0.0
5798;17.1014592;51.1012104;residental;0.0;0.0
5799;17.023571;51.1095649;residental;0.0;0.0
5800;17.0996818;51.106611;residental;0.0;0.0
5801;17.1563414;51.1072264;residental;0.0;0.0
5802;16.9592397;51.1097697;residental;0.0;0.0
5803;17.0502001;51.1030111;residental;0.0;0.0
5804;17.0108907;51.101576;residental;0.0;0.0
5805;17.0865046;51.1013241;residental;0.0;0.0
5806;16.9484513;51.1041397;residental;0.0;0.0
5807;16.9481932;51.1038966;residental;0.0;0.0
5808;17.1055184;51.109685;residental;0.0;0.0
5809;17.097399;51.1045682;residental;0.0;0.0
5810;17.1018313;51.100862;residental;0.0;0.0
5811;17.0626747;51.109595;residental;0.0;0.0
5812;16.9474064;51.1028939;residental;0.0;0.0
5813;17.0372583;51.1016828;residental;0.0;0.0
5814;17.0466092;51.1046106;residental;0.0;0.0
5815;17.0855146;51.1013901;residental;0.0;0.0
5816;17.1531845;51.1007895;residental;0.0;0.0
5817;16.9485541;51.104389;residental;0.0;0.0
5818;17.1044422;51.1022548;residental;0.0;0.0
5819;17.1032638;51.1024222;residental;0.0;0.0
5820;17.0495303;51.1005105;residental;0.0;0.0
5821;17.0999993;51.1095355;residental;0.0;0.0
5822;17.055765;51.1082701;residental;0.0;0.0
5823;17.0358021;51.1085371;residental;0.0;0.0
5824;16.9505191;51.1032726;residental;0.0;0.0
5825;17.0517039;51.1019404;residental;0.0;0.0
5826;17.0219671;51.1029467;residental;0.0;0.0
5827;17.1049974;51.102133;residental;0.0;0.0
5828;17.0915059;51.1077519;residental;0.0;0.0
5829;17.150953;51.102118;residental;0.0;0.0
5830;17.1084784;51.1016148;residental;0.0;0.0
5831;17.1513178;51.1013261;residental;0.0;0.0
5832;17.1043553;51.1043615;residental;0.0;0.0
5833;17.0513744;51.101207;residental;0.0;0.0
5834;17.1087789;51.1077412;residental;0.0;0.0
5835;16.9482987;51.1027428;residental;0.0;0.0
5836;17.1079616;51.1094694;residental;0.0;0.0
5837;17.1059151;51.1095529;residental;0.0;0.0
5838;16.9422974;51.1024222;residental;0.0;0.0
5839;17.1070002;51.1007538;residental;0.0;0.0
5840;17.160658;51.100559;residental;0.0;0.0
5841;17.1067367;51.1088667;residental;0.0;0.0
5842;17.1017401;51.100624;residental;0.0;0.0
5843;16.960867;51.1087435;residental;0.0;0.0
5844;17.0491665;51.101687;residental;0.0;0.0
5845;17.10358;51.1043174;residental;0.0;0.0
5846;17.025422;51.1090428;residental;0.0;0.0
5847;17.1137364;51.1050884;residental;0.0;0.0
5848;17.0535682;51.102001;residental;0.0;0.0
5849;17.0027082;51.1015972;residental;0.0;0.0
5850;17.1010432;51.1044069;residental;0.0;0.0
5851;16.9500252;51.1030523;residental;0.0;0.0
5852;17.1054836;51.1011462;residental;0.0;0.0
5853;17.0347356;51.1030105;residental;0.0;0.0
5854;17.0636975;51.103722;residental;0.0;0.0
5855;16.9493617;51.1032685;residental;0.0;0.0
5856;16.9667913;51.1070317;residental;0.0;0.0
5857;17.1143922;51.105034;residental;0.0;0.0
5858;17.0182219;51.1025975;residental;0.0;0.0
5859;17.1023559;51.1066505;residental;0.0;0.0
5860;17.0991652;51.1093235;residental;0.0;0.0
5861;17.0994301;51.106605;residental;0.0;0.0
5862;16.9479332;51.1035107;residental;0.0;0.0
5863;16.9611695;51.1078215;residental;0.0;0.0
5864;17.1034893;51.1042065;residental;0.0;0.0
5865;17.1119779;51.1000763;residental;0.0;0.0
5866;17.0169207;51.1027715;residental;0.0;0.0
5867;17.1070648;51.1091648;residental;0.0;0.0
5868;17.0102153;51.1043515;residental;0.0;0.0
5869;17.0323144;51.1069026;residental;0.0;0.0
5870;17.1026995;51.1032939;residental;0.0;0.0
5871;17.0527013;51.1009856;residental;0.0;0.0
5872;17.1051857;51.10211;residental;0.0;0.0
5873;17.0959075;51.1087375;residental;0.0;0.0
5874;17.1425814;51.1064585;residental;0.0;0.0
5875;16.9503942;51.1040611;residental;0.0;0.0
5876;17.1097506;51.1064235;residental;0.0;0.0
5877;17.0482675;51.1008259;residental;0.0;0.0
5878;17.0524245;51.1025851;residental;0.0;0.0
5879;17.1044428;51.1096606;residental;0.0;0.0
5880;17.0545618;51.1005864;residental;0.0;0.0
5881;17.0169253;51.1037255;residental;0.0;0.0
5882;17.1145272;51.1042686;residental;0.0;0.0
5883;17.1494399;51.1063829;residental;0.0;0.0
5884;17.0340974;51.1011165;residental;0.0;0.0
5885;17.0831634;51.1047412;residental;0.0;0.0
5886;17.0124803;51.1023905;residental;0.0;0.0
5887;17.1086978;51.1069071;residental;0.0;0.0
5888;17.0154847;51.105532;residental;0.0;0.0
5889;17.1028696;51.1025166;residental;0.0;0.0
5890;17.1163212;51.1056358;residental;0.0;0.0
5891;17.0352638;51.1009976;residental;0.0;0.0
5892;17.0184201;51.1038064;residental;0.0;0.0
5893;16.9490076;51.1042984;residental;0.0;0.0
5894;17.1506755;51.1011255;residental;0.0;0.0
5895;17.095587;51.1087665;residental;0.0;0.0
5896;17.0510715;51.1024113;residental;0.0;0.0
5897;16.9998791;51.1002046;residental;0.0;0.0
5898;17.054746;51.1084005;residental;0.0;0.0
5899;16.9489569;51.1031344;residental;0.0;0.0
5900;17.1083335;51.1100486;residental;0.0;0.0
5901;17.0295529;51.1043659;residental;0.0;0.0
5902;17.1441538;51.1080583;residental;0.0;0.0
5903;17.1040549;51.1097691;residental;0.0;0.0
5904;17.0553183;51.1078888;residental;0.0;0.0
5905;17.0183206;51.1022211;residental;0.0;0.0
5906;16.96175;51.1072265;residental;0.0;0.0
5907;17.0500834;51.1043084;residental;0.0;0.0
5908;17.1020162;51.1012955;residental;0.0;0.0
5909;17.0530101;51.1014467;residental;0.0;0.0
5910;17.096027;51.108484;residental;0.0;0.0
5911;17.1018989;51.1066471;residental;0.0;0.0
5912;17.1036804;51.1035749;residental;0.0;0.0
5913;17.1020848;51.1038295;residental;0.0;0.0
5914;17.0464721;51.1013751;residental;0.0;0.0
5915;17.1086845;51.1007124;residental;0.0;0.0
5916;17.1034502;51.1023903;residental;0.0;0.0
5917;17.036745;51.1014551;residental;0.0;0.0
5918;17.0375989;51.109155;residental;0.0;0.0
5919;16.9666936;51.1070104;residental;0.0;0.0
5920;16.9507806;51.1003545;residental;0.0;0.0
5921;16.9467303;51.1033457;residental;0.0;0.0
5922;17.0498235;51.1015405;residental;0.0;0.0
5923;16.9503413;51.1046236;residental;0.0;0.0
5924;16.9453344;51.1013865;residental;0.0;0.0
5925;16.9499194;51.102768;residental;0.0;0.0
5926;17.1511041;51.1014568;residental;0.0;0.0
5927;17.0363536;51.1087863;residental;0.0;0.0
5928;17.1053584;51.1067469;residental;0.0;0.0
5929;17.0683113;51.1082848;residental;0.0;0.0
5930;16.9506219;51.1023478;residental;0.0;0.0
5931;17.0245232;51.1052466;residental;0.0;0.0
5932;17.0216534;51.1098835;residental;0.0;0.0
5933;17.034445;51.1007556;residental;0.0;0.0
5934;17.149494;51.1065579;residental;0.0;0.0
5935;17.15329;51.1026985;residental;0.0;0.0
5936;16.9475422;51.1035797;residental;0.0;0.0
5937;17.048869;51.1013195;residental;0.0;0.0
5938;17.1081024;51.101664;residental;0.0;0.0
5939;17.0834718;51.1063417;residental;0.0;0.0
5940;16.9450809;51.1007046;residental;0.0;0.0
5941;17.0461836;51.1008632;residental;0.0;0.0
5942;17.0232911;51.109346;residental;0.0;0.0
5943;17.1065074;51.1093572;residental;0.0;0.0
5944;16.9506961;51.1027366;residental;0.0;0.0
5945;17.1428743;51.1086759;residental;0.0;0.0
5946;17.0103311;51.1032916;residental;0.0;0.0
5947;16.946836;51.1032752;residental;0.0;0.0
5948;16.9508593;51.1031117;residental;0.0;0.0
5949;17.1037629;51.1014163;residental;0.0;0.0
5950;16.9984683;51.1007255;residental;0.0;0.0
5951;17.0355926;51.1009214;residental;0.0;0.0
5952;17.0520454;51.1024017;residental;0.0;0.0
5953;17.0519543;51.1078841;residental;0.0;0.0
5954;17.1436914;51.1088763;residental;0.0;0.0
5955;17.0448015;51.1005155;residental;0.0;0.0
5956;16.9505002;51.1045533;residental;0.0;0.0
5957;17.0033703;51.1004042;residental;0.0;0.0
5958;17.1016783;51.109528;residental;0.0;0.0
5959;17.0983371;51.1093063;residental;0.0;0.0
5960;16.9504466;51.104577;residental;0.0;0.0
5961;17.1089186;51.1063385;residental;0.0;0.0
5962;17.1009181;51.109415;residental;0.0;0.0
5963;17.0365343;51.1009584;residental;0.0;0.0
5964;17.1369199;51.1098914;residental;0.0;0.0
5965;17.0331688;51.1003066;residental;0.0;0.0
5966;17.0183706;51.1007454;residental;0.0;0.0
5967;17.1042961;51.1067026;residental;0.0;0.0
5968;17.0487558;51.1005468;residental;0.0;0.0
5969;17.0465247;51.1014926;residental;0.0;0.0
5970;17.0113695;51.1025413;residental;0.0;0.0
5971;17.0120564;51.102329;residental;0.0;0.0
5972;17.0206966;51.1001616;residental;0.0;0.0
5973;17.0486095;51.1006367;residental;0.0;0.0
5974;17.0972006;51.101374;residental;0.0;0.0
5975;17.049799;51.1019517;residental;0.0;0.0
5976;17.0505674;51.1027576;residental;0.0;0.0
5977;17.0098177;51.1021588;residental;0.0;0.0
5978;17.014919;51.1053992;residental;0.0;0.0
5979;17.10365;51.1098544;residental;0.0;0.0
5980;16.9573952;51.1095911;residental;0.0;0.0
5981;17.0497828;51.1022125;residental;0.0;0.0
5982;17.0500198;51.1028613;residental;0.0;0.0
5983;17.0323731;51.1085038;residental;0.0;0.0
5984;17.1439826;51.1085219;residental;0.0;0.0
5985;17.1067381;51.1018559;residental;0.0;0.0
5986;17.143961;51.1087854;residental;0.0;0.0
5987;17.1025327;51.1016308;residental;0.0;0.0
5988;17.0162531;51.1057183;residental;0.0;0.0
5989;17.0916949;51.1099188;residental;0.0;0.0
5990;17.0186177;51.1030949;residental;0.0;0.0
5991;17.101677;51.109768;residental;0.0;0.0
5992;16.9491573;51.1042725;residental;0.0;0.0
5993;17.055619;51.1077612;residental;0.0;0.0
5994;17.107183;51.1076673;residental;0.0;0.0
5995;16.9475836;51.1036744;residental;0.0;0.0
5996;17.0673249;51.1086263;residental;0.0;0.0
5997;17.102177;51.1026838;residental;0.0;0.0
5998;17.1595005;51.100329;residental;0.0;0.0
5999;17.091633;51.1091562;residental;0.0;0.0
6000;17.0488212;51.1019078;residental;0.0;0.0
6001;17.1435621;51.1083583;residental;0.0;0.0
6002;17.1044212;51.1100352;residental;0.0;0.0
6003;16.9504167;51.103004;residental;0.0;0.0
6004;17.1117309;51.102813;residental;0.0;0.0
6005;17.0192644;51.1030579;residental;0.0;0.0
6006;17.0464229;51.1012559;residental;0.0;0.0
6007;16.9460552;51.102075;residental;0.0;0.0
6008;17.1041328;51.1049599;residental;0.0;0.0
6009;17.1078251;51.1006331;residental;0.0;0.0
6010;17.0150639;51.1024199;residental;0.0;0.0
6011;17.1031707;51.1038414;residental;0.0;0.0
6012;17.1019923;51.1012385;residental;0.0;0.0
6013;16.9475036;51.1034815;residental;0.0;0.0
6014;17.071342;51.1100964;residental;0.0;0.0
6015;17.1536798;51.1012364;residental;0.0;0.0
6016;17.0964949;51.1065482;residental;0.0;0.0
6017;17.0498065;51.1003345;residental;0.0;0.0
6018;16.9400654;51.1015283;residental;0.0;0.0
6019;16.9609525;51.1084725;residental;0.0;0.0
6020;17.0654944;51.108712;residental;0.0;0.0
6021;17.1082916;51.1016387;residental;0.0;0.0
6022;17.0484028;51.1014505;residental;0.0;0.0
6023;17.091031;51.1029145;residental;0.0;0.0
6024;17.1024808;51.103043;residental;0.0;0.0
6025;17.1089123;51.1071575;residental;0.0;0.0
6026;16.9671976;51.1070778;residental;0.0;0.0
6027;17.0964885;51.107811;residental;0.0;0.0
6028;17.1136009;51.1048661;residental;0.0;0.0
6029;17.0276717;51.1078215;residental;0.0;0.0
6030;17.0957309;51.1065338;residental;0.0;0.0
6031;17.0190408;51.1027254;residental;0.0;0.0
6032;17.1136147;51.1050224;residental;0.0;0.0
6033;17.1029308;51.1086829;residental;0.0;0.0
6034;17.0507155;51.1010315;residental;0.0;0.0
6035;17.0111119;51.1029999;residental;0.0;0.0
6036;17.0458963;51.1003438;residental;0.0;0.0
6037;17.138617;51.109751;residental;0.0;0.0
6038;17.1422717;51.1100787;residental;0.0;0.0
6039;17.0930542;51.1069819;residental;0.0;0.0
6040;17.0954752;51.1065301;residental;0.0;0.0
6041;16.9477797;51.1018229;residental;0.0;0.0
6042;17.0277284;51.1091424;residental;0.0;0.0
6043;16.9510688;51.1022788;residental;0.0;0.0
6044;17.1042975;51.1013689;residental;0.0;0.0
6045;16.950918;51.1023;residental;0.0;0.0
6046;17.0001871;51.1002609;residental;0.0;0.0
6047;16.9482996;51.1041648;residental;0.0;0.0
6048;17.049324;51.101709;residental;0.0;0.0
6049;17.0322933;51.1027083;residental;0.0;0.0
6050;17.1030772;51.102454;residental;0.0;0.0
6051;17.0391344;51.1011493;residental;0.0;0.0
6052;16.9565427;51.1080945;residental;0.0;0.0
6053;17.1040398;51.1048446;residental;0.0;0.0
6054;17.1077259;51.108268;residental;0.0;0.0
6055;17.01839;51.102098;residental;0.0;0.0
6056;16.9479792;51.1036047;residental;0.0;0.0
6057;17.1049291;51.1050274;residental;0.0;0.0
6058;17.1065484;51.1018847;residental;0.0;0.0
6059;17.0967647;51.1036954;residental;0.0;0.0
6060;16.9484823;51.1038473;residental;0.0;0.0
6061;17.0489031;51.1004588;residental;0.0;0.0
6062;17.0220281;51.1068739;residental;0.0;0.0
6063;17.1022052;51.103955;residental;0.0;0.0
6064;17.1026156;51.1066559;residental;0.0;0.0
6065;17.0486435;51.1010315;residental;0.0;0.0
6066;17.1123028;51.1061648;residental;0.0;0.0
6067;17.1105067;51.1014917;residental;0.0;0.0
6068;17.1040968;51.1040607;residental;0.0;0.0
6069;17.0344798;51.1069032;residental;0.0;0.0
6070;17.1029052;51.1035267;residental;0.0;0.0
6071;16.9494166;51.1044987;residental;0.0;0.0
6072;17.0931992;51.1070874;residental;0.0;0.0
6073;17.096793;51.1091311;residental;0.0;0.0
6074;16.9491192;51.1035118;residental;0.0;0.0
6075;17.0972195;51.109193;residental;0.0;0.0
6076;17.1067084;51.1092903;residental;0.0;0.0
6077;16.9489157;51.1030404;residental;0.0;0.0
6078;17.0855439;51.1030257;residental;0.0;0.0
6079;17.0103104;51.1041774;residental;0.0;0.0
6080;17.0391518;51.1026527;residental;0.0;0.0
6081;17.0027137;51.1002571;residental;0.0;0.0
6082;17.1076679;51.1008407;residental;0.0;0.0
6083;17.0936619;51.1064928;residental;0.0;0.0
6084;17.0422247;51.1025599;residental;0.0;0.0
6085;17.1030327;51.1099009;residental;0.0;0.0
6086;17.1407666;51.1070918;residental;0.0;0.0
6087;17.0343635;51.1016349;residental;0.0;0.0
6088;17.0025541;51.1005946;residental;0.0;0.0
6089;17.1023205;51.1040754;residental;0.0;0.0
6090;17.0032213;51.1007455;residental;0.0;0.0
6091;17.050605;51.100672;residental;0.0;0.0
6092;17.0136552;51.1026513;residental;0.0;0.0
6093;17.0914711;51.1073626;residental;0.0;0.0
6094;16.9497905;51.1048518;residental;0.0;0.0
6095;17.105569;51.1020679;residental;0.0;0.0
6096;17.0096888;51.1010132;residental;0.0;0.0
6097;17.1058996;51.101083;residental;0.0;0.0
6098;17.1508105;51.101661;residental;0.0;0.0
6099;16.9612925;51.107495;residental;0.0;0.0
6100;17.104189;51.104168;residental;0.0;0.0
6101;17.0363214;51.1004464;residental;0.0;0.0
6102;17.108701;51.10637;residental;0.0;0.0
6103;16.9988442;51.1004943;residental;0.0;0.0
6104;17.1005552;51.1032958;residental;0.0;0.0
6105;17.1106538;51.1051943;residental;0.0;0.0
6106;16.961626;51.1075345;residental;0.0;0.0
6107;17.0212035;51.1025974;residental;0.0;0.0
6108;17.1084112;51.1066797;residental;0.0;0.0
6109;17.1525749;51.1047338;residental;0.0;0.0
6110;17.101959;51.103698;residental;0.0;0.0
6111;17.0073602;51.1012448;residental;0.0;0.0
6112;17.1507995;51.102232;residental;0.0;0.0
6113;16.9490417;51.1026159;residental;0.0;0.0
6114;17.0363575;51.110013;residental;0.0;0.0
6115;17.1124925;51.1044452;residental;0.0;0.0
6116;17.0974634;51.1092266;residental;0.0;0.0
6117;17.1012546;51.1034991;residental;0.0;0.0
6118;17.1134244;51.1039088;residental;0.0;0.0
6119;17.087461;51.1044559;residental;0.0;0.0
6120;17.1015283;51.1001909;residental;0.0;0.0
6121;17.0458947;51.102282;residental;0.0;0.0
6122;17.0947216;51.1030436;residental;0.0;0.0
6123;17.1136176;51.1000667;residental;0.0;0.0
6124;17.0104824;51.1038708;residental;0.0;0.0
6125;17.0471759;51.1013794;residental;0.0;0.0
6126;17.1071431;51.1084996;residental;0.0;0.0
6127;17.0023373;51.1005458;residental;0.0;0.0
6128;17.0625078;51.1094297;residental;0.0;0.0
6129;17.161372;51.1010565;residental;0.0;0.0
6130;17.0974902;51.1019978;residental;0.0;0.0
6131;17.1523095;51.102883;residental;0.0;0.0
6132;16.9477655;51.1031322;residental;0.0;0.0
6133;17.1479158;51.1062795;residental;0.0;0.0
6134;16.9474188;51.1032923;residental;0.0;0.0
6135;16.9477041;51.1028466;residental;0.0;0.0
6136;17.0014223;51.1002268;residental;0.0;0.0
6137;17.1133783;51.1004544;residental;0.0;0.0
6138;16.9608935;51.1086445;residental;0.0;0.0
6139;17.0914947;51.1076185;residental;0.0;0.0
6140;17.0100106;51.1043234;residental;0.0;0.0
6141;17.0557899;51.1076606;residental;0.0;0.0
6142;17.0329483;51.1026007;residental;0.0;0.0
6143;17.0475592;51.1011911;residental;0.0;0.0
6144;17.1030675;51.106092;residental;0.0;0.0
6145;17.0626632;51.1097623;residental;0.0;0.0
6146;16.9478864;51.1034164;residental;0.0;0.0
6147;17.0245886;51.1095565;residental;0.0;0.0
6148;17.0203692;51.1072334;residental;0.0;0.0
6149;17.0498648;51.1032759;residental;0.0;0.0
6150;16.9488439;51.1004901;residental;0.0;0.0
6151;17.0112092;51.1044542;residental;0.0;0.0
6152;17.1036366;51.1023584;residental;0.0;0.0
6153;17.1048125;51.1021706;residental;0.0;0.0
6154;17.0945197;51.1030708;residental;0.0;0.0
6155;17.0208478;51.1073137;residental;0.0;0.0
6156;16.9409042;51.1016207;residental;0.0;0.0
6157;17.0507136;51.1014039;residental;0.0;0.0
6158;17.1069818;51.108581;residental;0.0;0.0
6159;17.0020008;51.10212;residental;0.0;0.0
6160;17.0983549;51.1091192;residental;0.0;0.0
6161;17.1124747;51.1054652;residental;0.0;0.0
6162;17.092081;51.1019645;residental;0.0;0.0
6163;17.0500184;51.1031639;residental;0.0;0.0
6164;16.9474598;51.103387;residental;0.0;0.0
6165;17.1160546;51.1046216;residental;0.0;0.0
6166;17.1068003;51.1086418;residental;0.0;0.0
6167;17.0111746;51.1028874;residental;0.0;0.0
6168;17.0302925;51.1086631;residental;0.0;0.0
6169;17.0227566;51.1044745;residental;0.0;0.0
6170;17.0503579;51.1026238;residental;0.0;0.0
6171;17.1012056;51.1026004;residental;0.0;0.0
6172;17.1011437;51.1066336;residental;0.0;0.0
6173;17.1142235;51.1049297;residental;0.0;0.0
6174;16.9490385;51.1033228;residental;0.0;0.0
6175;17.1165943;51.1052631;residental;0.0;0.0
6176;17.1079236;51.1016881;residental;0.0;0.0
6177;17.0917079;51.1100608;residental;0.0;0.0
6178;16.9480479;51.1039331;residental;0.0;0.0
6179;16.9015425;51.1087842;residental;0.0;0.0
6180;17.050274;51.101299;residental;0.0;0.0
6181;17.0351263;51.1006534;residental;0.0;0.0
6182;17.0618139;51.1096494;residental;0.0;0.0
6183;17.0320181;51.1027278;residental;0.0;0.0
6184;16.9489793;51.1012451;residental;0.0;0.0
6185;17.1015516;51.1025396;residental;0.0;0.0
6186;16.9517862;51.1010854;residental;0.0;0.0
6187;16.9577982;51.1088568;residental;0.0;0.0
6188;17.0846735;51.1031265;residental;0.0;0.0
6189;17.1095894;51.1074981;residental;0.0;0.0
6190;17.0929938;51.1001081;residental;0.0;0.0
6191;17.0097427;51.1022942;residental;0.0;0.0
6192;17.112234;51.10463;residental;0.0;0.0
6193;17.1024424;51.1042031;residental;0.0;0.0
6194;17.1016373;51.109654;residental;0.0;0.0
6195;17.1114181;51.1013849;residental;0.0;0.0
6196;17.1119926;51.1058041;residental;0.0;0.0
6197;17.0493648;51.100179;residental;0.0;0.0
6198;17.0401369;51.1024321;residental;0.0;0.0
6199;17.1029988;51.1036422;residental;0.0;0.0
6200;17.099729;51.1039067;residental;0.0;0.0
6201;16.9503235;51.102396;residental;0.0;0.0
6202;17.1451655;51.1057166;residental;0.0;0.0
6203;17.1112354;51.1014058;residental;0.0;0.0
6204;17.1079049;51.1067886;residental;0.0;0.0
6205;17.0187199;51.1002805;residental;0.0;0.0
6206;17.0105589;51.1033434;residental;0.0;0.0
6207;17.0002446;51.100651;residental;0.0;0.0
6208;17.1032663;51.1039485;residental;0.0;0.0
6209;17.1053688;51.1011972;residental;0.0;0.0
6210;17.0500961;51.1024407;residental;0.0;0.0
6211;17.1128105;51.1026478;residental;0.0;0.0
6212;16.9497542;51.1032049;residental;0.0;0.0
6213;17.0029907;51.1006935;residental;0.0;0.0
6214;16.9499419;51.1041383;residental;0.0;0.0
6215;16.9494866;51.1025485;residental;0.0;0.0
6216;16.9506738;51.1044623;residental;0.0;0.0
6217;17.0328291;51.1069139;residental;0.0;0.0
6218;17.0502685;51.1016726;residental;0.0;0.0
6219;17.0271693;51.1076811;residental;0.0;0.0
6220;17.0914665;51.1033505;residental;0.0;0.0
6221;17.1073925;51.1065588;residental;0.0;0.0
6222;17.1013345;51.1007881;residental;0.0;0.0
6223;17.1006827;51.1032801;residental;0.0;0.0
6224;17.010411;51.1039977;residental;0.0;0.0
6225;17.1020181;51.1009681;residental;0.0;0.0
6226;17.0535045;51.1009286;residental;0.0;0.0
6227;17.1047613;51.1048328;residental;0.0;0.0
6228;17.1003857;51.1096043;residental;0.0;0.0
6229;17.1070271;51.1083568;residental;0.0;0.0
6230;17.0367629;51.1066045;residental;0.0;0.0
6231;16.9994645;51.1005617;residental;0.0;0.0
6232;17.03573;51.1003556;residental;0.0;0.0
6233;17.1092331;51.1076553;residental;0.0;0.0
6234;17.1021546;51.10983;residental;0.0;0.0
6235;17.0950973;51.1011499;residental;0.0;0.0
6236;17.1038244;51.1023267;residental;0.0;0.0
6237;17.0540753;51.1022931;residental;0.0;0.0
6238;16.9547049;51.1079611;residental;0.0;0.0
6239;17.1140453;51.1033724;residental;0.0;0.0
6240;17.1012912;51.1029825;residental;0.0;0.0
6241;17.0975136;51.1048422;residental;0.0;0.0
6242;17.0916825;51.1097744;residental;0.0;0.0
6243;16.9573715;51.1098368;residental;0.0;0.0
6244;17.0495581;51.10253;residental;0.0;0.0
6245;17.152057;51.1022845;residental;0.0;0.0
6246;17.1074782;51.1008669;residental;0.0;0.0
6247;17.105156;51.1067142;residental;0.0;0.0
6248;16.9493871;51.1039299;residental;0.0;0.0
6249;17.0622087;51.1091128;residental;0.0;0.0
6250;17.1046778;51.1047345;residental;0.0;0.0
6251;17.0098931;51.1020235;residental;0.0;0.0
6252;16.9425006;51.1013308;residental;0.0;0.0
6253;17.10631;51.1094212;residental;0.0;0.0
6254;17.0111455;51.1045696;residental;0.0;0.0
6255;17.1146414;51.1051691;residental;0.0;0.0
6256;17.0010024;51.1003954;residental;0.0;0.0
6257;17.0364783;51.1006398;residental;0.0;0.0
6258;17.0117316;51.1031371;residental;0.0;0.0
6259;17.0842111;51.1047255;residental;0.0;0.0
6260;17.0100432;51.1018724;residental;0.0;0.0
6261;16.9669028;51.1070211;residental;0.0;0.0
6262;17.1050843;51.1094556;residental;0.0;0.0
6263;17.0217884;51.1028558;residental;0.0;0.0
6264;16.9500652;51.1031474;residental;0.0;0.0
6265;17.0257808;51.1025146;residental;0.0;0.0
6266;17.1124;51.1062773;residental;0.0;0.0
6267;17.1553349;51.1034519;residental;0.0;0.0
6268;17.140513;51.10714;residental;0.0;0.0
6269;17.0186942;51.1032068;residental;0.0;0.0
6270;17.0967518;51.1065532;residental;0.0;0.0
6271;17.0092189;51.1005455;residental;0.0;0.0
6272;17.0216322;51.1095438;residental;0.0;0.0
6273;16.9492687;51.1030765;residental;0.0;0.0
6274;17.0938287;51.1081225;residental;0.0;0.0
6275;17.10001;51.1033721;residental;0.0;0.0
6276;16.9581994;51.110044;residental;0.0;0.0
6277;17.0954155;51.108684;residental;0.0;0.0
6278;16.9487126;51.1043645;residental;0.0;0.0
6279;16.940822;51.1013428;residental;0.0;0.0
6280;17.1028739;51.1066602;residental;0.0;0.0
6281;17.1496479;51.1062894;residental;0.0;0.0
6282;17.1083616;51.107423;residental;0.0;0.0
6283;16.9493967;51.1033621;residental;0.0;0.0
6284;16.9614215;51.1080225;residental;0.0;0.0
6285;17.0112025;51.105009;residental;0.0;0.0
6286;17.1023129;51.1010084;residental;0.0;0.0
6287;16.9469398;51.1032056;residental;0.0;0.0
6288;16.9510445;51.1026722;residental;0.0;0.0
6289;17.0483876;51.1006996;residental;0.0;0.0
6290;16.940247;51.1017652;residental;0.0;0.0
6291;16.9491337;51.102245;residental;0.0;0.0
6292;16.9497135;51.1031092;residental;0.0;0.0
6293;17.051939;51.101693;residental;0.0;0.0
6294;17.0999318;51.1066147;residental;0.0;0.0
6295;17.011913;51.1070535;residental;0.0;0.0
6296;16.9494321;51.1034565;residental;0.0;0.0
6297;17.0621188;51.104113;residental;0.0;0.0
6298;17.1128005;51.1061584;residental;0.0;0.0
6299;17.1094405;51.105263;residental;0.0;0.0
6300;16.9478484;51.1033229;residental;0.0;0.0
6301;16.942868;51.1016089;residental;0.0;0.0
6302;16.9613225;51.1083415;residental;0.0;0.0
6303;17.1009843;51.1032618;residental;0.0;0.0
6304;17.153864;51.1034815;residental;0.0;0.0
6305;17.09579;51.108849;residental;0.0;0.0
6306;17.0040122;51.1005768;residental;0.0;0.0
6307;17.1060484;51.1021276;residental;0.0;0.0
6308;17.1056544;51.1022203;residental;0.0;0.0
6309;17.0907196;51.1035574;residental;0.0;0.0
6310;17.1028999;51.1026531;residental;0.0;0.0
6311;17.1090542;51.1074324;residental;0.0;0.0
6312;17.1146056;51.1027775;residental;0.0;0.0
6313;17.0215981;51.110056;residental;0.0;0.0
6314;17.091228;51.10311;residental;0.0;0.0
6315;17.018021;51.1052511;residental;0.0;0.0
6316;17.03417;51.1012922;residental;0.0;0.0
6317;17.022835;51.1043282;residental;0.0;0.0
6318;17.0566868;51.1077921;residental;0.0;0.0
6319;17.085653;51.1051837;residental;0.0;0.0
6320;17.1051948;51.1012246;residental;0.0;0.0
6321;16.9497189;51.1044487;residental;0.0;0.0
6322;17.0655874;51.1088509;residental;0.0;0.0
6323;16.9990187;51.1001673;residental;0.0;0.0
6324;17.1003855;51.104523;residental;0.0;0.0
6325;16.9425724;51.101404;residental;0.0;0.0
6326;16.9493226;51.1031706;residental;0.0;0.0
6327;17.1019366;51.109802;residental;0.0;0.0
6328;17.101911;51.1024766;residental;0.0;0.0
6329;17.1013951;51.1066379;residental;0.0;0.0
6330;17.0505245;51.10114;residental;0.0;0.0
6331;17.0077185;51.109374;residental;0.0;0.0
6332;17.0929363;51.1074085;residental;0.0;0.0
6333;17.0511633;51.1080702;residental;0.0;0.0
6334;17.0490535;51.100367;residental;0.0;0.0
6335;17.1058297;51.1009303;residental;0.0;0.0
6336;17.017838;51.1031153;residental;0.0;0.0
6337;17.110275;51.1052519;residental;0.0;0.0
6338;17.1003233;51.1048068;residental;0.0;0.0
6339;17.1402911;51.1070991;residental;0.0;0.0
6340;17.0273631;51.1095039;residental;0.0;0.0
6341;16.9486412;51.1038213;residental;0.0;0.0
6342;17.0995243;51.104573;residental;0.0;0.0
6343;16.9542718;51.1082633;residental;0.0;0.0
6344;17.1006384;51.1066244;residental;0.0;0.0
6345;17.0645765;51.1095025;residental;0.0;0.0
6346;17.0024949;51.100208;residental;0.0;0.0
6347;17.0517088;51.1025961;residental;0.0;0.0
6348;17.1149741;51.1018589;residental;0.0;0.0
6349;17.1077371;51.1017133;residental;0.0;0.0
6350;16.9505784;51.1019791;residental;0.0;0.0
6351;16.9556001;51.1088159;residental;0.0;0.0
6352;17.0000309;51.1002256;residental;0.0;0.0
6353;17.1498184;51.1064094;residental;0.0;0.0
6354;17.0156777;51.1055757;residental;0.0;0.0
6355;16.9505256;51.1013424;residental;0.0;0.0
6356;16.9482796;51.1033524;residental;0.0;0.0
6357;17.0997313;51.1012286;residental;0.0;0.0
6358;17.0504665;51.1001515;residental;0.0;0.0
6359;17.1043988;51.1052706;residental;0.0;0.0
6360;17.0864736;51.103492;residental;0.0;0.0
6361;17.0055631;51.1001248;residental;0.0;0.0
6362;17.0524619;51.1012309;residental;0.0;0.0
6363;16.953882;51.1015367;residental;0.0;0.0
6364;17.0911764;51.1003366;residental;0.0;0.0
6365;17.14543;51.104873;residental;0.0;0.0
6366;17.0045502;51.1006875;residental;0.0;0.0
6367;17.1011789;51.100517;residental;0.0;0.0
6368;17.1076521;51.1000782;residental;0.0;0.0
6369;17.107645;51.1001497;residental;0.0;0.0
6370;17.049327;51.1018345;residental;0.0;0.0
6371;17.106256;51.1074398;residental;0.0;0.0
6372;17.10636;51.1019158;residental;0.0;0.0
6373;17.0060031;51.1002235;residental;0.0;0.0
6374;16.9488727;51.1029443;residental;0.0;0.0
6375;17.0950925;51.1085;residental;0.0;0.0
6376;17.0342104;51.1096182;residental;0.0;0.0
6377;17.1059617;51.1070894;residental;0.0;0.0
6378;17.0944315;51.103082;residental;0.0;0.0
6379;17.1432294;51.1084953;residental;0.0;0.0
6380;16.955632;51.1083586;residental;0.0;0.0
6381;17.0021405;51.1012392;residental;0.0;0.0
6382;17.104221;51.1050625;residental;0.0;0.0
6383;16.957413;51.1093442;residental;0.0;0.0
6384;17.0804072;51.1050557;residental;0.0;0.0
6385;17.0845523;51.1049501;residental;0.0;0.0
6386;17.0328996;51.106648;residental;0.0;0.0
6387;17.1529685;51.100901;residental;0.0;0.0
6388;17.0345801;51.1010766;residental;0.0;0.0
6389;17.1127513;51.1042565;residental;0.0;0.0
6390;17.1031781;51.1029972;residental;0.0;0.0
6391;17.0400889;51.1013852;residental;0.0;0.0
6392;17.0311702;51.1087422;residental;0.0;0.0
6393;17.0184592;51.1019751;residental;0.0;0.0
6394;17.1030988;51.101101;residental;0.0;0.0
6395;16.9475575;51.1028757;residental;0.0;0.0
6396;17.0511974;51.1011109;residental;0.0;0.0
6397;16.9493368;51.1025671;residental;0.0;0.0
6398;16.9673813;51.1071456;residental;0.0;0.0
6399;17.0035276;51.1008019;residental;0.0;0.0
6400;17.0220463;51.1055347;residental;0.0;0.0
6401;17.1017248;51.1025091;residental;0.0;0.0
6402;17.0415778;51.1017802;residental;0.0;0.0
6403;17.0628684;51.1088845;residental;0.0;0.0
6404;17.0031638;51.1010987;residental;0.0;0.0
6405;17.1045225;51.1066917;residental;0.0;0.0
6406;17.0276602;51.1020992;residental;0.0;0.0
6407;17.1131753;51.104053;residental;0.0;0.0
6408;17.0678164;51.108059;residental;0.0;0.0
6409;17.0428839;51.1048439;residental;0.0;0.0
6410;17.1047344;51.106696;residental;0.0;0.0
6411;17.0179325;51.1014325;residental;0.0;0.0
6412;17.0810154;51.1052052;residental;0.0;0.0
6413;17.1156108;51.1019707;residental;0.0;0.0
6414;17.0461157;51.1007354;residental;0.0;0.0
6415;17.1065952;51.1008065;residental;0.0;0.0
6416;16.9667112;51.1069461;residental;0.0;0.0
6417;17.1008638;51.1030918;residental;0.0;0.0
6418;17.1061137;51.1094873;residental;0.0;0.0
6419;17.062931;51.1100364;residental;0.0;0.0
6420;17.0865528;51.1017884;residental;0.0;0.0
6421;17.1048453;51.1049303;residental;0.0;0.0
6422;17.1085705;51.1080722;residental;0.0;0.0
6423;17.0114325;51.1024288;residental;0.0;0.0
6424;17.0947674;51.106516;residental;0.0;0.0
6425;17.1077645;51.1092364;residental;0.0;0.0
6426;17.1135955;51.1037729;residental;0.0;0.0
6427;17.1042468;51.1097155;residental;0.0;0.0
6428;17.0191899;51.1029471;residental;0.0;0.0
6429;17.1064731;51.1010227;residental;0.0;0.0
6430;17.0978092;51.1048612;residental;0.0;0.0
6431;17.0155966;51.1026458;residental;0.0;0.0
6432;17.1078539;51.1007916;residental;0.0;0.0
6433;17.1118222;51.1067978;residental;0.0;0.0
6434;17.1082562;51.1064694;residental;0.0;0.0
6435;17.1014637;51.1000429;residental;0.0;0.0
6436;17.027437;51.1002704;residental;0.0;0.0
6437;17.1066263;51.1087237;residental;0.0;0.0
6438;17.1040209;51.1023162;residental;0.0;0.0
6439;17.1142744;51.1031718;residental;0.0;0.0
6440;16.9478102;51.1032251;residental;0.0;0.0
6441;16.9613635;51.107331;residental;0.0;0.0
6442;17.1528424;51.1049299;residental;0.0;0.0
6443;17.095098;51.1077805;residental;0.0;0.0
6444;16.9499977;51.100887;residental;0.0;0.0
6445;17.1536294;51.1035951;residental;0.0;0.0
6446;17.1526555;51.1027675;residental;0.0;0.0
6447;17.1035199;51.1133804;residental;0.0;0.0
6448;17.0702377;51.113075;residental;0.0;0.0
6449;17.0556405;51.1129699;residental;0.0;0.0
6450;17.0307559;51.1183878;residental;0.0;0.0
6451;17.0834745;51.119218;residental;0.0;0.0
6452;17.0631201;51.1179844;residental;0.0;0.0
6453;16.9593793;51.1149562;residental;0.0;0.0
6454;17.0552695;51.1127965;residental;0.0;0.0
6455;17.0366858;51.1184244;residental;0.0;0.0
6456;17.101148;51.1114495;residental;0.0;0.0
6457;16.9968055;51.1135129;residental;0.0;0.0
6458;17.0147271;51.1180958;residental;0.0;0.0
6459;17.0453689;51.1198102;residental;0.0;0.0
6460;17.0047674;51.1184939;residental;0.0;0.0
6461;17.0562245;51.1133236;residental;0.0;0.0
6462;16.9510943;51.1178788;residental;0.0;0.0
6463;17.0518308;51.1143259;residental;0.0;0.0
6464;17.050873;51.1186206;residental;0.0;0.0
6465;16.9624468;51.1154768;residental;0.0;0.0
6466;17.0695358;51.1165651;residental;0.0;0.0
6467;17.0704408;51.1151203;residental;0.0;0.0
6468;16.9598325;51.1149178;residental;0.0;0.0
6469;17.0690229;51.1158235;residental;0.0;0.0
6470;17.051733;51.1169857;residental;0.0;0.0
6471;16.8764695;51.119399;residental;0.0;0.0
6472;17.049357;51.1193496;residental;0.0;0.0
6473;17.1042996;51.1111243;residental;0.0;0.0
6474;16.9541983;51.1177996;residental;0.0;0.0
6475;17.0578558;51.1167448;residental;0.0;0.0
6476;17.0087787;51.1154159;residental;0.0;0.0
6477;16.9599537;51.1116431;residental;0.0;0.0
6478;17.0632384;51.1154251;residental;0.0;0.0
6479;17.004052;51.1198538;residental;0.0;0.0
6480;17.0619625;51.1143055;residental;0.0;0.0
6481;17.0637248;51.1151171;residental;0.0;0.0
6482;17.0651997;51.1151998;residental;0.0;0.0
6483;17.0557425;51.1133693;residental;0.0;0.0
6484;17.032139;51.1112328;residental;0.0;0.0
6485;17.0451687;51.1197717;residental;0.0;0.0
6486;17.0351333;51.1197413;residental;0.0;0.0
6487;17.0319032;51.1166511;residental;0.0;0.0
6488;17.0661319;51.1136568;residental;0.0;0.0
6489;17.0235263;51.1107897;residental;0.0;0.0
6490;17.0038263;51.1195145;residental;0.0;0.0
6491;17.0349152;51.118174;residental;0.0;0.0
6492;17.0543748;51.1153215;residental;0.0;0.0
6493;17.0695638;51.1119498;residental;0.0;0.0
6494;17.0150299;51.1170223;residental;0.0;0.0
6495;17.0113937;51.1166776;residental;0.0;0.0
6496;17.1039817;51.1101416;residental;0.0;0.0
6497;16.9562535;51.1116938;residental;0.0;0.0
6498;17.0533109;51.1179724;residental;0.0;0.0
6499;17.0340864;51.110545;residental;0.0;0.0
6500;17.0457288;51.1174966;residental;0.0;0.0
6501;17.0404999;51.1187728;residental;0.0;0.0
6502;17.0403276;51.1189119;residental;0.0;0.0
6503;16.9307355;51.1191745;residental;0.0;0.0
6504;17.056411;51.1122264;residental;0.0;0.0
6505;17.0644902;51.1151851;residental;0.0;0.0
6506;17.0529517;51.1183045;residental;0.0;0.0
6507;17.0145297;51.114469;residental;0.0;0.0
6508;17.035837;51.1187213;residental;0.0;0.0
6509;17.0482611;51.1196336;residental;0.0;0.0
6510;17.102863;51.1120035;residental;0.0;0.0
6511;17.0699655;51.1125191;residental;0.0;0.0
6512;17.055908;51.112161;residental;0.0;0.0
6513;17.0255493;51.11561;residental;0.0;0.0
6514;17.0609793;51.1150128;residental;0.0;0.0
6515;17.004684;51.1181251;residental;0.0;0.0
6516;17.0964142;51.1135147;residental;0.0;0.0
6517;17.0576788;51.1155881;residental;0.0;0.0
6518;17.0019941;51.1183053;residental;0.0;0.0
6519;17.0204106;51.1128238;residental;0.0;0.0
6520;16.852919;51.1190225;residental;0.0;0.0
6521;17.0324117;51.111676;residental;0.0;0.0
6522;17.1065168;51.1105682;residental;0.0;0.0
6523;17.0737267;51.1191506;residental;0.0;0.0
6524;17.0340126;51.111128;residental;0.0;0.0
6525;17.1040284;51.1117337;residental;0.0;0.0
6526;17.084703;51.1179375;residental;0.0;0.0
6527;17.0822242;51.1181951;residental;0.0;0.0
6528;16.9624206;51.1131659;residental;0.0;0.0
6529;17.1215614;51.1109068;residental;0.0;0.0
6530;17.0655003;51.1139529;residental;0.0;0.0
6531;17.0514277;51.1190507;residental;0.0;0.0
6532;17.1425361;51.1105439;residental;0.0;0.0
6533;17.0373458;51.1186141;residental;0.0;0.0
6534;17.1096579;51.1115022;residental;0.0;0.0
6535;17.0215537;51.1104252;residental;0.0;0.0
6536;17.0532037;51.1190953;residental;0.0;0.0
6537;17.0094499;51.1147823;residental;0.0;0.0
6538;17.1361422;51.1116938;residental;0.0;0.0
6539;16.9622903;51.1133021;residental;0.0;0.0
6540;17.0136919;51.1114983;residental;0.0;0.0
6541;16.9607886;51.1135985;residental;0.0;0.0
6542;17.0051336;51.1174668;residental;0.0;0.0
6543;16.9516712;51.1142744;residental;0.0;0.0
6544;16.9469659;51.1168574;residental;0.0;0.0
6545;17.0633853;51.1114353;residental;0.0;0.0
6546;17.0613233;51.11597;residental;0.0;0.0
6547;17.0330633;51.1167571;residental;0.0;0.0
6548;17.081303;51.1179996;residental;0.0;0.0
6549;17.0620125;51.1150417;residental;0.0;0.0
6550;17.0149468;51.116883;residental;0.0;0.0
6551;17.1065851;51.1124693;residental;0.0;0.0
6552;17.0031829;51.115352;residental;0.0;0.0
6553;17.0431361;51.1186192;residental;0.0;0.0
6554;17.0076828;51.1175534;residental;0.0;0.0
6555;17.0624919;51.1150501;residental;0.0;0.0
6556;17.0108022;51.116073;residental;0.0;0.0
6557;17.0284442;51.1184567;residental;0.0;0.0
6558;17.0588087;51.1150705;residental;0.0;0.0
6559;17.0547958;51.1161762;residental;0.0;0.0
6560;17.0814478;51.1181271;residental;0.0;0.0
6561;17.0555934;51.1144154;residental;0.0;0.0
6562;17.0088542;51.1159681;residental;0.0;0.0
6563;17.0306957;51.1185294;residental;0.0;0.0
6564;17.0632983;51.1158597;residental;0.0;0.0
6565;17.1418885;51.1102795;residental;0.0;0.0
6566;17.0296106;51.1169473;residental;0.0;0.0
6567;17.0445182;51.1187619;residental;0.0;0.0
6568;17.0119464;51.1145427;residental;0.0;0.0
6569;17.0070499;51.1151117;residental;0.0;0.0
6570;17.0112651;51.1196277;residental;0.0;0.0
6571;17.0081671;51.117969;residental;0.0;0.0
6572;17.0056401;51.1187843;residental;0.0;0.0
6573;17.0965854;51.1135198;residental;0.0;0.0
6574;17.0510006;51.1181495;residental;0.0;0.0
6575;17.001258;51.1189017;residental;0.0;0.0
6576;17.0328852;51.1116677;residental;0.0;0.0
6577;17.0695904;51.1161583;residental;0.0;0.0
6578;17.0016338;51.1137803;residental;0.0;0.0
6579;17.082704;51.1191985;residental;0.0;0.0
6580;16.9511176;51.1176673;residental;0.0;0.0
6581;17.1421549;51.1101348;residental;0.0;0.0
6582;16.9547045;51.1119571;residental;0.0;0.0
6583;17.0790573;51.1197267;residental;0.0;0.0
6584;17.0047302;51.1198123;residental;0.0;0.0
6585;17.0535633;51.1140089;residental;0.0;0.0
6586;17.0531239;51.1175671;residental;0.0;0.0
6587;17.02796;51.1149745;residental;0.0;0.0
6588;17.0352416;51.1110123;residental;0.0;0.0
6589;17.0392723;51.1184593;residental;0.0;0.0
6590;17.0048338;51.1163076;residental;0.0;0.0
6591;17.000036;51.1147307;residental;0.0;0.0
6592;17.0084623;51.1145009;residental;0.0;0.0
6593;17.0112507;51.117653;residental;0.0;0.0
6594;17.087498;51.1188;residental;0.0;0.0
6595;17.0145633;51.1113712;residental;0.0;0.0
6596;16.9624982;51.1139639;residental;0.0;0.0
6597;17.0632259;51.1148032;residental;0.0;0.0
6598;17.0120509;51.1200027;residental;0.0;0.0
6599;17.0587436;51.1182742;residental;0.0;0.0
6600;17.0657025;51.1151295;residental;0.0;0.0
6601;17.0402958;51.1183115;residental;0.0;0.0
6602;16.9491812;51.1185631;residental;0.0;0.0
6603;17.0007225;51.1191379;residental;0.0;0.0
6604;17.0526871;51.1160278;residental;0.0;0.0
6605;17.0648394;51.113273;residental;0.0;0.0
6606;17.0017782;51.1193081;residental;0.0;0.0
6607;17.1054782;51.1122376;residental;0.0;0.0
6608;17.0340712;51.1109809;residental;0.0;0.0
6609;17.0054986;51.1185568;residental;0.0;0.0
6610;16.9591854;51.1138718;residental;0.0;0.0
6611;17.0776578;51.1197509;residental;0.0;0.0
6612;17.0210009;51.1135756;residental;0.0;0.0
6613;17.0126721;51.1173132;residental;0.0;0.0
6614;17.0590273;51.1189684;residental;0.0;0.0
6615;17.0312767;51.1126179;residental;0.0;0.0
6616;17.1057566;51.1127166;residental;0.0;0.0
6617;17.0645167;51.1149092;residental;0.0;0.0
6618;17.0135526;51.1173055;residental;0.0;0.0
6619;17.0041252;51.1182523;residental;0.0;0.0
6620;16.9606258;51.1101762;residental;0.0;0.0
6621;17.0635468;51.1175255;residental;0.0;0.0
6622;17.0112632;51.1141604;residental;0.0;0.0
6623;17.0548713;51.1140678;residental;0.0;0.0
6624;17.0531812;51.1177051;residental;0.0;0.0
6625;17.0817398;51.1183073;residental;0.0;0.0
6626;17.0450589;51.1188127;residental;0.0;0.0
6627;17.0598578;51.1139407;residental;0.0;0.0
6628;17.0881895;51.1188675;residental;0.0;0.0
6629;17.053166;51.1189323;residental;0.0;0.0
6630;17.0505285;51.1190749;residental;0.0;0.0
6631;17.0261717;51.1154129;residental;0.0;0.0
6632;17.0420921;51.1164735;residental;0.0;0.0
6633;17.1366975;51.110449;residental;0.0;0.0
6634;17.0336393;51.1171209;residental;0.0;0.0
6635;17.0007141;51.1138526;residental;0.0;0.0
6636;17.087433;51.1186055;residental;0.0;0.0
6637;17.0313271;51.1172385;residental;0.0;0.0
6638;17.092929;51.1134052;residental;0.0;0.0
6639;17.0367742;51.1111891;residental;0.0;0.0
6640;17.1013697;51.1134171;residental;0.0;0.0
6641;17.0356018;51.1118683;residental;0.0;0.0
6642;17.0327164;51.1163775;residental;0.0;0.0
6643;17.0001658;51.1153688;residental;0.0;0.0
6644;17.0602085;51.1190379;residental;0.0;0.0
6645;17.0645523;51.114622;residental;0.0;0.0
6646;17.1024622;51.1131354;residental;0.0;0.0
6647;17.0272797;51.1153818;residental;0.0;0.0
6648;17.0020692;51.1168679;residental;0.0;0.0
6649;16.9572943;51.1157406;residental;0.0;0.0
6650;17.0894825;51.11994;residental;0.0;0.0
6651;17.0321475;51.1181598;residental;0.0;0.0
6652;17.0234134;51.1101327;residental;0.0;0.0
6653;17.0564403;51.1130783;residental;0.0;0.0
6654;16.955158;51.1117234;residental;0.0;0.0
6655;16.9575282;51.1123331;residental;0.0;0.0
6656;17.0950008;51.1134689;residental;0.0;0.0
6657;16.9306585;51.1200265;residental;0.0;0.0
6658;17.0571568;51.1147223;residental;0.0;0.0
6659;17.0303279;51.1125271;residental;0.0;0.0
6660;16.9546406;51.111812;residental;0.0;0.0
6661;17.0580929;51.1180433;residental;0.0;0.0
6662;16.9635027;51.114552;residental;0.0;0.0
6663;16.9620377;51.1135662;residental;0.0;0.0
6664;17.075061;51.115982;residental;0.0;0.0
6665;17.0619524;51.114619;residental;0.0;0.0
6666;17.067501;51.1140968;residental;0.0;0.0
6667;17.0616237;51.1140652;residental;0.0;0.0
6668;17.0280974;51.1117105;residental;0.0;0.0
6669;17.0032287;51.1167563;residental;0.0;0.0
6670;17.104602;51.112603;residental;0.0;0.0
6671;17.062829;51.1107648;residental;0.0;0.0
6672;17.0571338;51.1192728;residental;0.0;0.0
6673;17.0395509;51.1195253;residental;0.0;0.0
6674;17.0888659;51.1106025;residental;0.0;0.0
6675;17.0513727;51.114935;residental;0.0;0.0
6676;17.004147;51.1183752;residental;0.0;0.0
6677;17.0504759;51.1170064;residental;0.0;0.0
6678;17.0533996;51.1135782;residental;0.0;0.0
6679;16.957923;51.1122015;residental;0.0;0.0
6680;17.0342658;51.1191419;residental;0.0;0.0
6681;17.0012634;51.1185732;residental;0.0;0.0
6682;16.9491003;51.1187724;residental;0.0;0.0
6683;17.0582409;51.1155959;residental;0.0;0.0
6684;17.1013645;51.110961;residental;0.0;0.0
6685;17.0854295;51.118203;residental;0.0;0.0
6686;17.0458111;51.1194076;residental;0.0;0.0
6687;17.084734;51.118175;residental;0.0;0.0
6688;17.106429;51.1123703;residental;0.0;0.0
6689;17.1036301;51.1102166;residental;0.0;0.0
6690;17.0299933;51.1169402;residental;0.0;0.0
6691;17.0155891;51.1175821;residental;0.0;0.0
6692;17.0607976;51.1164208;residental;0.0;0.0
6693;17.0061894;51.1161025;residental;0.0;0.0
6694;17.0140971;51.1189562;residental;0.0;0.0
6695;16.9628474;51.1146187;residental;0.0;0.0
6696;17.0943513;51.1134215;residental;0.0;0.0
6697;17.0048611;51.1164216;residental;0.0;0.0
6698;17.0339626;51.1105673;residental;0.0;0.0
6699;17.0548911;51.1157223;residental;0.0;0.0
6700;16.930717;51.119344;residental;0.0;0.0
6701;17.1070965;51.112368;residental;0.0;0.0
6702;17.0425038;51.1195634;residental;0.0;0.0
6703;17.0569331;51.1190551;residental;0.0;0.0
6704;17.0391805;51.1192993;residental;0.0;0.0
6705;17.0013589;51.1178961;residental;0.0;0.0
6706;17.0645046;51.1144796;residental;0.0;0.0
6707;17.0917693;51.11076;residental;0.0;0.0
6708;16.9553867;51.1111978;residental;0.0;0.0
6709;17.0624661;51.1149277;residental;0.0;0.0
6710;17.0064139;51.1101878;residental;0.0;0.0
6711;17.0586222;51.1172022;residental;0.0;0.0
6712;17.0591359;51.1137756;residental;0.0;0.0
6713;17.0517402;51.119282;residental;0.0;0.0
6714;17.0275601;51.1114029;residental;0.0;0.0
6715;17.0033658;51.1177672;residental;0.0;0.0
6716;16.9467668;51.1174996;residental;0.0;0.0
6717;17.0590581;51.1195975;residental;0.0;0.0
6718;17.0561489;51.1134305;residental;0.0;0.0
6719;17.059364;51.1191752;residental;0.0;0.0
6720;17.099089;51.111107;residental;0.0;0.0
6721;17.057995;51.1188274;residental;0.0;0.0
6722;17.0586659;51.1176691;residental;0.0;0.0
6723;17.0586662;51.1138961;residental;0.0;0.0
6724;17.0277638;51.1150519;residental;0.0;0.0
6725;16.9547928;51.1134955;residental;0.0;0.0
6726;17.0141643;51.119066;residental;0.0;0.0
6727;17.075092;51.1165115;residental;0.0;0.0
6728;17.0676608;51.1165784;residental;0.0;0.0
6729;17.1005705;51.1135296;residental;0.0;0.0
6730;17.0591877;51.1190775;residental;0.0;0.0
6731;17.0132805;51.1193536;residental;0.0;0.0
6732;17.0520042;51.1148695;residental;0.0;0.0
6733;17.1059346;51.1101632;residental;0.0;0.0
6734;17.0210497;51.1166408;residental;0.0;0.0
6735;17.0173826;51.1136349;residental;0.0;0.0
6736;17.0083937;51.1183262;residental;0.0;0.0
6737;17.0290543;51.1169636;residental;0.0;0.0
6738;17.0353801;51.1180715;residental;0.0;0.0
6739;16.9645988;51.1143043;residental;0.0;0.0
6740;17.0510158;51.1178118;residental;0.0;0.0
6741;17.1014529;51.1121996;residental;0.0;0.0
6742;17.0326785;51.1119753;residental;0.0;0.0
6743;17.0147925;51.1182118;residental;0.0;0.0
6744;17.0576031;51.1151345;residental;0.0;0.0
6745;17.1069422;51.112461;residental;0.0;0.0
6746;17.1063406;51.1109706;residental;0.0;0.0
6747;17.0248738;51.1136732;residental;0.0;0.0
6748;17.010019;51.1136242;residental;0.0;0.0
6749;17.0155827;51.1117733;residental;0.0;0.0
6750;17.0637409;51.1105197;residental;0.0;0.0
6751;17.0157058;51.1121455;residental;0.0;0.0
6752;17.0579795;51.1199615;residental;0.0;0.0
6753;17.0590962;51.1161682;residental;0.0;0.0
6754;17.0286775;51.1115915;residental;0.0;0.0
6755;17.0269706;51.1121646;residental;0.0;0.0
6756;17.0010171;51.1153518;residental;0.0;0.0
6757;17.0698798;51.1152299;residental;0.0;0.0
6758;17.0371949;51.1190772;residental;0.0;0.0
6759;17.049862;51.1189164;residental;0.0;0.0
6760;17.0548421;51.1114264;residental;0.0;0.0
6761;17.0118081;51.1165577;residental;0.0;0.0
6762;17.0636195;51.1117167;residental;0.0;0.0
6763;17.0612614;51.1186104;residental;0.0;0.0
6764;17.0172623;51.1158753;residental;0.0;0.0
6765;17.060083;51.1156315;residental;0.0;0.0
6766;16.9480985;51.1185607;residental;0.0;0.0
6767;17.0426449;51.1197834;residental;0.0;0.0
6768;17.0615505;51.1104863;residental;0.0;0.0
6769;16.9641375;51.1142052;residental;0.0;0.0
6770;17.1019205;51.1119845;residental;0.0;0.0
6771;17.1365038;51.1108355;residental;0.0;0.0
6772;17.0676769;51.1163002;residental;0.0;0.0
6773;17.0593215;51.1161424;residental;0.0;0.0
6774;17.0007335;51.1189609;residental;0.0;0.0
6775;17.0617519;51.1181846;residental;0.0;0.0
6776;17.0330711;51.1116309;residental;0.0;0.0
6777;17.063262;51.1151293;residental;0.0;0.0
6778;17.0127565;51.1174459;residental;0.0;0.0
6779;17.0561291;51.1145939;residental;0.0;0.0
6780;17.0142757;51.1143288;residental;0.0;0.0
6781;17.1038116;51.1126698;residental;0.0;0.0
6782;17.0614434;51.1140353;residental;0.0;0.0
6783;17.1022975;51.113605;residental;0.0;0.0
6784;17.0049073;51.1166482;residental;0.0;0.0
6785;17.0490454;51.1179583;residental;0.0;0.0
6786;16.8862802;51.1142176;residental;0.0;0.0
6787;17.0378689;51.1188799;residental;0.0;0.0
6788;17.1292037;51.1157314;residental;0.0;0.0
6789;17.0033695;51.1153171;residental;0.0;0.0
6790;17.0539891;51.11322;residental;0.0;0.0
6791;17.0138825;51.1121547;residental;0.0;0.0
6792;16.9630206;51.1141251;residental;0.0;0.0
6793;17.0424031;51.1180323;residental;0.0;0.0
6794;17.0358773;51.1113553;residental;0.0;0.0
6795;17.0752783;51.1131317;residental;0.0;0.0
6796;17.0660565;51.1141105;residental;0.0;0.0
6797;17.0347135;51.1109124;residental;0.0;0.0
6798;16.9268787;51.1169152;residental;0.0;0.0
6799;17.127519;51.113874;residental;0.0;0.0
6800;17.0539327;51.1153738;residental;0.0;0.0
6801;17.0322328;51.1161765;residental;0.0;0.0
6802;17.0024223;51.1155681;residental;0.0;0.0
6803;16.9946105;51.1142758;residental;0.0;0.0
6804;16.9491942;51.1184809;residental;0.0;0.0
6805;17.0611551;51.1106158;residental;0.0;0.0
6806;17.0012356;51.116421;residental;0.0;0.0
6807;17.0343784;51.1113173;residental;0.0;0.0
6808;17.0521977;51.1178123;residental;0.0;0.0
6809;17.1366723;51.1101775;residental;0.0;0.0
6810;17.0044451;51.1193341;residental;0.0;0.0
6811;17.0338736;51.1107858;residental;0.0;0.0
6812;17.0918158;51.1113414;residental;0.0;0.0
6813;16.9639124;51.1141461;residental;0.0;0.0
6814;17.0637617;51.1144272;residental;0.0;0.0
6815;17.0040816;51.1180073;residental;0.0;0.0
6816;16.8572135;51.1192897;residental;0.0;0.0
6817;17.0566194;51.1117348;residental;0.0;0.0
6818;16.9643655;51.1142584;residental;0.0;0.0
6819;17.0987497;51.1127245;residental;0.0;0.0
6820;16.9490992;51.1187621;residental;0.0;0.0
6821;17.0650576;51.1150728;residental;0.0;0.0
6822;17.08271;51.1174875;residental;0.0;0.0
6823;17.1044233;51.1123177;residental;0.0;0.0
6824;16.9510469;51.1124071;residental;0.0;0.0
6825;17.0298013;51.1169426;residental;0.0;0.0
6826;17.0624013;51.1108569;residental;0.0;0.0
6827;17.0409424;51.1189279;residental;0.0;0.0
6828;17.0589858;51.1141805;residental;0.0;0.0
6829;16.9571415;51.1117468;residental;0.0;0.0
6830;17.1025768;51.1135199;residental;0.0;0.0
6831;17.1000575;51.1107655;residental;0.0;0.0
6832;17.038507;51.1193264;residental;0.0;0.0
6833;17.0603146;51.1147716;residental;0.0;0.0
6834;17.0151137;51.1158999;residental;0.0;0.0
6835;17.0679533;51.1167435;residental;0.0;0.0
6836;17.0024833;51.1168687;residental;0.0;0.0
6837;17.0638408;51.1171679;residental;0.0;0.0
6838;17.0555698;51.1124499;residental;0.0;0.0
6839;17.1019533;51.1110154;residental;0.0;0.0
6840;17.0584772;51.119969;residental;0.0;0.0
6841;17.0321731;51.1179555;residental;0.0;0.0
6842;17.0529554;51.1171612;residental;0.0;0.0
6843;17.091951;51.112911;residental;0.0;0.0
6844;17.0042402;51.1164929;residental;0.0;0.0
6845;17.0013445;51.1144338;residental;0.0;0.0
6846;16.950814;51.1183579;residental;0.0;0.0
6847;16.9593776;51.1155021;residental;0.0;0.0
6848;17.0830875;51.119217;residental;0.0;0.0
6849;16.8861966;51.1144392;residental;0.0;0.0
6850;16.9607398;51.1148403;residental;0.0;0.0
6851;17.0897445;51.1186525;residental;0.0;0.0
6852;17.083255;51.119648;residental;0.0;0.0
6853;17.0126173;51.1133446;residental;0.0;0.0
6854;17.0133951;51.1198336;residental;0.0;0.0
6855;17.0968368;51.113501;residental;0.0;0.0
6856;17.0600467;51.1107593;residental;0.0;0.0
6857;17.0935328;51.1132497;residental;0.0;0.0
6858;16.9561246;51.116191;residental;0.0;0.0
6859;16.9467452;51.1177682;residental;0.0;0.0
6860;17.1081679;51.1117186;residental;0.0;0.0
6861;17.01516;51.1178386;residental;0.0;0.0
6862;17.100698;51.111016;residental;0.0;0.0
6863;17.0883885;51.119073;residental;0.0;0.0
6864;17.0016099;51.1162484;residental;0.0;0.0
6865;17.1038657;51.1118032;residental;0.0;0.0
6866;17.0607086;51.1183851;residental;0.0;0.0
6867;16.9600584;51.1148992;residental;0.0;0.0
6868;17.0525601;51.1191826;residental;0.0;0.0
6869;17.0620691;51.1153223;residental;0.0;0.0
6870;17.0536407;51.1135591;residental;0.0;0.0
6871;17.058748;51.118124;residental;0.0;0.0
6872;17.0459038;51.1195201;residental;0.0;0.0
6873;17.0002804;51.1159277;residental;0.0;0.0
6874;17.0602291;51.1144321;residental;0.0;0.0
6875;16.9594081;51.1156419;residental;0.0;0.0
6876;17.0084297;51.1137539;residental;0.0;0.0
6877;17.0024024;51.1154832;residental;0.0;0.0
6878;16.852783;51.118692;residental;0.0;0.0
6879;17.0274478;51.1152625;residental;0.0;0.0
6880;17.091826;51.111178;residental;0.0;0.0
6881;17.060968;51.1167339;residental;0.0;0.0
6882;17.0554067;51.1130773;residental;0.0;0.0
6883;16.9601659;51.1135063;residental;0.0;0.0
6884;17.0320989;51.1184752;residental;0.0;0.0
6885;16.9507496;51.1127946;residental;0.0;0.0
6886;17.0303394;51.1169336;residental;0.0;0.0
6887;17.0104685;51.1172592;residental;0.0;0.0
6888;17.0845905;51.1175615;residental;0.0;0.0
6889;17.0521501;51.1183607;residental;0.0;0.0
6890;17.0222669;51.1184236;residental;0.0;0.0
6891;17.0164239;51.1142986;residental;0.0;0.0
6892;17.096238;51.110649;residental;0.0;0.0
6893;17.0530111;51.1172915;residental;0.0;0.0
6894;17.108313;51.1116435;residental;0.0;0.0
6895;17.053909;51.1139832;residental;0.0;0.0
6896;17.0812443;51.1178376;residental;0.0;0.0
6897;17.0298063;51.1183048;residental;0.0;0.0
6898;17.0623914;51.1182594;residental;0.0;0.0
6899;17.0336875;51.1115093;residental;0.0;0.0
6900;17.1050258;51.111952;residental;0.0;0.0
6901;17.0125376;51.1170977;residental;0.0;0.0
6902;17.0592058;51.1186814;residental;0.0;0.0
6903;17.0462221;51.1195202;residental;0.0;0.0
6904;17.0155239;51.1116053;residental;0.0;0.0
6905;17.0921843;51.1132054;residental;0.0;0.0
6906;17.0148521;51.112011;residental;0.0;0.0
6907;17.030499;51.1182726;residental;0.0;0.0
6908;17.0041182;51.1151796;residental;0.0;0.0
6909;17.0038464;51.1165727;residental;0.0;0.0
6910;17.1431267;51.1102025;residental;0.0;0.0
6911;17.057569;51.1149693;residental;0.0;0.0
6912;17.0099812;51.115785;residental;0.0;0.0
6913;17.030341;51.1198775;residental;0.0;0.0
6914;17.063685;51.1147037;residental;0.0;0.0
6915;17.085149;51.117478;residental;0.0;0.0
6916;17.0530962;51.1187585;residental;0.0;0.0
6917;17.1037235;51.112527;residental;0.0;0.0
6918;17.1078426;51.1115732;residental;0.0;0.0
6919;17.0126736;51.1198472;residental;0.0;0.0
6920;16.8560435;51.1195066;residental;0.0;0.0
6921;16.9618393;51.1155682;residental;0.0;0.0
6922;17.0699304;51.1127104;residental;0.0;0.0
6923;17.0360715;51.1189977;residental;0.0;0.0
6924;17.0690575;51.1156382;residental;0.0;0.0
6925;17.0581125;51.114972;residental;0.0;0.0
6926;17.0794845;51.1196125;residental;0.0;0.0
6927;17.1058412;51.111991;residental;0.0;0.0
6928;17.0128347;51.1194363;residental;0.0;0.0
6929;17.051493;51.1185256;residental;0.0;0.0
6930;17.0607192;51.1173643;residental;0.0;0.0
6931;17.0552496;51.1137021;residental;0.0;0.0
6932;17.0539118;51.1177153;residental;0.0;0.0
6933;17.0635026;51.1115773;residental;0.0;0.0
6934;16.9618093;51.115148;residental;0.0;0.0
6935;16.9611354;51.1130379;residental;0.0;0.0
6936;17.0058559;51.1157546;residental;0.0;0.0
6937;17.0124517;51.1169618;residental;0.0;0.0
6938;17.0611091;51.1171011;residental;0.0;0.0
6939;17.0335177;51.1189221;residental;0.0;0.0
6940;17.060752;51.1107463;residental;0.0;0.0
6941;16.9570122;51.1123825;residental;0.0;0.0
6942;16.9965508;51.1133116;residental;0.0;0.0
6943;16.955675;51.1116339;residental;0.0;0.0
6944;17.1413637;51.1105567;residental;0.0;0.0
6945;17.0567007;51.1116096;residental;0.0;0.0
6946;17.070214;51.1139772;residental;0.0;0.0
6947;17.0585954;51.1173663;residental;0.0;0.0
6948;17.0988095;51.1135629;residental;0.0;0.0
6949;17.0595516;51.1161183;residental;0.0;0.0
6950;16.93077;51.1190155;residental;0.0;0.0
6951;17.0441066;51.1187189;residental;0.0;0.0
6952;17.0492754;51.1190021;residental;0.0;0.0
6953;17.0316944;51.1113949;residental;0.0;0.0
6954;17.003582;51.1191082;residental;0.0;0.0
6955;17.0035018;51.1186184;residental;0.0;0.0
6956;17.0615796;51.1183379;residental;0.0;0.0
6957;17.0333169;51.1115824;residental;0.0;0.0
6958;17.0044367;51.1164539;residental;0.0;0.0
6959;17.0055696;51.118671;residental;0.0;0.0
6960;16.9626559;51.1146354;residental;0.0;0.0
6961;17.0088325;51.1173267;residental;0.0;0.0
6962;17.0521348;51.1186468;residental;0.0;0.0
6963;17.0629464;51.1181072;residental;0.0;0.0
6964;17.0609541;51.1106806;residental;0.0;0.0
6965;17.053139;51.116314;residental;0.0;0.0
6966;17.08969;51.1191925;residental;0.0;0.0
6967;17.0330239;51.1195087;residental;0.0;0.0
6968;17.076342;51.1123645;residental;0.0;0.0
6969;17.0394822;51.1184095;residental;0.0;0.0
6970;17.0145708;51.1187487;residental;0.0;0.0
6971;16.9595499;51.1140115;residental;0.0;0.0
6972;17.0346031;51.1113093;residental;0.0;0.0
6973;17.103635;51.1123841;residental;0.0;0.0
6974;17.089889;51.118411;residental;0.0;0.0
6975;17.0053534;51.1183251;residental;0.0;0.0
6976;17.0135619;51.1132419;residental;0.0;0.0
6977;16.9267782;51.116911;residental;0.0;0.0
6978;17.0083424;51.117423;residental;0.0;0.0
6979;17.0272448;51.1133732;residental;0.0;0.0
6980;17.1054531;51.1102263;residental;0.0;0.0
6981;17.088266;51.119575;residental;0.0;0.0
6982;17.0568826;51.111362;residental;0.0;0.0
6983;17.09003;51.1198425;residental;0.0;0.0
6984;16.962201;51.1146497;residental;0.0;0.0
6985;17.0039188;51.1159695;residental;0.0;0.0
6986;17.0636058;51.1168226;residental;0.0;0.0
6987;17.0569159;51.1143761;residental;0.0;0.0
6988;17.0338007;51.1106;residental;0.0;0.0
6989;17.0559639;51.1128752;residental;0.0;0.0
6990;17.1080064;51.1116523;residental;0.0;0.0
6991;17.0879135;51.118365;residental;0.0;0.0
6992;17.1035098;51.1119094;residental;0.0;0.0
6993;17.0141282;51.1114345;residental;0.0;0.0
6994;17.0560616;51.1119468;residental;0.0;0.0
6995;17.0864705;51.1183255;residental;0.0;0.0
6996;16.9593463;51.1153582;residental;0.0;0.0
6997;17.0560944;51.1167422;residental;0.0;0.0
6998;16.9636106;51.1149882;residental;0.0;0.0
6999;17.0602319;51.1146137;residental;0.0;0.0
7000;16.957825;51.1101757;residental;0.0;0.0
7001;17.05613;51.1118266;residental;0.0;0.0
7002;17.0548646;51.1116108;residental;0.0;0.0
7003;17.1025735;51.112005;residental;0.0;0.0
7004;17.0049831;51.1170864;residental;0.0;0.0
7005;17.0034239;51.1181307;residental;0.0;0.0
7006;17.0335254;51.1126191;residental;0.0;0.0
7007;17.1041105;51.1131415;residental;0.0;0.0
7008;17.085361;51.118043;residental;0.0;0.0
7009;16.9642527;51.1150546;residental;0.0;0.0
7010;17.0564066;51.1174396;residental;0.0;0.0
7011;17.0286731;51.1184345;residental;0.0;0.0
7012;17.1023166;51.1126449;residental;0.0;0.0
7013;17.0780595;51.119189;residental;0.0;0.0
7014;17.0581727;51.1195621;residental;0.0;0.0
7015;17.0301731;51.1174168;residental;0.0;0.0
7016;17.1358836;51.1115798;residental;0.0;0.0
7017;17.0361623;51.1118304;residental;0.0;0.0
7018;17.1033184;51.1134167;residental;0.0;0.0
7019;17.0322784;51.1114242;residental;0.0;0.0
7020;17.0313978;51.1172569;residental;0.0;0.0
7021;17.0336987;51.1189757;residental;0.0;0.0
7022;17.025861;51.1155128;residental;0.0;0.0
7023;17.0584233;51.1195167;residental;0.0;0.0
7024;17.0604;51.1150732;residental;0.0;0.0
7025;17.0580759;51.1192659;residental;0.0;0.0
7026;17.0346086;51.1120641;residental;0.0;0.0
7027;17.0560865;51.1154327;residental;0.0;0.0
7028;17.104093;51.1110645;residental;0.0;0.0
7029;17.1422866;51.110697;residental;0.0;0.0
7030;17.0519238;51.1146497;residental;0.0;0.0
7031;17.0427832;51.1198822;residental;0.0;0.0
7032;17.0046037;51.1153496;residental;0.0;0.0
7033;17.0483866;51.1200641;residental;0.0;0.0
7034;17.0607375;51.1162985;residental;0.0;0.0
7035;17.0899265;51.119431;residental;0.0;0.0
7036;16.9727258;51.1114793;residental;0.0;0.0
7037;17.0581798;51.1152836;residental;0.0;0.0
7038;16.9568344;51.1117426;residental;0.0;0.0
7039;17.0034637;51.1183754;residental;0.0;0.0
7040;17.0603225;51.1188899;residental;0.0;0.0
7041;17.1058245;51.1129488;residental;0.0;0.0
7042;17.0148299;51.1141006;residental;0.0;0.0
7043;17.085492;51.118294;residental;0.0;0.0
7044;16.8955681;51.1197432;residental;0.0;0.0
7045;17.056561;51.1177861;residental;0.0;0.0
7046;17.0000513;51.1152193;residental;0.0;0.0
7047;17.0044951;51.1149615;residental;0.0;0.0
7048;17.01528;51.1131769;residental;0.0;0.0
7049;17.0850455;51.1185685;residental;0.0;0.0
7050;17.0625151;51.1151748;residental;0.0;0.0
7051;17.0401777;51.1190593;residental;0.0;0.0
7052;17.1058527;51.1125015;residental;0.0;0.0
7053;17.0359157;51.1188468;residental;0.0;0.0
7054;17.0094409;51.1171181;residental;0.0;0.0
7055;17.0917321;51.1103379;residental;0.0;0.0
7056;17.0387493;51.1195426;residental;0.0;0.0
7057;17.0017949;51.116207;residental;0.0;0.0
7058;16.9561905;51.1115492;residental;0.0;0.0
7059;17.1414926;51.1107332;residental;0.0;0.0
7060;17.10327;51.1112221;residental;0.0;0.0
7061;17.0539544;51.1178655;residental;0.0;0.0
7062;17.0129169;51.1198124;residental;0.0;0.0
7063;16.9604584;51.1139192;residental;0.0;0.0
7064;17.0084955;51.1160339;residental;0.0;0.0
7065;17.0625557;51.1168309;residental;0.0;0.0
7066;17.0631268;51.1144122;residental;0.0;0.0
7067;17.0623927;51.116923;residental;0.0;0.0
7068;16.8564088;51.1194941;residental;0.0;0.0
7069;17.0012813;51.1190599;residental;0.0;0.0
7070;17.0165158;51.1122996;residental;0.0;0.0
7071;17.1427718;51.1103576;residental;0.0;0.0
7072;17.0019755;51.1161679;residental;0.0;0.0
7073;17.0020178;51.1181134;residental;0.0;0.0
7074;17.0999645;51.111856;residental;0.0;0.0
7075;17.0237532;51.11187;residental;0.0;0.0
7076;17.062198;51.118129;residental;0.0;0.0
7077;17.0875245;51.118941;residental;0.0;0.0
7078;16.9612214;51.115333;residental;0.0;0.0
7079;17.0302783;51.1200988;residental;0.0;0.0
7080;16.9963002;51.1133173;residental;0.0;0.0
7081;17.0331231;51.1127007;residental;0.0;0.0
7082;17.1036904;51.1118611;residental;0.0;0.0
7083;17.1047469;51.1128485;residental;0.0;0.0
7084;17.087575;51.1192075;residental;0.0;0.0
7085;17.0554389;51.1127327;residental;0.0;0.0
7086;17.0654223;51.1145804;residental;0.0;0.0
7087;17.0424165;51.1168964;residental;0.0;0.0
7088;17.0619897;51.1141491;residental;0.0;0.0
7089;17.0547454;51.113019;residental;0.0;0.0
7090;17.0994375;51.111108;residental;0.0;0.0
7091;17.0013752;51.1177752;residental;0.0;0.0
7092;16.852212;51.1170875;residental;0.0;0.0
7093;17.0497153;51.1181356;residental;0.0;0.0
7094;16.9137147;51.1107234;residental;0.0;0.0
7095;16.8875328;51.1135666;residental;0.0;0.0
7096;17.0603095;51.1175556;residental;0.0;0.0
7097;17.077322;51.118972;residental;0.0;0.0
7098;16.9520244;51.1179638;residental;0.0;0.0
7099;17.034649;51.1105872;residental;0.0;0.0
7100;17.1057108;51.1111492;residental;0.0;0.0
7101;17.0550448;51.1132339;residental;0.0;0.0
7102;17.0555519;51.1136311;residental;0.0;0.0
7103;17.0495518;51.1173541;residental;0.0;0.0
7104;17.0571757;51.1115779;residental;0.0;0.0
7105;17.0370734;51.1191547;residental;0.0;0.0
7106;17.0536687;51.1149909;residental;0.0;0.0
7107;17.0040596;51.1178872;residental;0.0;0.0
7108;17.1005826;51.1133803;residental;0.0;0.0
7109;17.0510279;51.1179827;residental;0.0;0.0
7110;17.0573424;51.1164228;residental;0.0;0.0
7111;17.0632225;51.1146389;residental;0.0;0.0
7112;17.1006885;51.112029;residental;0.0;0.0
7113;16.9588464;51.1143422;residental;0.0;0.0
7114;16.9637392;51.1146009;residental;0.0;0.0
7115;17.1022794;51.1125215;residental;0.0;0.0
7116;17.0013135;51.1182116;residental;0.0;0.0
7117;17.1006815;51.1108715;residental;0.0;0.0
7118;17.0285587;51.1170158;residental;0.0;0.0
7119;17.0627264;51.1167377;residental;0.0;0.0
7120;17.0357952;51.1185828;residental;0.0;0.0
7121;17.0266061;51.1134911;residental;0.0;0.0
7122;17.0491744;51.1196134;residental;0.0;0.0
7123;17.1035616;51.1109127;residental;0.0;0.0
7124;17.0037441;51.1152481;residental;0.0;0.0
7125;17.05542;51.1147155;residental;0.0;0.0
7126;17.0526751;51.1158914;residental;0.0;0.0
7127;17.002059;51.117698;residental;0.0;0.0
7128;17.0605034;51.1174567;residental;0.0;0.0
7129;17.062437;51.1143658;residental;0.0;0.0
7130;17.0757995;51.1126656;residental;0.0;0.0
7131;17.0516616;51.1173273;residental;0.0;0.0
7132;17.0581962;51.1184155;residental;0.0;0.0
7133;17.0368898;51.118863;residental;0.0;0.0
7134;17.0016046;51.1134976;residental;0.0;0.0
7135;17.060924;51.1148642;residental;0.0;0.0
7136;17.0620527;51.1173516;residental;0.0;0.0
7137;17.0082563;51.1181096;residental;0.0;0.0
7138;17.1005786;51.1134305;residental;0.0;0.0
7139;17.0548397;51.1155974;residental;0.0;0.0
7140;17.0354173;51.1189131;residental;0.0;0.0
7141;17.10115;51.1113595;residental;0.0;0.0
7142;17.1035458;51.1122398;residental;0.0;0.0
7143;17.0921777;51.111703;residental;0.0;0.0
7144;17.0581641;51.1151268;residental;0.0;0.0
7145;17.104875;51.1109074;residental;0.0;0.0
7146;17.096107;51.1106455;residental;0.0;0.0
7147;17.0753401;51.1134601;residental;0.0;0.0
7148;17.0549422;51.1158361;residental;0.0;0.0
7149;17.10184;51.1135755;residental;0.0;0.0
7150;16.886755;51.1132564;residental;0.0;0.0
7151;16.9635472;51.1143223;residental;0.0;0.0
7152;16.9259056;51.1168735;residental;0.0;0.0
7153;16.9552207;51.1118673;residental;0.0;0.0
7154;17.1042075;51.1100927;residental;0.0;0.0
7155;16.9607455;51.1111468;residental;0.0;0.0
7156;17.1036502;51.1106386;residental;0.0;0.0
7157;17.0534534;51.1132719;residental;0.0;0.0
7158;17.0328127;51.1197978;residental;0.0;0.0
7159;17.0171333;51.1156572;residental;0.0;0.0
7160;17.0563248;51.1145509;residental;0.0;0.0
7161;17.056685;51.1144338;residental;0.0;0.0
7162;17.0374203;51.1118953;residental;0.0;0.0
7163;17.0666094;51.1149252;residental;0.0;0.0
7164;17.0343452;51.1179844;residental;0.0;0.0
7165;17.0329209;51.1184169;residental;0.0;0.0
7166;17.0158586;51.1179734;residental;0.0;0.0
7167;17.0150513;51.1168585;residental;0.0;0.0
7168;17.0607992;51.1144135;residental;0.0;0.0
7169;17.0135161;51.1193369;residental;0.0;0.0
7170;17.0544378;51.1134149;residental;0.0;0.0
7171;17.0625342;51.1142344;residental;0.0;0.0
7172;17.0530355;51.1185799;residental;0.0;0.0
7173;17.0503273;51.1173045;residental;0.0;0.0
7174;17.0560484;51.1186393;residental;0.0;0.0
7175;17.1006875;51.1119795;residental;0.0;0.0
7176;16.9628574;51.1140623;residental;0.0;0.0
7177;17.0781;51.119865;residental;0.0;0.0
7178;17.0628845;51.1166544;residental;0.0;0.0
7179;17.0532366;51.1178433;residental;0.0;0.0
7180;17.0165315;51.1170286;residental;0.0;0.0
7181;17.0354266;51.1115013;residental;0.0;0.0
7182;17.0611175;51.1155273;residental;0.0;0.0
7183;17.0515576;51.1181838;residental;0.0;0.0
7184;17.0013316;51.1142922;residental;0.0;0.0
7185;17.1094025;51.1116389;residental;0.0;0.0
7186;17.0057119;51.1188964;residental;0.0;0.0
7187;17.0398494;51.1187932;residental;0.0;0.0
7188;16.9468278;51.1170092;residental;0.0;0.0
7189;17.0536756;51.1162665;residental;0.0;0.0
7190;17.061967;51.1180399;residental;0.0;0.0
7191;17.062208;51.1109376;residental;0.0;0.0
7192;17.0099019;51.1181263;residental;0.0;0.0
7193;17.0325599;51.1183024;residental;0.0;0.0
7194;17.0382155;51.1191256;residental;0.0;0.0
7195;17.102647;51.1120075;residental;0.0;0.0
7196;17.064053;51.1179426;residental;0.0;0.0
7197;17.0356304;51.1184392;residental;0.0;0.0
7198;17.0399806;51.1186977;residental;0.0;0.0
7199;17.1036638;51.1104976;residental;0.0;0.0
7200;17.0606316;51.1186554;residental;0.0;0.0
7201;17.0325511;51.1164306;residental;0.0;0.0
7202;17.0520691;51.1190647;residental;0.0;0.0
7203;17.0330745;51.116571;residental;0.0;0.0
7204;17.0578973;51.1193707;residental;0.0;0.0
7205;17.0020769;51.1175702;residental;0.0;0.0
7206;16.9616593;51.1131719;residental;0.0;0.0
7207;17.0517981;51.1152572;residental;0.0;0.0
7208;17.0081774;51.1174554;residental;0.0;0.0
7209;17.0144758;51.1123687;residental;0.0;0.0
7210;17.0529032;51.117004;residental;0.0;0.0
7211;17.0613233;51.1161577;residental;0.0;0.0
7212;17.0602034;51.1181089;residental;0.0;0.0
7213;17.0557468;51.114137;residental;0.0;0.0
7214;17.0317965;51.1163751;residental;0.0;0.0
7215;17.0545421;51.1179062;residental;0.0;0.0
7216;17.0578053;51.1188991;residental;0.0;0.0
7217;17.0822665;51.1176265;residental;0.0;0.0
7218;17.0306007;51.1189646;residental;0.0;0.0
7219;17.0558295;51.1117219;residental;0.0;0.0
7220;17.049774;51.1184018;residental;0.0;0.0
7221;16.8854567;51.1140384;residental;0.0;0.0
7222;16.9548836;51.1181155;residental;0.0;0.0
7223;16.954571;51.1121938;residental;0.0;0.0
7224;17.0527097;51.1161704;residental;0.0;0.0
7225;17.0131326;51.1197518;residental;0.0;0.0
7226;17.0370919;51.1187543;residental;0.0;0.0
7227;17.0601219;51.11766;residental;0.0;0.0
7228;17.1062709;51.1122701;residental;0.0;0.0
7229;17.0693343;51.1119756;residental;0.0;0.0
7230;17.0321534;51.1170045;residental;0.0;0.0
7231;17.1053287;51.1121425;residental;0.0;0.0
7232;17.0478853;51.1196163;residental;0.0;0.0
7233;16.961192;51.1152003;residental;0.0;0.0
7234;17.1043369;51.1115346;residental;0.0;0.0
7235;17.0550942;51.1128813;residental;0.0;0.0
7236;17.0947247;51.1134596;residental;0.0;0.0
7237;17.1410966;51.1106906;residental;0.0;0.0
7238;17.0636867;51.1145524;residental;0.0;0.0
7239;17.0010699;51.1200922;residental;0.0;0.0
7240;17.0607492;51.1142564;residental;0.0;0.0
7241;17.0552067;51.1152612;residental;0.0;0.0
7242;16.9525018;51.1124585;residental;0.0;0.0
7243;17.024366;51.1136164;residental;0.0;0.0
7244;17.0351612;51.1196177;residental;0.0;0.0
7245;17.0568874;51.1120375;residental;0.0;0.0
7246;17.0977489;51.1134488;residental;0.0;0.0
7247;17.0166722;51.1158465;residental;0.0;0.0
7248;17.0496958;51.1180247;residental;0.0;0.0
7249;17.1293113;51.1158741;residental;0.0;0.0
7250;17.042117;51.1162626;residental;0.0;0.0
7251;17.0294357;51.1169484;residental;0.0;0.0
7252;16.9615629;51.1117973;residental;0.0;0.0
7253;17.0567579;51.1114776;residental;0.0;0.0
7254;17.0619827;51.1148972;residental;0.0;0.0
7255;17.0862415;51.117726;residental;0.0;0.0
7256;17.052188;51.1180108;residental;0.0;0.0
7257;17.0327441;51.1183605;residental;0.0;0.0
7258;17.0149781;51.1112464;residental;0.0;0.0
7259;17.0538907;51.117565;residental;0.0;0.0
7260;17.0047528;51.1159123;residental;0.0;0.0
7261;17.0302832;51.1197125;residental;0.0;0.0
7262;17.0576153;51.1197619;residental;0.0;0.0
7263;16.9556167;51.1120122;residental;0.0;0.0
7264;17.0158091;51.112383;residental;0.0;0.0
7265;17.0637092;51.1149762;residental;0.0;0.0
7266;17.0096299;51.1170632;residental;0.0;0.0
7267;17.0421815;51.1166092;residental;0.0;0.0
7268;17.0988329;51.1126216;residental;0.0;0.0
7269;16.952115;51.1181381;residental;0.0;0.0
7270;16.9552834;51.1120109;residental;0.0;0.0
7271;16.9547883;51.1144363;residental;0.0;0.0
7272;16.9603564;51.1128012;residental;0.0;0.0
7273;17.083799;51.119028;residental;0.0;0.0
7274;17.0085077;51.1173908;residental;0.0;0.0
7275;17.1072525;51.1122752;residental;0.0;0.0
7276;17.0370322;51.1195444;residental;0.0;0.0
7277;17.0035607;51.1189846;residental;0.0;0.0
7278;17.0077415;51.1140297;residental;0.0;0.0
7279;17.0318851;51.1133056;residental;0.0;0.0
7280;17.0370538;51.1119573;residental;0.0;0.0
7281;17.0539933;51.1180556;residental;0.0;0.0
7282;17.0640208;51.114448;residental;0.0;0.0
7283;16.8679756;51.1189871;residental;0.0;0.0
7284;17.0653553;51.1151762;residental;0.0;0.0
7285;17.0046318;51.1171953;residental;0.0;0.0
7286;17.0149337;51.1183799;residental;0.0;0.0
7287;16.9561321;51.1119276;residental;0.0;0.0
7288;17.0588432;51.1188325;residental;0.0;0.0
7289;16.9572888;51.1115104;residental;0.0;0.0
7290;17.0289594;51.1184329;residental;0.0;0.0
7291;16.9573514;51.1116543;residental;0.0;0.0
7292;16.9612727;51.1155724;residental;0.0;0.0
7293;17.0528584;51.1180319;residental;0.0;0.0
7294;17.1409489;51.1107742;residental;0.0;0.0
7295;17.1365767;51.1106558;residental;0.0;0.0
7296;17.057066;51.1139453;residental;0.0;0.0
7297;17.0526427;51.1181888;residental;0.0;0.0
7298;16.9624235;51.1150953;residental;0.0;0.0
7299;17.0586366;51.1175174;residental;0.0;0.0
7300;17.0208603;51.1134191;residental;0.0;0.0
7301;17.102414;51.112001;residental;0.0;0.0
7302;17.1013668;51.1134604;residental;0.0;0.0
7303;17.0949455;51.1103002;residental;0.0;0.0
7304;17.0617495;51.1104215;residental;0.0;0.0
7305;17.0953855;51.1133274;residental;0.0;0.0
7306;17.0497477;51.1182592;residental;0.0;0.0
7307;16.9489966;51.1180156;residental;0.0;0.0
7308;17.0034072;51.1172153;residental;0.0;0.0
7309;17.0338803;51.1190307;residental;0.0;0.0
7310;17.0613916;51.1148114;residental;0.0;0.0
7311;17.0516953;51.1163449;residental;0.0;0.0
7312;17.0919494;51.1127389;residental;0.0;0.0
7313;17.0491819;51.1185174;residental;0.0;0.0
7314;16.9516773;51.112431;residental;0.0;0.0
7315;17.096112;51.1133515;residental;0.0;0.0
7316;17.0636961;51.1148391;residental;0.0;0.0
7317;16.9481007;51.118549;residental;0.0;0.0
7318;17.0583786;51.116259;residental;0.0;0.0
7319;16.9624529;51.1152303;residental;0.0;0.0
7320;17.0394368;51.1191592;residental;0.0;0.0
7321;16.9635889;51.1140518;residental;0.0;0.0
7322;17.1013638;51.1135039;residental;0.0;0.0
7323;17.0022776;51.1168684;residental;0.0;0.0
7324;17.0572699;51.1119106;residental;0.0;0.0
7325;17.104335;51.1121739;residental;0.0;0.0
7326;17.0343058;51.1105092;residental;0.0;0.0
7327;17.0522249;51.1162474;residental;0.0;0.0
7328;17.0526013;51.1187388;residental;0.0;0.0
7329;17.1268975;51.1135465;residental;0.0;0.0
7330;17.0527291;51.1178779;residental;0.0;0.0
7331;17.0346888;51.1167186;residental;0.0;0.0
7332;17.077738;51.119914;residental;0.0;0.0
7333;17.1023537;51.1127687;residental;0.0;0.0
7334;17.0522481;51.1175145;residental;0.0;0.0
7335;17.0520981;51.1187839;residental;0.0;0.0
7336;17.060078;51.1139007;residental;0.0;0.0
7337;17.1028732;51.1128198;residental;0.0;0.0
7338;17.0614154;51.1184815;residental;0.0;0.0
7339;17.103004;51.1119955;residental;0.0;0.0
7340;16.9140114;51.1102097;residental;0.0;0.0
7341;17.0622139;51.1170279;residental;0.0;0.0
7342;17.0596676;51.1139889;residental;0.0;0.0
7343;17.0086698;51.11736;residental;0.0;0.0
7344;17.0632412;51.1149692;residental;0.0;0.0
7345;17.0988325;51.1126715;residental;0.0;0.0
7346;17.0282112;51.1116811;residental;0.0;0.0
7347;17.0009189;51.1195846;residental;0.0;0.0
7348;17.0655403;51.1151515;residental;0.0;0.0
7349;17.0730417;51.1181645;residental;0.0;0.0
7350;17.1042445;51.1120284;residental;0.0;0.0
7351;17.0588738;51.1138371;residental;0.0;0.0
7352;17.0554201;51.1151403;residental;0.0;0.0
7353;17.0565448;51.1118515;residental;0.0;0.0
7354;17.0931627;51.1134123;residental;0.0;0.0
7355;17.0033738;51.1170484;residental;0.0;0.0
7356;17.0522271;51.1159569;residental;0.0;0.0
7357;17.0619502;51.1103557;residental;0.0;0.0
7358;17.0599237;51.1177664;residental;0.0;0.0
7359;17.0690711;51.111934;residental;0.0;0.0
7360;17.077477;51.1191865;residental;0.0;0.0
7361;17.0171975;51.1157667;residental;0.0;0.0
7362;17.0004049;51.1156036;residental;0.0;0.0
7363;17.0618523;51.115539;residental;0.0;0.0
7364;17.0650692;51.1149348;residental;0.0;0.0
7365;17.0650901;51.1147781;residental;0.0;0.0
7366;16.8636045;51.1199249;residental;0.0;0.0
7367;17.0116041;51.1134914;residental;0.0;0.0
7368;17.0641176;51.1153335;residental;0.0;0.0
7369;17.0645322;51.1147716;residental;0.0;0.0
7370;17.0556958;51.1147312;residental;0.0;0.0
7371;17.0017339;51.1191525;residental;0.0;0.0
7372;17.0613171;51.1145125;residental;0.0;0.0
7373;16.8496547;51.1200039;residental;0.0;0.0
7374;17.083616;51.1176605;residental;0.0;0.0
7375;17.0613886;51.1155553;residental;0.0;0.0
7376;16.9663286;51.1123985;residental;0.0;0.0
7377;17.0340645;51.1190836;residental;0.0;0.0
7378;17.0426987;51.1172979;residental;0.0;0.0
7379;17.0346804;51.1192663;residental;0.0;0.0
7380;17.1039257;51.1133054;residental;0.0;0.0
7381;17.0284948;51.1118881;residental;0.0;0.0
7382;17.0162638;51.1143819;residental;0.0;0.0
7383;17.0614177;51.116332;residental;0.0;0.0
7384;16.9593627;51.1139393;residental;0.0;0.0
7385;17.0597906;51.116087;residental;0.0;0.0
7386;17.0059452;51.1161579;residental;0.0;0.0
7387;17.0656487;51.1146233;residental;0.0;0.0
7388;17.0616832;51.1159156;residental;0.0;0.0
7389;17.0548449;51.1133101;residental;0.0;0.0
7390;17.0522748;51.11699;residental;0.0;0.0
7391;17.0512231;51.1145376;residental;0.0;0.0
7392;17.0642433;51.1144651;residental;0.0;0.0
7393;17.0561008;51.115015;residental;0.0;0.0
7394;16.9600488;51.1157116;residental;0.0;0.0
7395;17.1064597;51.11087;residental;0.0;0.0
7396;17.0520856;51.118926;residental;0.0;0.0
7397;16.9276426;51.1179094;residental;0.0;0.0
7398;17.0173761;51.1128553;residental;0.0;0.0
7399;17.1013581;51.1135897;residental;0.0;0.0
7400;17.0639162;51.113501;residental;0.0;0.0
7401;17.0988335;51.1125677;residental;0.0;0.0
7402;17.083923;51.119228;residental;0.0;0.0
7403;17.0696617;51.1132058;residental;0.0;0.0
7404;17.0600403;51.1195128;residental;0.0;0.0
7405;17.0325841;51.1186464;residental;0.0;0.0
7406;17.0559;51.1131096;residental;0.0;0.0
7407;17.0530675;51.117429;residental;0.0;0.0
7408;16.9600188;51.1158507;residental;0.0;0.0
7409;17.08458;51.119109;residental;0.0;0.0
7410;17.1048426;51.1105943;residental;0.0;0.0
7411;17.0984932;51.1135802;residental;0.0;0.0
7412;17.0215716;51.1164833;residental;0.0;0.0
7413;17.074988;51.111797;residental;0.0;0.0
7414;17.0526224;51.1183268;residental;0.0;0.0
7415;17.1272415;51.1134115;residental;0.0;0.0
7416;17.057882;51.1172075;residental;0.0;0.0
7417;17.0062817;51.1157171;residental;0.0;0.0
7418;17.0521606;51.118219;residental;0.0;0.0
7419;17.0619437;51.1144595;residental;0.0;0.0
7420;17.0522246;51.1158197;residental;0.0;0.0
7421;17.0440123;51.1199869;residental;0.0;0.0
7422;16.9607798;51.1144776;residental;0.0;0.0
7423;16.8567731;51.1193072;residental;0.0;0.0
7424;17.0046849;51.115687;residental;0.0;0.0
7425;17.0437135;51.1173531;residental;0.0;0.0
7426;17.0039007;51.1196264;residental;0.0;0.0
7427;17.1057027;51.1102025;residental;0.0;0.0
7428;17.1367997;51.1101338;residental;0.0;0.0
7429;17.095219;51.110285;residental;0.0;0.0
7430;17.0171389;51.1132049;residental;0.0;0.0
7431;17.1005665;51.113578;residental;0.0;0.0
7432;17.0019411;51.1186875;residental;0.0;0.0
7433;17.0531451;51.1135927;residental;0.0;0.0
7434;16.9480024;51.1188252;residental;0.0;0.0
7435;17.1041356;51.1132571;residental;0.0;0.0
7436;17.0336104;51.1112027;residental;0.0;0.0
7437;16.8858422;51.1122355;residental;0.0;0.0
7438;17.009814;51.1179875;residental;0.0;0.0
7439;17.1050478;51.1114914;residental;0.0;0.0
7440;17.0324;51.1185807;residental;0.0;0.0
7441;17.0149981;51.1184924;residental;0.0;0.0
7442;16.9612469;51.1154533;residental;0.0;0.0
7443;17.0239587;51.1107315;residental;0.0;0.0
7444;17.0207638;51.1136669;residental;0.0;0.0
7445;16.950046;51.1188755;residental;0.0;0.0
7446;17.0319633;51.1114556;residental;0.0;0.0
7447;17.0526584;51.1180498;residental;0.0;0.0
7448;17.0824624;51.1178401;residental;0.0;0.0
7449;17.0676592;51.1146275;residental;0.0;0.0
7450;17.0742665;51.112572;residental;0.0;0.0
7451;16.9307135;51.1198665;residental;0.0;0.0
7452;17.0612529;51.1140025;residental;0.0;0.0
7453;17.0943622;51.1132744;residental;0.0;0.0
7454;17.075105;51.1129865;residental;0.0;0.0
7455;17.0374679;51.1189178;residental;0.0;0.0
7456;17.1034946;51.111271;residental;0.0;0.0
7457;17.0119295;51.119634;residental;0.0;0.0
7458;17.0244278;51.1123107;residental;0.0;0.0
7459;17.060356;51.1149233;residental;0.0;0.0
7460;17.0627506;51.1180141;residental;0.0;0.0
7461;17.0542972;51.114818;residental;0.0;0.0
7462;17.0306514;51.1186993;residental;0.0;0.0
7463;17.0604832;51.1187666;residental;0.0;0.0
7464;17.0152311;51.1173667;residental;0.0;0.0
7465;16.9481951;51.1182685;residental;0.0;0.0
7466;17.0084814;51.1184646;residental;0.0;0.0
7467;17.1048575;51.1104483;residental;0.0;0.0
7468;16.9621528;51.1143541;residental;0.0;0.0
7469;17.0999739;51.1136009;residental;0.0;0.0
7470;17.0083251;51.1182181;residental;0.0;0.0
7471;17.034484;51.1192078;residental;0.0;0.0
7472;17.033276;51.1126552;residental;0.0;0.0
7473;17.0046564;51.1197006;residental;0.0;0.0
7474;17.0171032;51.1128999;residental;0.0;0.0
7475;17.104674;51.1112776;residental;0.0;0.0
7476;17.0695514;51.1163404;residental;0.0;0.0
7477;17.0526168;51.1184638;residental;0.0;0.0
7478;17.0016197;51.1136394;residental;0.0;0.0
7479;17.0537248;51.118123;residental;0.0;0.0
7480;17.0045057;51.1194723;residental;0.0;0.0
7481;17.0024435;51.1156521;residental;0.0;0.0
7482;17.0879015;51.1191655;residental;0.0;0.0
7483;17.0573903;51.119164;residental;0.0;0.0
7484;17.0348971;51.1112502;residental;0.0;0.0
7485;17.0026922;51.1168698;residental;0.0;0.0
7486;17.0138914;51.1186744;residental;0.0;0.0
7487;17.0509833;51.1183037;residental;0.0;0.0
7488;17.0541885;51.1131762;residental;0.0;0.0
7489;17.0554039;51.115746;residental;0.0;0.0
7490;17.002602;51.1159425;residental;0.0;0.0
7491;16.9594074;51.1159221;residental;0.0;0.0
7492;17.0563253;51.1149285;residental;0.0;0.0
7493;17.0753633;51.1135151;residental;0.0;0.0
7494;16.8572773;51.1188886;residental;0.0;0.0
7495;17.0561681;51.1116255;residental;0.0;0.0
7496;17.0414386;51.1121724;residental;0.0;0.0
7497;16.9602659;51.1142829;residental;0.0;0.0
7498;17.1005745;51.1134806;residental;0.0;0.0
7499;17.0612858;51.1143622;residental;0.0;0.0
7500;17.029269;51.1183637;residental;0.0;0.0
7501;17.0010357;51.1199235;residental;0.0;0.0
7502;16.9595256;51.1102008;residental;0.0;0.0
7503;16.9580464;51.1120134;residental;0.0;0.0
7504;17.0059093;51.1103072;residental;0.0;0.0
7505;17.046055;51.11771;residental;0.0;0.0
7506;17.0996323;51.1134441;residental;0.0;0.0
7507;17.0554731;51.1123058;residental;0.0;0.0
7508;17.101361;51.1135473;residental;0.0;0.0
7509;17.0355224;51.1117247;residental;0.0;0.0
7510;17.0305898;51.1177438;residental;0.0;0.0
7511;17.0731028;51.1156541;residental;0.0;0.0
7512;17.0053422;51.1195441;residental;0.0;0.0
7513;17.0019765;51.1184332;residental;0.0;0.0
7514;17.057069;51.1119533;residental;0.0;0.0
7515;17.0045806;51.1195897;residental;0.0;0.0
7516;17.0080132;51.1174881;residental;0.0;0.0
7517;17.0253165;51.1165186;residental;0.0;0.0
7518;17.0981547;51.1135689;residental;0.0;0.0
7519;17.0577177;51.1194677;residental;0.0;0.0
7520;17.1051815;51.1130779;residental;0.0;0.0
7521;17.0365133;51.1117883;residental;0.0;0.0
7522;17.0047246;51.1157984;residental;0.0;0.0
7523;17.0626023;51.1107907;residental;0.0;0.0
7524;17.0388225;51.119636;residental;0.0;0.0
7525;17.0056491;51.1157721;residental;0.0;0.0
7526;17.0424535;51.1173061;residental;0.0;0.0
7527;17.0610498;51.1139826;residental;0.0;0.0
7528;16.9627882;51.115059;residental;0.0;0.0
7529;17.0696826;51.1133823;residental;0.0;0.0
7530;17.1017505;51.1135715;residental;0.0;0.0
7531;17.0004505;51.1157943;residental;0.0;0.0
7532;17.0514271;51.1188562;residental;0.0;0.0
7533;17.0895325;51.117961;residental;0.0;0.0
7534;17.0533209;51.1154392;residental;0.0;0.0
7535;17.0522725;51.1170837;residental;0.0;0.0
7536;17.0335662;51.1110934;residental;0.0;0.0
7537;17.0608801;51.1147155;residental;0.0;0.0
7538;17.0753209;51.1133862;residental;0.0;0.0
7539;17.0615151;51.1165146;residental;0.0;0.0
7540;17.1037913;51.1149393;residental;0.0;0.0
7541;17.0584559;51.1166082;residental;0.0;0.0
7542;17.0110252;51.1172987;residental;0.0;0.0
7543;17.0755495;51.111756;residental;0.0;0.0
7544;17.098832;51.1127265;residental;0.0;0.0
7545;17.011112;51.117435;residental;0.0;0.0
7546;17.0621744;51.1175022;residental;0.0;0.0
7547;17.0586779;51.1198328;residental;0.0;0.0
7548;17.1048252;51.1107399;residental;0.0;0.0
7549;16.8488985;51.119974;residental;0.0;0.0
7550;17.0919891;51.1131996;residental;0.0;0.0
7551;16.9566516;51.1118328;residental;0.0;0.0
7552;17.0704626;51.1134301;residental;0.0;0.0
7553;16.9509761;51.1180096;residental;0.0;0.0
7554;17.0697329;51.1156033;residental;0.0;0.0
7555;17.0152619;51.1142977;residental;0.0;0.0
7556;17.0538858;51.1135127;residental;0.0;0.0
7557;17.0632467;51.1178646;residental;0.0;0.0
7558;17.0200583;51.1166408;residental;0.0;0.0
7559;17.0537276;51.115393;residental;0.0;0.0
7560;17.0048042;51.1199297;residental;0.0;0.0
7561;17.0894315;51.1188;residental;0.0;0.0
7562;17.0111291;51.1167239;residental;0.0;0.0
7563;17.0306384;51.1188423;residental;0.0;0.0
7564;17.0582845;51.1191561;residental;0.0;0.0
7565;17.0638351;51.1153618;residental;0.0;0.0
7566;17.0650414;51.1151933;residental;0.0;0.0
7567;17.0624515;51.1147806;residental;0.0;0.0
7568;16.9306915;51.1196055;residental;0.0;0.0
7569;17.0340641;51.1112576;residental;0.0;0.0
7570;17.0580477;51.1174718;residental;0.0;0.0
7571;17.059461;51.1140477;residental;0.0;0.0
7572;16.9612397;51.1157028;residental;0.0;0.0
7573;17.0173284;51.1159862;residental;0.0;0.0
7574;17.101929;51.1135785;residental;0.0;0.0
7575;17.012374;51.116384;residental;0.0;0.0
7576;17.0593077;51.1194781;residental;0.0;0.0
7577;17.0035413;51.1188633;residental;0.0;0.0
7578;17.005114;51.1192038;residental;0.0;0.0
7579;17.0035558;51.115282;residental;0.0;0.0
7580;17.0007578;51.1192868;residental;0.0;0.0
7581;17.062441;51.1145028;residental;0.0;0.0
7582;17.086585;51.11847;residental;0.0;0.0
7583;17.0126023;51.1194633;residental;0.0;0.0
7584;17.1002256;51.1136087;residental;0.0;0.0
7585;17.0608381;51.1145637;residental;0.0;0.0
7586;17.0365305;51.1120409;residental;0.0;0.0
7587;17.0689802;51.1160046;residental;0.0;0.0
7588;17.12712;51.113255;residental;0.0;0.0
7589;17.0594731;51.1197796;residental;0.0;0.0
7590;17.0641453;51.1104017;residental;0.0;0.0
7591;17.0528761;51.1155336;residental;0.0;0.0
7592;17.0996216;51.1135902;residental;0.0;0.0
7593;17.061557;51.1152315;residental;0.0;0.0
7594;17.1025004;51.1132595;residental;0.0;0.0
7595;17.0107346;51.1168074;residental;0.0;0.0
7596;17.0012803;51.1184517;residental;0.0;0.0
7597;17.025742;51.1136409;residental;0.0;0.0
7598;17.034656;51.1110422;residental;0.0;0.0
7599;17.0492285;51.1187994;residental;0.0;0.0
7600;17.0407463;51.1187733;residental;0.0;0.0
7601;17.0354593;51.1181985;residental;0.0;0.0
7602;17.1022425;51.1124;residental;0.0;0.0
7603;17.1053948;51.1130384;residental;0.0;0.0
7604;17.085264;51.1177335;residental;0.0;0.0
7605;17.0589527;51.1148415;residental;0.0;0.0
7606;17.0401004;51.1108365;residental;0.0;0.0
7607;17.0137518;51.1136103;residental;0.0;0.0
7608;17.0313223;51.1117624;residental;0.0;0.0
7609;17.1013563;51.1136343;residental;0.0;0.0
7610;17.0880875;51.1191455;residental;0.0;0.0
7611;17.0008016;51.1194385;residental;0.0;0.0
7612;17.0033844;51.1178884;residental;0.0;0.0
7613;17.1075691;51.1120759;residental;0.0;0.0
7614;17.0613546;51.1146603;residental;0.0;0.0
7615;17.0552204;51.1142621;residental;0.0;0.0
7616;17.0354184;51.1190988;residental;0.0;0.0
7617;17.0173092;51.1134919;residental;0.0;0.0
7618;17.1416218;51.1104148;residental;0.0;0.0
7619;17.1023901;51.1128913;residental;0.0;0.0
7620;16.9591516;51.1149754;residental;0.0;0.0
7621;17.0917194;51.1101945;residental;0.0;0.0
7622;17.0967174;51.1134952;residental;0.0;0.0
7623;17.0316837;51.1125772;residental;0.0;0.0
7624;17.0552306;51.113149;residental;0.0;0.0
7625;17.0307515;51.1182411;residental;0.0;0.0
7626;17.1074232;51.1119767;residental;0.0;0.0
7627;17.0234336;51.110291;residental;0.0;0.0
7628;17.0525841;51.1188794;residental;0.0;0.0
7629;17.0400403;51.1191629;residental;0.0;0.0
7630;17.1025392;51.113383;residental;0.0;0.0
7631;17.103314;51.1119448;residental;0.0;0.0
7632;16.9511931;51.1185773;residental;0.0;0.0
7633;17.0240838;51.1107001;residental;0.0;0.0
7634;17.0400395;51.1115718;residental;0.0;0.0
7635;17.0205098;51.1137552;residental;0.0;0.0
7636;17.0019939;51.1142703;residental;0.0;0.0
7637;17.0582127;51.1154389;residental;0.0;0.0
7638;17.0351499;51.1186389;residental;0.0;0.0
7639;17.0651737;51.1145279;residental;0.0;0.0
7640;17.0314162;51.1115781;residental;0.0;0.0
7641;17.0626458;51.11545;residental;0.0;0.0
7642;17.0428151;51.1199298;residental;0.0;0.0
7643;16.8582041;51.1193885;residental;0.0;0.0
7644;17.0689096;51.1164834;residental;0.0;0.0
7645;17.0423603;51.1194032;residental;0.0;0.0
7646;17.0619617;51.1147665;residental;0.0;0.0
7647;17.1027551;51.1124321;residental;0.0;0.0
7648;17.076498;51.119132;residental;0.0;0.0
7649;17.0586501;51.1189237;residental;0.0;0.0
7650;17.0455641;51.1198725;residental;0.0;0.0
7651;17.057359;51.1116763;residental;0.0;0.0
7652;16.9618398;51.1152922;residental;0.0;0.0
7653;17.0527741;51.1191659;residental;0.0;0.0
7654;17.0037129;51.1159813;residental;0.0;0.0
7655;17.1413139;51.1111042;residental;0.0;0.0
7656;17.0919119;51.1119595;residental;0.0;0.0
7657;17.0566592;51.1134202;residental;0.0;0.0
7658;17.0323074;51.1128418;residental;0.0;0.0
7659;16.9493029;51.1184349;residental;0.0;0.0
7660;17.0759415;51.118735;residental;0.0;0.0
7661;16.9627762;51.1133186;residental;0.0;0.0
7662;17.1058091;51.1128308;residental;0.0;0.0
7663;17.0543818;51.1131337;residental;0.0;0.0
7664;17.0628288;51.114289;residental;0.0;0.0
7665;17.0143626;51.1184689;residental;0.0;0.0
7666;16.9600959;51.1104474;residental;0.0;0.0
7667;17.0400754;51.1112002;residental;0.0;0.0
7668;17.0057825;51.1190112;residental;0.0;0.0
7669;17.054582;51.117753;residental;0.0;0.0
7670;16.9467829;51.1172308;residental;0.0;0.0
7671;17.006076;51.1157349;residental;0.0;0.0
7672;17.0610553;51.1169047;residental;0.0;0.0
7673;17.102834;51.1126908;residental;0.0;0.0
7674;17.057655;51.1154456;residental;0.0;0.0
7675;17.0529931;51.1184217;residental;0.0;0.0
7676;17.0018616;51.1168672;residental;0.0;0.0
7677;17.0634262;51.1167455;residental;0.0;0.0
7678;17.0012967;51.1183334;residental;0.0;0.0
7679;17.031074;51.1168374;residental;0.0;0.0
7680;17.0629444;51.1154352;residental;0.0;0.0
7681;17.0953761;51.1134611;residental;0.0;0.0
7682;17.1049469;51.1102929;residental;0.0;0.0
7683;17.0156541;51.117696;residental;0.0;0.0
7684;17.0397922;51.1188552;residental;0.0;0.0
7685;17.0353232;51.1187829;residental;0.0;0.0
7686;17.0601432;51.1142672;residental;0.0;0.0
7687;17.0537933;51.1132212;residental;0.0;0.0
7688;16.9547669;51.1121009;residental;0.0;0.0
7689;17.0573825;51.117238;residental;0.0;0.0
7690;16.9276507;51.117824;residental;0.0;0.0
7691;17.0352722;51.1111014;residental;0.0;0.0
7692;16.9621555;51.1145144;residental;0.0;0.0
7693;17.0534594;51.1162848;residental;0.0;0.0
7694;16.9630415;51.1146018;residental;0.0;0.0
7695;17.0006257;51.1156468;residental;0.0;0.0
7696;17.0607701;51.1167282;residental;0.0;0.0
7697;17.0545535;51.1161954;residental;0.0;0.0
7698;17.0048796;51.1165357;residental;0.0;0.0
7699;17.0589164;51.1183518;residental;0.0;0.0
7700;17.0660515;51.1150714;residental;0.0;0.0
7701;17.0820675;51.117323;residental;0.0;0.0
7702;17.0394835;51.1191018;residental;0.0;0.0
7703;16.8769065;51.11983;residental;0.0;0.0
7704;17.1003275;51.1107995;residental;0.0;0.0
7705;17.017511;51.1164438;residental;0.0;0.0
7706;17.1420122;51.1102174;residental;0.0;0.0
7707;17.0341193;51.1112873;residental;0.0;0.0
7708;17.004656;51.1180059;residental;0.0;0.0
7709;17.0014885;51.1180574;residental;0.0;0.0
7710;17.0919101;51.1122852;residental;0.0;0.0
7711;16.9605097;51.1148602;residental;0.0;0.0
7712;17.1412208;51.1106398;residental;0.0;0.0
7713;17.057463;51.1195962;residental;0.0;0.0
7714;17.0288329;51.1169833;residental;0.0;0.0
7715;17.0400538;51.1181931;residental;0.0;0.0
7716;17.0120482;51.1164801;residental;0.0;0.0
7717;17.032781;51.118705;residental;0.0;0.0
7718;16.849244;51.119958;residental;0.0;0.0
7719;17.0154327;51.118232;residental;0.0;0.0
7720;17.0367138;51.1189522;residental;0.0;0.0
7721;17.0625405;51.1153034;residental;0.0;0.0
7722;17.0697332;51.1122453;residental;0.0;0.0
7723;17.0891265;51.1188905;residental;0.0;0.0
7724;17.0116913;51.1123478;residental;0.0;0.0
7725;16.9589965;51.1138;residental;0.0;0.0
7726;17.0592739;51.1198959;residental;0.0;0.0
7727;17.0624442;51.1146346;residental;0.0;0.0
7728;16.8576009;51.118932;residental;0.0;0.0
7729;17.0578287;51.119853;residental;0.0;0.0
7730;16.9621435;51.1134541;residental;0.0;0.0
7731;17.0584246;51.1164562;residental;0.0;0.0
7732;17.0625919;51.1179073;residental;0.0;0.0
7733;16.9622526;51.1142193;residental;0.0;0.0
7734;17.0443199;51.1187403;residental;0.0;0.0
7735;17.0026003;51.1159476;residental;0.0;0.0
7736;17.001373;51.1150812;residental;0.0;0.0
7737;16.8524085;51.1176765;residental;0.0;0.0
7738;17.1418441;51.1105566;residental;0.0;0.0
7739;17.0423351;51.1167394;residental;0.0;0.0
7740;17.032945;51.1163035;residental;0.0;0.0
7741;16.9563162;51.1118376;residental;0.0;0.0
7742;17.0171107;51.1119809;residental;0.0;0.0
7743;17.057594;51.1190455;residental;0.0;0.0
7744;17.0683625;51.116731;residental;0.0;0.0
7745;17.0663693;51.1158544;residental;0.0;0.0
7746;17.0514904;51.1192791;residental;0.0;0.0
7747;17.0813251;51.1176445;residental;0.0;0.0
7748;16.9613085;51.1137949;residental;0.0;0.0
7749;17.0157969;51.1178639;residental;0.0;0.0
7750;17.1028645;51.1111492;residental;0.0;0.0
7751;17.0562496;51.1170875;residental;0.0;0.0
7752;17.052582;51.1190213;residental;0.0;0.0
7753;17.057535;51.1118114;residental;0.0;0.0
7754;16.9596924;51.1133152;residental;0.0;0.0
7755;17.0601369;51.1141025;residental;0.0;0.0
7756;16.9602823;51.1148796;residental;0.0;0.0
7757;17.0515953;51.113915;residental;0.0;0.0
7758;17.0583156;51.1157956;residental;0.0;0.0
7759;17.102205;51.1122755;residental;0.0;0.0
7760;16.9599284;51.1130694;residental;0.0;0.0
7761;17.1067629;51.1125524;residental;0.0;0.0
7762;17.0604356;51.115257;residental;0.0;0.0
7763;17.1024253;51.1130126;residental;0.0;0.0
7764;17.1057239;51.1125957;residental;0.0;0.0
7765;17.105208;51.1115925;residental;0.0;0.0
7766;16.9605765;51.110223;residental;0.0;0.0
7767;17.0214207;51.1106106;residental;0.0;0.0
7768;17.039604;51.1189914;residental;0.0;0.0
7769;16.9609792;51.1145535;residental;0.0;0.0
7770;17.077683;51.118518;residental;0.0;0.0
7771;17.1415702;51.1110056;residental;0.0;0.0
7772;16.9598998;51.1141435;residental;0.0;0.0
7773;17.1055243;51.111792;residental;0.0;0.0
7774;16.9234043;51.1158583;residental;0.0;0.0
7775;17.0553714;51.1121582;residental;0.0;0.0
7776;17.0104053;51.1113698;residental;0.0;0.0
7777;17.0145021;51.1186381;residental;0.0;0.0
7778;17.0681526;51.1167352;residental;0.0;0.0
7779;16.9624796;51.1153479;residental;0.0;0.0
7780;17.1029325;51.112;residental;0.0;0.0
7781;17.0546547;51.1133742;residental;0.0;0.0
7782;17.1024117;51.1110777;residental;0.0;0.0
7783;17.0606524;51.1161394;residental;0.0;0.0
7784;17.1014;51.111639;residental;0.0;0.0
7785;17.0644099;51.1153122;residental;0.0;0.0
7786;17.0380393;51.1190034;residental;0.0;0.0
7787;17.126635;51.113374;residental;0.0;0.0
7788;17.0841115;51.117349;residental;0.0;0.0
7789;16.87674;51.1194385;residental;0.0;0.0
7790;17.1037212;51.113344;residental;0.0;0.0
7791;17.0621468;51.1102886;residental;0.0;0.0
7792;17.0608886;51.1172429;residental;0.0;0.0
7793;17.103929;51.1113833;residental;0.0;0.0
7794;17.0105398;51.1168491;residental;0.0;0.0
7795;17.0434818;51.1194811;residental;0.0;0.0
7796;17.0592323;51.1141113;residental;0.0;0.0
7797;17.0833765;51.118526;residental;0.0;0.0
7798;16.9503468;51.118632;residental;0.0;0.0
7799;17.010148;51.1169311;residental;0.0;0.0
7800;17.0584993;51.1143173;residental;0.0;0.0
7801;17.0078495;51.1175206;residental;0.0;0.0
7802;17.104721;51.1117598;residental;0.0;0.0
7803;17.0613525;51.1105498;residental;0.0;0.0
7804;17.0139581;51.1187889;residental;0.0;0.0
7805;17.0559486;51.1107004;residental;0.0;0.0
7806;17.0052104;51.1180995;residental;0.0;0.0
7807;17.0637445;51.1152478;residental;0.0;0.0
7808;17.0161134;51.1137653;residental;0.0;0.0
7809;17.0689314;51.1161799;residental;0.0;0.0
7810;17.0618332;51.1140944;residental;0.0;0.0
7811;17.0113762;51.1156083;residental;0.0;0.0
7812;16.960454;51.1143542;residental;0.0;0.0
7813;17.1049493;51.1131098;residental;0.0;0.0
7814;17.1036153;51.1107753;residental;0.0;0.0
7815;17.0014072;51.1175352;residental;0.0;0.0
7816;17.104875;51.1118565;residental;0.0;0.0
7817;17.0675884;51.1152497;residental;0.0;0.0
7818;17.1030277;51.1133358;residental;0.0;0.0
7819;17.0035072;51.1159925;residental;0.0;0.0
7820;17.1027195;51.1120075;residental;0.0;0.0
7821;17.0330402;51.1164284;residental;0.0;0.0
7822;17.0491552;51.1183768;residental;0.0;0.0
7823;17.0130561;51.1193869;residental;0.0;0.0
7824;16.9574862;51.1130228;residental;0.0;0.0
7825;17.0303282;51.1182868;residental;0.0;0.0
7826;17.1420505;51.1104447;residental;0.0;0.0
7827;17.0606375;51.1164595;residental;0.0;0.0
7828;17.0319973;51.1162291;residental;0.0;0.0
7829;17.0600309;51.1160715;residental;0.0;0.0
7830;17.0861215;51.1179435;residental;0.0;0.0
7831;17.0565405;51.1119687;residental;0.0;0.0
7832;17.0455837;51.1143452;residental;0.0;0.0
7833;17.0332892;51.1191472;residental;0.0;0.0
7834;17.0014056;51.1149882;residental;0.0;0.0
7835;17.0596817;51.1196358;residental;0.0;0.0
7836;17.0035212;51.11874;residental;0.0;0.0
7837;17.0594373;51.1180239;residental;0.0;0.0
7838;17.0700067;51.1128905;residental;0.0;0.0
7839;17.0206764;51.1167184;residental;0.0;0.0
7840;17.0020425;51.1178236;residental;0.0;0.0
7841;17.106446;51.1104473;residental;0.0;0.0
7842;17.0013176;51.1141506;residental;0.0;0.0
7843;17.0595403;51.1193239;residental;0.0;0.0
7844;17.0363163;51.1112742;residental;0.0;0.0
7845;17.0039766;51.1197386;residental;0.0;0.0
7846;17.0301689;51.1169369;residental;0.0;0.0
7847;17.0042172;51.1171991;residental;0.0;0.0
7848;17.0040419;51.1165325;residental;0.0;0.0
7849;17.0051878;51.1193143;residental;0.0;0.0
7850;17.0092545;51.1171743;residental;0.0;0.0
7851;17.062306;51.1176561;residental;0.0;0.0
7852;17.0058575;51.1191274;residental;0.0;0.0
7853;17.0323725;51.1182465;residental;0.0;0.0
7854;17.0610473;51.1153148;residental;0.0;0.0
7855;16.9625714;51.1136671;residental;0.0;0.0
7856;17.070748;51.115016;residental;0.0;0.0
7857;17.0588736;51.1197109;residental;0.0;0.0
7858;17.0899675;51.119144;residental;0.0;0.0
7859;17.0373207;51.1189976;residental;0.0;0.0
7860;17.0620263;51.1171123;residental;0.0;0.0
7861;17.0529849;51.1191315;residental;0.0;0.0
7862;17.066372;51.1147669;residental;0.0;0.0
7863;17.0397144;51.1189047;residental;0.0;0.0
7864;17.0207501;51.1140437;residental;0.0;0.0
7865;17.0582155;51.1186936;residental;0.0;0.0
7866;17.0142958;51.1183582;residental;0.0;0.0
7867;17.0843197;51.1187248;residental;0.0;0.0
7868;17.0041244;51.1185754;residental;0.0;0.0
7869;17.0447694;51.1187878;residental;0.0;0.0
7870;17.0582707;51.1143906;residental;0.0;0.0
7871;17.0336241;51.1200921;residental;0.0;0.0
7872;17.0920516;51.1111362;residental;0.0;0.0
7873;17.0515202;51.1183588;residental;0.0;0.0
7874;17.0658862;51.115105;residental;0.0;0.0
7875;16.9950591;51.1119332;residental;0.0;0.0
7876;17.0927038;51.1133982;residental;0.0;0.0
7877;17.0762995;51.112513;residental;0.0;0.0
7878;17.0247208;51.1102864;residental;0.0;0.0
7879;17.0326881;51.1199642;residental;0.0;0.0
7880;17.082404;51.1191895;residental;0.0;0.0
7881;17.1027949;51.1125608;residental;0.0;0.0
7882;17.0439727;51.1195271;residental;0.0;0.0
7883;17.0555011;51.1145764;residental;0.0;0.0
7884;17.0639552;51.1169982;residental;0.0;0.0
7885;16.9550946;51.1121017;residental;0.0;0.0
7886;17.0335002;51.1109848;residental;0.0;0.0
7887;17.0152263;51.1179511;residental;0.0;0.0
7888;17.0034049;51.1180088;residental;0.0;0.0
7889;16.9594387;51.1157828;residental;0.0;0.0
7890;17.09882;51.1134159;residental;0.0;0.0
7891;17.0704762;51.1159596;residental;0.0;0.0
7892;17.1012515;51.1110955;residental;0.0;0.0
7893;17.0091756;51.1182405;residental;0.0;0.0
7894;17.0122096;51.116433;residental;0.0;0.0
7895;17.102989;51.1132066;residental;0.0;0.0
7896;17.1036566;51.1103562;residental;0.0;0.0
7897;17.0639055;51.1104694;residental;0.0;0.0
7898;17.0644681;51.1136587;residental;0.0;0.0
7899;16.9623722;51.1135912;residental;0.0;0.0
7900;17.0019586;51.1185596;residental;0.0;0.0
7901;16.9634674;51.1144257;residental;0.0;0.0
7902;17.0535243;51.1154151;residental;0.0;0.0
7903;17.0841436;51.1182296;residental;0.0;0.0
7904;16.9306835;51.119697;residental;0.0;0.0
7905;16.9508505;51.1181445;residental;0.0;0.0
7906;17.001391;51.1176568;residental;0.0;0.0
7907;17.0358482;51.113136;residental;0.0;0.0
7908;16.9999592;51.1139915;residental;0.0;0.0
7909;17.0248905;51.1151936;residental;0.0;0.0
7910;16.8519915;51.117727;residental;0.0;0.0
7911;17.0605727;51.1108159;residental;0.0;0.0
7912;17.0917571;51.1106163;residental;0.0;0.0
7913;17.0821325;51.117646;residental;0.0;0.0
7914;17.0532382;51.1132545;residental;0.0;0.0
7915;17.0151342;51.1169972;residental;0.0;0.0
7916;17.0568142;51.1140997;residental;0.0;0.0
7917;17.1261769;51.1188046;residental;0.0;0.0
7918;17.0424357;51.1174992;residental;0.0;0.0
7919;17.0536233;51.1132452;residental;0.0;0.0
7920;17.000631;51.1145588;residental;0.0;0.0
7921;17.1065092;51.1107195;residental;0.0;0.0
7922;17.0348619;51.1193205;residental;0.0;0.0
7923;17.0350756;51.1200281;residental;0.0;0.0
7924;17.1418952;51.1143752;residental;0.0;0.0
7925;17.0341894;51.1105225;residental;0.0;0.0
7926;17.068599;51.1167238;residental;0.0;0.0
7927;17.0329481;51.1127;residental;0.0;0.0
7928;17.1422833;51.1143008;residental;0.0;0.0
7929;16.9522039;51.1183148;residental;0.0;0.0
7930;17.0696192;51.1159864;residental;0.0;0.0
7931;17.0600814;51.1153762;residental;0.0;0.0
7932;16.9600877;51.1142153;residental;0.0;0.0
7933;17.1414745;51.110491;residental;0.0;0.0
7934;17.0047411;51.1183681;residental;0.0;0.0
7935;17.0837647;51.1178184;residental;0.0;0.0
7936;17.0581185;51.1146347;residental;0.0;0.0
7937;17.0526639;51.1157574;residental;0.0;0.0
7938;17.0815526;51.1174568;residental;0.0;0.0
7939;17.1056312;51.1123333;residental;0.0;0.0
7940;16.9599906;51.1154395;residental;0.0;0.0
7941;17.1041389;51.1114507;residental;0.0;0.0
7942;16.9777391;51.1114645;residental;0.0;0.0
7943;16.9639813;51.1145806;residental;0.0;0.0
7944;16.9606234;51.1157691;residental;0.0;0.0
7945;17.0851215;51.118614;residental;0.0;0.0
7946;17.1031082;51.1134541;residental;0.0;0.0
7947;17.0095906;51.1176354;residental;0.0;0.0
7948;17.032482;51.1175921;residental;0.0;0.0
7949;16.9269711;51.1169164;residental;0.0;0.0
7950;17.0368789;51.1192612;residental;0.0;0.0
7951;17.0573601;51.1142237;residental;0.0;0.0
7952;17.0562961;51.115374;residental;0.0;0.0
7953;17.0688549;51.1166638;residental;0.0;0.0
7954;17.004331;51.1159464;residental;0.0;0.0
7955;17.1027915;51.112006;residental;0.0;0.0
7956;17.0701909;51.1151535;residental;0.0;0.0
7957;17.0584985;51.1168014;residental;0.0;0.0
7958;17.0331498;51.1193229;residental;0.0;0.0
7959;17.0044223;51.1171964;residental;0.0;0.0
7960;17.0274473;51.1111042;residental;0.0;0.0
7961;17.0426004;51.1168289;residental;0.0;0.0
7962;17.0568632;51.1136821;residental;0.0;0.0
7963;16.9937696;51.1140879;residental;0.0;0.0
7964;17.0662344;51.1150616;residental;0.0;0.0
7965;17.0050365;51.1190918;residental;0.0;0.0
7966;17.0039292;51.1152129;residental;0.0;0.0
7967;17.0121521;51.1195673;residental;0.0;0.0
7968;16.9630782;51.1137212;residental;0.0;0.0
7969;17.0331432;51.1184543;residental;0.0;0.0
7970;17.0567195;51.1181404;residental;0.0;0.0
7971;17.0123795;51.1195218;residental;0.0;0.0
7972;17.0344086;51.1120427;residental;0.0;0.0
7973;17.1026395;51.111112;residental;0.0;0.0
7974;17.0036496;51.1166116;residental;0.0;0.0
7975;17.0534211;51.1181384;residental;0.0;0.0
7976;17.0032986;51.116004;residental;0.0;0.0
7977;17.0538704;51.1162515;residental;0.0;0.0
7978;17.004128;51.119968;residental;0.0;0.0
7979;17.0787143;51.1198045;residental;0.0;0.0
7980;17.0521319;51.1185023;residental;0.0;0.0
7981;17.0106245;51.1113322;residental;0.0;0.0
7982;17.0683009;51.1157467;residental;0.0;0.0
7983;17.1074085;51.1121816;residental;0.0;0.0
7984;17.0046317;51.1154628;residental;0.0;0.0
7985;17.0052649;51.1194271;residental;0.0;0.0
7986;17.0037507;51.1194029;residental;0.0;0.0
7987;17.0519948;51.119237;residental;0.0;0.0
7988;17.1014025;51.1117875;residental;0.0;0.0
7989;17.1037151;51.111324;residental;0.0;0.0
7990;17.0158212;51.1169752;residental;0.0;0.0
7991;17.105178;51.1120473;residental;0.0;0.0
7992;17.0549723;51.1159558;residental;0.0;0.0
7993;17.0329836;51.1188027;residental;0.0;0.0
7994;17.0348166;51.1111468;residental;0.0;0.0
7995;17.0983245;51.1135745;residental;0.0;0.0
7996;17.0009748;51.1197543;residental;0.0;0.0
7997;16.9603659;51.1132965;residental;0.0;0.0
7998;17.0006519;51.1150501;residental;0.0;0.0
7999;17.1005597;51.1136466;residental;0.0;0.0
8000;17.1273715;51.1140145;residental;0.0;0.0
8001;17.1000615;51.1136042;residental;0.0;0.0
8002;17.056007;51.1136946;residental;0.0;0.0
8003;17.0620776;51.1154835;residental;0.0;0.0
8004;17.0624396;51.1177866;residental;0.0;0.0
8005;17.1021685;51.111993;residental;0.0;0.0
8006;17.1044979;51.1111974;residental;0.0;0.0
8007;17.0348183;51.1180257;residental;0.0;0.0
8008;17.0558279;51.1140036;residental;0.0;0.0
8009;16.9596058;51.1149368;residental;0.0;0.0
8010;17.0122141;51.1199412;residental;0.0;0.0
8011;16.9618699;51.1154291;residental;0.0;0.0
8012;16.948997;51.1190371;residental;0.0;0.0
8013;17.0132657;51.1201511;residental;0.0;0.0
8014;16.9599621;51.1153063;residental;0.0;0.0
8015;17.0611509;51.1126466;residental;0.0;0.0
8016;17.0153343;51.1173407;residental;0.0;0.0
8017;17.0164581;51.1154869;residental;0.0;0.0
8018;17.0054265;51.1184428;residental;0.0;0.0
8019;17.1048326;51.1129885;residental;0.0;0.0
8020;17.0338574;51.1185522;residental;0.0;0.0
8021;17.0103436;51.1168894;residental;0.0;0.0
8022;17.0199227;51.114757;residental;0.0;0.0
8023;17.001414;51.1167987;residental;0.0;0.0
8024;17.101219;51.1119975;residental;0.0;0.0
8025;17.0327507;51.1127323;residental;0.0;0.0
8026;17.0590964;51.1199991;residental;0.0;0.0
8027;17.0393736;51.1184269;residental;0.0;0.0
8028;17.014226;51.1144645;residental;0.0;0.0
8029;17.0153329;51.1162665;residental;0.0;0.0
8030;17.089253;51.119984;residental;0.0;0.0
8031;17.0565033;51.114496;residental;0.0;0.0
8032;17.0448136;51.1144151;residental;0.0;0.0
8033;17.1021828;51.1110463;residental;0.0;0.0
8034;17.0645005;51.1150499;residental;0.0;0.0
8035;17.0314111;51.1170796;residental;0.0;0.0
8036;17.0664545;51.115029;residental;0.0;0.0
8037;17.0556743;51.114269;residental;0.0;0.0
8038;17.0540966;51.116241;residental;0.0;0.0
8039;17.0522073;51.1155576;residental;0.0;0.0
8040;16.9727138;51.1115636;residental;0.0;0.0
8041;17.0153668;51.1181205;residental;0.0;0.0
8042;17.0334302;51.110687;residental;0.0;0.0
8043;17.0041046;51.1181304;residental;0.0;0.0
8044;17.035188;51.1194945;residental;0.0;0.0
8045;17.0681844;51.1163859;residental;0.0;0.0
8046;17.0752752;51.1132443;residental;0.0;0.0
8047;17.0047129;51.1182455;residental;0.0;0.0
8048;17.0556304;51.1126246;residental;0.0;0.0
8049;17.1001384;51.1136062;residental;0.0;0.0
8050;17.0014518;51.1133336;residental;0.0;0.0
8051;17.0355409;51.1183133;residental;0.0;0.0
8052;17.0365018;51.1190457;residental;0.0;0.0