@id;building;name;@lat;@lon
100725775;residential;;51.0620563;17.0634065
100725809;residential;;51.0488060;17.0208583
100725820;residential;;51.0468334;17.0255631
100725865;residential;;51.0637390;17.0316910
100725952;residential;;51.0675405;17.0365980
100726247;residential;;51.0524655;17.0291045
100726304;residential;;51.0489064;17.0515706
100726407;residential;;51.0677775;17.0351120
100726572;residential;;51.0617850;17.0803800
100726591;residential;;51.0617545;17.0635500
100726616;residential;;51.0595285;17.0291205
100726773;residential;;51.0476335;17.0887710
100726936;residential;;51.0597610;17.0280185
100727231;residential;;51.0584765;17.0174395
100727368;residential;;51.0693745;17.0369050
100727396;residential;;51.0638940;17.0772730
100727422;residential;;51.0645685;17.0301370
100727473;residential;;51.0474610;17.0525395
100727502;residential;;51.0489842;17.0195476
100727581;residential;;51.0583570;17.0334040
100727617;residential;;51.0658915;17.0318200
100727729;residential;;51.0468611;17.0522135
100727755;residential;;51.0658905;17.0307370
100727770;residential;;51.0692455;17.0802905
100727922;residential;;51.0636405;17.0646010
100727938;residential;;51.0610665;17.0243380
100727976;residential;;51.0639215;17.0317610
100727981;residential;;51.0618395;17.0292480
100727988;residential;;51.0564965;17.0239180
100728124;residential;;51.0584225;17.0178275
100728191;residential;;51.0673010;17.0335995
100728197;residential;;51.0463963;17.0254238
100728219;residential;;51.0649902;16.9977159
100728357;residential;;51.0591460;17.0289100
100728366;residential;;51.0635300;17.0306035
100728381;residential;;51.0630930;17.0282765
100728508;residential;;51.0678900;17.0324615
100728599;residential;;51.0645695;17.0306195
100728655;residential;;51.0593885;17.0595115
100728713;residential;;51.0690945;17.0804380
100728764;residential;;51.0477639;17.0576060
100728863;residential;;51.0670015;17.0306220
100728895;residential;;51.0620005;17.0637250
100728992;residential;;51.0479855;17.0539940
100729018;residential;;51.0696710;17.0915004
100729038;residential;;51.0584635;17.0230015
100729059;residential;;51.0681990;17.0373500
100729065;residential;;51.0648655;17.0302195
100729084;residential;;51.0591840;17.0283665
100729114;residential;;51.0649620;17.0306830
100729129;residential;;51.0570825;17.0273295
100729168;residential;;51.0474512;17.0262746
100729296;residential;;51.0682424;17.0933287
100729304;residential;;51.0609580;17.0286225
100729364;residential;;51.0533005;17.0263240
100729372;residential;;51.0592250;17.0571520
100729529;residential;;51.0672455;17.0324800
100729542;residential;;51.0699665;16.9824090
100729598;residential;;51.0585620;17.0602578
100729655;residential;;51.0574970;17.0294665
100729706;residential;;51.0583680;17.0342595
100729797;residential;;51.0574925;17.0275805
100729852;residential;;51.0665865;17.0300775
100729860;residential;;51.0495015;17.0197105
100729886;residential;;51.0684950;17.0369150
100729905;residential;;51.0503880;17.0199960
100730025;residential;;51.0564955;17.0296090
100730048;residential;;51.0616650;17.0287020
100730061;residential;;51.0542755;17.0279895
100730123;residential;;51.0633922;17.0752833
100730124;residential;;51.0689615;17.0805660
100730164;residential;;51.0659935;17.0289415
100730243;residential;;51.0456873;17.0252003
100730248;residential;;51.0593120;17.0284530
100730257;residential;;51.0588815;17.0288180
100730274;residential;;51.0648175;17.0318700
100730282;residential;;51.0674575;17.0334045
100730433;residential;;51.0585777;17.0864443
100730472;residential;;51.0562305;17.0240535
100730475;residential;;51.0686300;17.0808900
100730506;residential;;51.0530375;17.0302445
100730649;residential;;51.0482990;17.0518114
100730826;residential;;51.0610800;17.0290770
100731093;residential;;51.0636310;17.0297550
100731178;residential;;51.0504820;17.0200275
100731185;residential;;51.0626171;17.0287213
100731257;residential;;51.0592205;17.0272120
100731277;residential;;51.0679000;17.0408805
100731328;residential;;51.0682910;17.0409395
100731412;residential;;51.0679040;17.0376225
100731448;residential;;51.0654770;16.9788450
100731451;residential;;51.0491650;17.0600310
100731500;residential;;51.0516865;17.0235515
100731508;residential;;51.0640960;17.0317810
100731612;residential;;51.0517245;17.0222280
100731685;residential;;51.0654500;16.9785450
100731707;residential;;51.0540350;17.0203400
100731723;residential;;51.0685780;17.0374425
100731824;residential;;51.0462312;17.0266973
100731829;residential;;51.0597290;17.0583870
100731840;residential;;51.0696016;17.0912870
100731941;residential;;51.0577905;17.0320930
100731942;residential;;51.0573925;17.0217775
100732095;residential;;51.0651920;17.0318505
100732162;residential;;51.0638005;17.0287350
100732327;residential;;51.0631560;17.0742865
100732524;residential;;51.0644375;17.0300730
100732622;residential;;51.0618785;17.0627120
100732691;residential;;51.0592785;17.0289660
100732720;residential;;51.0623903;17.0209052
100732732;residential;;51.0582735;17.0183805
100732760;residential;;51.0632418;17.0755739
100732764;residential;;51.0515235;17.0250505
100732777;residential;;51.0626774;17.0287503
100732810;residential;;51.0468968;17.0521068
100732860;residential;;51.0517840;17.0300610
100732920;residential;;51.0634375;17.0739050
100732962;residential;;51.0488489;17.0206310
100732965;residential;;51.0523520;17.0302410
100733045;residential;;51.0503365;17.0317478
100733142;residential;;51.0463638;17.0169078
100733163;residential;;51.0687065;17.0377925
100733204;residential;;51.0581330;17.0228455
100733309;residential;;51.0502615;17.0199435
100733429;residential;;51.0461775;17.0253542
100733488;residential;;51.0682055;17.0112265
100733709;residential;;51.0482570;17.0565550
100734118;residential;;51.0589750;17.0320945
100734127;residential;;51.0490263;17.0191040
100734182;residential;;51.0509095;17.0181545
100734234;residential;;51.0472155;17.0574490
100734380;residential;;51.0583915;17.0588610
100734392;residential;;51.0562200;17.0274715
100734527;residential;;51.0683715;17.0373730
100734589;residential;;51.0536145;17.0231800
100734610;residential;;51.0635724;17.0748409
100734630;residential;;51.0470972;17.0269858
100734639;residential;;51.0508990;17.0831308
100734646;residential;;51.0529936;17.0274428
100734663;residential;;51.0647040;17.0302145
100734699;residential;;51.0543470;17.0276025
100734751;residential;;51.0657495;17.0126349
100734780;residential;;51.0633635;17.0786635
100734863;residential;;51.0698825;17.0801820
100734871;residential;;51.0587480;17.0231415
100734930;residential;;51.0516675;17.0239070
100734970;residential;;51.0507030;17.0200990
100735008;residential;;51.0584000;17.0587365
100735012;residential;;51.0559405;17.0288175
100735043;residential;;51.0515560;17.0303510
100735055;residential;;51.0474176;17.0518641
100735162;residential;;51.0608590;17.0562455
100735192;residential;;51.0636564;17.0743055
100735253;residential;;51.0653570;17.0318790
100735307;residential;;51.0546035;17.0206725
100735316;residential;;51.0624449;17.0288016
100735369;residential;;51.0689635;17.0384390
100735392;residential;;51.0683130;17.0405645
100735441;residential;;51.0700410;17.0492875
100735509;residential;;51.0686685;17.0404465
100735568;residential;;51.0592890;17.0613685
100735646;residential;;51.0679905;17.0360950
100735802;residential;;51.0651145;17.0297880
100735838;residential;;51.0651235;17.0307930
100735907;residential;;51.0624380;17.0762220
100736086;residential;;51.0644525;17.0318330
100736102;residential;;51.0544580;17.0185825
100736171;residential;;51.0492905;17.0196405
100736283;residential;;51.0583485;17.0182190
100736397;residential;;51.0631735;17.0770945
100736401;residential;;51.0644540;17.0314845
100736485;residential;;51.0544180;17.0215305
100736539;residential;;51.0536775;17.0218330
100736782;residential;;51.0678115;17.0382005
100736803;residential;;51.0665721;17.0954225
100736819;residential;;51.0586900;17.0269685
100736835;residential;;51.0679305;17.0338740
100736843;residential;;51.0634220;17.0315930
100736849;residential;;51.0581445;17.0321215
100736939;residential;;51.0668810;17.0325265
100736974;residential;;51.0466148;17.0254937
100737024;residential;;51.0556340;17.0239075
100737236;residential;;51.0515020;17.0299715
100737353;residential;;51.0655445;16.9782935
100737626;residential;;51.0644065;17.0305355
100737674;residential;;51.0586360;17.0225190
100737682;residential;;51.0601770;17.0282605
100737689;residential;;51.0506240;17.0123520
100737741;residential;;51.0668240;17.0306385
100737758;residential;;51.0472850;17.0886980
100737796;residential;;51.0528623;17.0273905
100737897;residential;;51.0680635;17.0324580
100737918;residential;;51.0583555;17.0331470
100737948;residential;;51.0467039;17.0527271
100737998;residential;;51.0662380;17.0299980
100738000;residential;;51.0549740;17.0308215
100738018;residential;;51.0581080;17.0576755
100738127;residential;;51.0700250;17.0486645
100738131;residential;;51.0622365;17.0638730
100738159;residential;;51.0606095;17.0568120
100738164;residential;;51.0678600;17.0379300
100738193;residential;;51.0635495;17.0291005
100738218;residential;;51.0607425;17.0285430
100738233;residential;;51.0488898;17.0202560
100738253;residential;;51.0680700;17.0409125
100738453;residential;;51.0590415;17.0227025
100738485;residential;;51.0583240;17.0321300
100738531;residential;;51.0494090;17.0553436
100738588;residential;;51.0478736;17.0516146
100738833;residential;;51.0642710;17.0644530
100738876;residential;;51.0591410;17.0184260
100738959;residential;;51.0650045;17.0318930
100738986;residential;;51.0460123;17.0263303
100739076;residential;;51.0700490;17.0489960
100739198;residential;;51.0527465;17.0301765
100739357;residential;;51.0524400;17.0302720
100739361;residential;;51.0619095;17.0294655
100739363;residential;;51.0586270;17.0286680
100739501;residential;;51.0620595;17.0623430
100739540;residential;;51.0690525;17.0366080
100739969;residential;;51.0633695;17.0769095
100740078;residential;;51.0507220;17.0308985
100740101;residential;;51.0585305;17.0320535
100740108;residential;;51.0592175;17.0574585
100740160;residential;;51.0513100;17.0299080
100740214;residential;;51.0471084;17.0556730
100740308;residential;;51.0565465;17.0291520
100740561;residential;;51.0630615;17.0317345
100740603;residential;;51.0699245;17.0346840
100740613;residential;;51.0539035;17.0201920
100740630;residential;;51.0623415;17.0329707
100740659;residential;;51.0459058;17.0252700
100740732;residential;;51.0523085;17.0293025
100740887;residential;;51.0575530;17.0235580
100740971;residential;;51.0508725;17.0210785
100741014;residential;;51.0621876;16.9841277
100741161;residential;;51.0637885;17.0653325
100741178;residential;;51.0697030;17.0431480
100741188;residential;;51.0488564;17.0205144
100741309;residential;;51.0522535;17.0264805
100741361;residential;;51.0627500;17.0744115
100741372;residential;;51.0555720;17.0238905
100741426;residential;;51.0633680;17.0644560
100741583;residential;;51.0583675;17.0341740
100741620;residential;;51.0541435;17.0204420
100741626;residential;;51.0583545;17.0329760
100741642;residential;;51.0666675;17.0305685
100741661;residential;;51.0523435;17.0269095
100741836;residential;;51.0583665;17.0339175
100741882;residential;;51.0583560;17.0332325
100741910;residential;;51.0676720;17.0371605
100741924;residential;;51.0582990;17.0229125
100742068;residential;;51.0622685;17.0284400
100742191;residential;;51.0490700;17.0186680
100742213;residential;;51.0558750;17.0291570
100742284;residential;;51.0600955;17.0282245
100742290;residential;;51.0622845;17.0766605
100742509;residential;;51.0636895;17.0294890
100742759;residential;;51.0474230;17.0887125
100742780;residential;;51.0496020;17.0197425
100742813;residential;;51.0583670;17.0340885
100742861;residential;;51.0516075;17.0299765
100742870;residential;;51.0591550;17.0585665
100742887;residential;;51.0676250;17.0306895
100742987;residential;;51.0654020;17.0303015
100743150;residential;;51.0583560;17.0333180
100743203;residential;;51.0630430;17.0642875
100743220;residential;;51.0581325;17.0286420
100743248;residential;;51.0674365;17.0324325
100743307;residential;;51.0596700;17.0592770
100743378;residential;;51.0694860;17.0418880
100743592;residential;;51.0566375;17.0260370
100743838;residential;;51.0651760;17.0292170
100744018;residential;;51.0479981;17.0510723
100744042;residential;;51.0661555;17.0317745
100744065;residential;;51.0665430;17.0305315
100744081;residential;;51.0577935;17.0276985
100744164;residential;;51.0659960;17.0097625
100744305;residential;;51.0582350;17.0279325
100744582;residential;;51.0584120;17.0584140
100744628;residential;;51.0512035;17.0232375
100744653;residential;;51.0498285;17.0198047
100744672;residential;;51.0668770;17.0306485
100744789;residential;;51.0583640;17.0591475
100744850;residential;;51.0501580;17.0317028
100744890;residential;;51.0612000;17.0270175
100745156;residential;;51.0663134;17.0953887
100745172;residential;;51.0583910;17.0223645
100745268;residential;;51.0518840;17.0300950
100745280;residential;;51.0516840;17.0232045
100745375;residential;;51.0670610;17.0326270
100745421;residential;;51.0642665;17.0318245
100745542;residential;;51.0489524;17.0197803
100745581;residential;;51.0591810;17.0581785
100745662;residential;;51.0573905;17.0358100
100745671;residential;;51.0583550;17.0330615
100745727;residential;;51.0511330;17.0190380
100745739;residential;;51.0477698;17.0522313
100745766;residential;;51.0511075;17.0182370
100745839;residential;;51.0622945;17.0295175
100745845;residential;;51.0489993;17.0194022
100745864;residential;;51.0525420;17.0278530
100745890;residential;;51.0583670;17.0340030
100745953;residential;;51.0565325;17.0286435
100745957;residential;;51.0620605;17.0299800
100745990;residential;;51.0562030;17.0275960
100745997;residential;;51.0501700;17.0199212
100745999;residential;;51.0664075;17.0300375
100746003;residential;;51.0596650;17.0285670
100746076;residential;;51.0641265;17.0287250
100746094;residential;;51.0621993;17.0332029
100746102;residential;;51.0617775;17.0290400
100746179;residential;;51.0532840;17.0267385
100746188;residential;;51.0517565;17.0217920
100746236;residential;;51.0499420;17.0198387
100746242;residential;;51.0583660;17.0338315
100746247;residential;;51.0647160;17.0288895
100746262;residential;;51.0677230;17.0302980
100746382;residential;;51.0624579;17.0286789
100746517;residential;;51.0497294;17.0197596
100746612;residential;;51.0521575;17.0301620
100746656;residential;;51.0583570;17.0335000
100746690;residential;;51.0682530;17.0305180
100746691;residential;;51.0579220;17.0576220
100746696;residential;;51.0485412;17.0511521
100746767;residential;;51.0521930;17.0290735
100746998;residential;;51.0699400;17.0326470
100747020;residential;;51.0682500;17.0306625
100747067;residential;;51.0653455;17.0292420
100747083;residential;;51.0489013;17.0201500
100747113;residential;;51.0636125;17.0651470
100747170;residential;;51.0688520;17.0806770
100747191;residential;;51.0681475;17.0380185
100747200;residential;;51.0632990;17.0788790
100747254;residential;;51.0547110;17.0277435
100747278;residential;;51.0466545;17.0520697
100747313;residential;;51.0686533;17.0369660
100747335;residential;;51.0652610;17.0302730
100747444;residential;;51.0667665;17.0301065
100747451;residential;;51.0457702;17.0256401
100747457;residential;;51.0622190;17.0292255
100747546;residential;;51.0568040;17.0257985
100747666;residential;;51.0526595;17.0301235
100747680;residential;;51.0470514;17.0256340
100747706;residential;;51.0573205;17.0586640
100747750;residential;;51.0658670;17.0097200
100747842;residential;;51.0612886;17.0272680
100747890;residential;;51.0574325;17.0355665
100748013;residential;;51.0500730;17.0327370
100748117;residential;;51.0637735;17.0775745
100748144;residential;;51.0589850;17.0282630
100748247;residential;;51.0681385;17.0405410
100748277;residential;;51.0613425;17.0295365
100748426;residential;;51.0638450;17.0284490
100748455;residential;;51.0487824;17.0557939
100748474;residential;;51.0695575;17.0422970
100748537;residential;;51.0589255;17.0232395
100748551;residential;;51.0574230;17.0356440
100748731;residential;;51.0680390;17.0387785
100748780;residential;;51.0587305;17.0577230
100748820;residential;;51.0691944;17.0913327
100748850;residential;;51.0651280;16.9793140
100748858;residential;;51.0506065;17.0209825
100749019;residential;;51.0487871;17.0210110
100749034;residential;;51.0619820;17.0297185
100749096;residential;;51.0591265;17.0277685
100749484;residential;;51.0583650;17.0337350
100749604;residential;;51.0637766;17.0739138
100749622;residential;;51.0529410;17.0302375
100749662;residential;;51.0687395;17.0807830
100749678;residential;;51.0633627;16.9788135
100749703;residential;;51.0625800;17.0640030
100749704;residential;;51.0586840;17.0182595
100749720;residential;;51.0475500;17.0515525
100749722;residential;;51.0591790;17.0297550
100749732;residential;;51.0643415;17.0310695
100749748;residential;;51.0625320;17.0293620
100749870;residential;;51.0675150;17.0336305
100749878;residential;;51.0672117;17.0954051
100750085;residential;;51.0574000;17.0357295
100750130;residential;;51.0637220;17.0291400
100750153;residential;;51.0485164;17.0531028
100750331;residential;;51.0630540;17.0773320
100750498;residential;;51.0598545;17.0280735
100750549;residential;;51.0651240;17.0302455
100750821;residential;;51.0618764;17.0285602
100751049;residential;;51.0592295;17.0623895
100751216;residential;;51.0524810;17.0273160
100751538;residential;;51.0696970;17.0327040
100751637;residential;;51.0514555;17.0303085
100751752;residential;;51.0574490;17.0354820
100751877;residential;;51.0532370;17.0271765
100751901;residential;;51.0479814;17.0545858
100751949;residential;;51.0533700;17.0259715
100752076;residential;;51.0685445;17.0405755
100752135;residential;;51.0478322;17.0526924
100752272;residential;;51.0489362;17.0199092
100752747;residential;;51.0518620;17.0291140
100753106;residential;;51.0480989;17.0553066
100753174;residential;;51.0542805;17.0205345
100753190;residential;;51.0590160;17.0288490
100753198;residential;;51.0592925;17.0662310
100753453;residential;;51.0680595;17.0098035
100753735;residential;;51.0600560;17.0276270
100753766;residential;;51.0527615;17.0260690
100753810;residential;;51.0676745;17.0325370
100753811;residential;;51.0573735;17.0241310
100753935;residential;;51.0475050;17.0257786
100754221;residential;;51.0588320;17.0226665
100754769;residential;;51.0628165;17.0641670
100754962;residential;;51.0515565;17.0246135
100755037;residential;;51.0476272;17.0510796
100755105;residential;;51.0612115;17.0287385
100755346;residential;;51.0641450;17.0300280
100755468;residential;;51.0695990;17.0796865
100755627;residential;;51.0573340;17.0275860
100755704;residential;;51.0506065;17.0200695
100755728;residential;;51.0640545;17.0291930
100755746;residential;;51.0683047;17.0935614
100755863;residential;;51.0497635;17.0216645
100755906;residential;;51.0667240;17.0305785
100755929;residential;;51.0645985;17.0288300
100756126;residential;;51.0594650;17.0284845
100756190;residential;;51.0594865;17.0597630
100756256;residential;;51.0615110;17.0280830
100756368;residential;;51.0547373;17.0313113
100756418;residential;;51.0457497;17.0260421
100756432;residential;;51.0646480;17.0318775
100756519;residential;;51.0603690;17.0277770
100756726;residential;;51.0520590;17.0299905
100756884;residential;;51.0618005;17.0630880
100756929;residential;;51.0468982;17.0260957
100757000;residential;;51.0493755;17.0196710
100757361;residential;;51.0584260;17.0580625
100757430;residential;;51.0583535;17.0594860
100757456;residential;;51.0694105;17.0326675
100757471;residential;;51.0605535;17.0296990
100757506;residential;;51.0612620;17.0289550
100757649;residential;;51.0583535;17.0328795
100757677;residential;;51.0500439;17.0198745
100757728;residential;;51.0616575;17.0641865
100757753;residential;;51.0640195;17.0770565
100757820;residential;;51.0586880;17.0581830
100757837;residential;;51.0576470;17.0276365
100757988;residential;;51.0693195;17.0415055
100757994;residential;;51.0619318;16.9839189
100758005;residential;;51.0632520;17.0317175
100758145;residential;;51.0516115;17.0242475
100758180;residential;;51.0639575;17.0299915
100758191;residential;;51.0482544;17.0505218
100758283;residential;;51.0689545;17.0368325
100758341;residential;;51.0676155;17.0330855
100758544;residential;;51.0682907;17.0934185
100758716;residential;;51.0669480;17.0300955
100758830;residential;;51.0575680;17.0589795
100758902;residential;;51.0603755;17.0295235
100758964;residential;;51.0580320;17.0221675
100759057;residential;;51.0677080;17.0366330
100822573;residential;;51.0754670;17.0341795
100823185;residential;;51.0747980;17.0444900
100823399;residential;;51.0701710;17.0326845
100823768;residential;;51.0715900;17.0335080
100823806;residential;;51.0752513;17.0461744
100824283;residential;;51.0740793;17.0820000
100824584;residential;;51.0765056;17.0359628
100824615;residential;;51.0704900;17.0390975
100825162;residential;;51.0754854;17.0815937
100825263;residential;;51.0732653;17.0843931
100825459;residential;;51.0786121;16.9642785
100825596;residential;;51.0714115;17.0004768
100825969;residential;;51.0789274;17.0596388
100825992;residential;;51.0794980;16.9721425
100826462;residential;;51.0704705;17.0388400
100826800;residential;;51.0764408;17.0364038
100827031;residential;;51.0753115;17.0341445
100827073;residential;;51.0731474;17.0844162
100827082;residential;;51.0788777;17.0596702
100827205;residential;;51.0793638;17.0126723
100827335;residential;;51.0750925;17.0444730
100827570;residential;;51.0708065;17.0332650
100827584;residential;;51.0752610;17.0445350
100827585;residential;;51.0740898;16.9654033
100827591;residential;;51.0707465;16.9815590
100827600;residential;;51.0793779;17.0593445
100827700;residential;;51.0781615;16.9711440
100827765;residential;;51.0753151;17.0815882
100827814;residential;;51.0704474;17.0357437
100828042;residential;;51.0742995;17.0444820
100828181;residential;;51.0708080;17.0498090
100828303;residential;;51.0756330;17.0382295
100828358;residential;;51.0757413;17.0839030
100828431;residential;;51.0742860;17.0826606
100828436;residential;;51.0705464;17.0903312
100828466;residential;;51.0738961;17.0455398
100828491;residential;;51.0747275;17.0360215
100828577;residential;;51.0740983;17.0842272
100828617;residential;;51.0742980;17.0461235
100828731;residential;;51.0791279;16.9675160
100828767;residential;;51.0744615;17.0467505
100829250;residential;;51.0741583;17.0832016
100829528;residential;;51.0758980;17.0461445
100829545;residential;;51.0731865;17.0827868
100829547;residential;;51.0739698;17.0842537
100829561;residential;;51.0742925;17.0449350
100829588;residential;;51.0755069;17.0839493
100829787;residential;;51.0759110;17.0940110
100830032;residential;;51.0753910;17.0839724
100830115;residential;;51.0754405;17.0445300
100830156;residential;;51.0733166;17.0328990
100830258;residential;;51.0749019;17.0825544
100830274;residential;;51.0703280;16.9825805
100830298;residential;;51.0759290;17.0943095
100830974;residential;;51.0786351;17.0009150
100830977;residential;;51.0756432;17.0824072
100831196;residential;;51.0753050;17.0375215
100831275;residential;;51.0749510;17.0445350
100831520;residential;;51.0745046;17.0817724
100831555;residential;;51.0790276;17.0595753
100831714;residential;;51.0759455;17.0387635
100831734;residential;;51.0730633;16.9721157
100831742;residential;;51.0741466;17.0827192
100831879;residential;;51.0789970;16.9695175
100832388;residential;;51.0744137;17.0826562
100832479;residential;;51.0708045;17.0336055
100832573;residential;;51.0746815;17.0461855
100832721;residential;;51.0708405;17.0339905
100833343;residential;;51.0749199;17.0840660
100833509;residential;;51.0750505;17.0462010
100833617;residential;;51.0746540;17.0467665
100833826;residential;;51.0751578;17.0840187
100833867;residential;;51.0758990;17.0823627
100833945;residential;;51.0702005;17.0362310
100834033;residential;;51.0776690;16.9644640
100834034;residential;;51.0725287;16.9964551
100834226;residential;;51.0750386;17.0840425
100834232;residential;;51.0708070;17.0343400
100834241;residential;;51.0752755;17.0449450
100834268;residential;;51.0794201;17.0593006
100834286;residential;;51.0753991;17.0824406
100834523;residential;;51.0730131;17.0844541
100834555;residential;;51.0729080;17.0267290
100834591;residential;;51.0759025;17.0455310
100834698;residential;;51.0752753;17.0839955
100834726;residential;;51.0758915;17.0464140
100834737;residential;;51.0748162;17.0816507
100834847;residential;;51.0723969;16.9963706
100835115;residential;;51.0789776;17.0596071
100835208;residential;;51.0724857;16.9964272
100835345;residential;;51.0735565;17.0270310
100835417;residential;;51.0746570;17.0825867
100835587;residential;;51.0707930;17.0349005
100835979;residential;;51.0741377;17.0829445
100836192;residential;;51.0700909;17.0915474
100836229;residential;;51.0748026;17.0840890
100836271;residential;;51.0784240;17.0913578
100836286;residential;;51.0733823;17.0825764
100836456;residential;;51.0755700;17.0382265
100836484;residential;;51.0724412;16.9963985
100836564;residential;;51.0711161;17.0904212
100836600;residential;;51.0738520;17.0842759
100836631;residential;;51.0789662;17.0171306
100836658;residential;;51.0748720;17.0467900
100836821;residential;;51.0738929;17.0456921
100836996;residential;;51.0760173;17.0823403
100837045;residential;;51.0756236;17.0839263
100837145;residential;;51.0788593;16.9719485
100837397;residential;;51.0791531;17.0594968
100837515;residential;;51.0733555;17.0269190
100837679;residential;;51.0765636;17.0919899
100837701;residential;;51.0746750;17.0841029
100837927;residential;;51.0737355;17.0842998
100837986;residential;;51.0734974;17.0843468
100839073;residential;;51.0708070;17.0357350
100839119;residential;;51.0725727;16.9964828
100839401;residential;;51.0788274;17.0597012
100839510;residential;;51.0764319;17.0366466
100839675;residential;;51.0744715;17.0444800
100839868;residential;;51.0736125;17.0823764
100840172;residential;;51.0705865;17.0357160
100840407;residential;;51.0758895;17.0465130
100840489;residential;;51.0759000;17.0458735
100841024;residential;;51.0708295;17.0897166
100841025;residential;;51.0736162;17.0843228
100841189;residential;;51.0708980;17.0141208
100841233;residential;;51.0745342;17.0841306
100841237;residential;;51.0793280;17.0593846
100841511;residential;;51.0750935;17.0449235
100841540;residential;;51.0748590;17.0358255
100841549;residential;;51.0751477;17.0815920
100841654;residential;;51.0712683;17.0002895
100841776;residential;;51.0733815;17.0843696
100842021;residential;;51.0722970;16.9755585
100842075;residential;;51.0742286;17.0842424
100842210;residential;;51.0747849;17.0825830
100842214;residential;;51.0755271;17.0824362
100842512;residential;;51.0743443;17.0818271
100842992;residential;;51.0742591;17.0844927
100843095;residential;;51.0764685;17.0361863
100843127;residential;;51.0742216;16.9695758
100843902;residential;;51.0742667;17.0818847
100843943;residential;;51.0731700;17.0328794
100843968;residential;;51.0792782;17.0594163
100844514;residential;;51.0751557;17.0825096
100845091;residential;;51.0708757;17.0898324
100845219;residential;;51.0707835;17.0339840
100845270;residential;;51.0750280;17.0825138
100845306;residential;;51.0745309;17.0826275
100845322;residential;;51.0752729;17.0824868
100845328;residential;;51.0706810;16.9826565
100845418;residential;;51.0787756;17.0597336
100845599;residential;;51.0738357;17.0821897
100845834;residential;;51.0757705;17.0823667
100845922;residential;;51.0799358;16.9713652
100846476;residential;;51.0703880;16.9827220
100914024;residential;;51.0957882;16.9610699
100914169;residential;;51.0895335;16.9849355
100914192;residential;;51.0979600;17.1539740
100914196;residential;;51.0902630;17.0217030
100914246;residential;;51.0911108;16.9866987
100914512;residential;Pałac Hollenderów;51.0925514;17.0812837
100914787;residential;;51.0981230;17.1568045
100914834;residential;;51.0983514;16.9435143
100914958;residential;;51.0894165;16.9865730
100915012;residential;;51.0900455;16.9885900
100915271;residential;;51.0979995;16.9592230
100915319;residential;;51.0907435;16.9859870
100915358;residential;;51.0866570;16.9982820
100915416;residential;;51.0824095;17.0521975
100915709;residential;;51.0895795;16.9866405
100915746;residential;;51.0897140;16.9878575
100915824;residential;;51.0849500;17.0168950
100915874;residential;;51.0833755;16.9991660
100915930;residential;;51.0871975;16.9980645
100915989;residential;;51.0983840;17.1528660
100916003;residential;;51.0970681;16.9370642
100916269;residential;;51.0900530;16.9851425
100916340;residential;;51.0865930;16.9985075
100916436;residential;;51.0976790;16.9591805
100916442;residential;;51.0827596;17.0143680
100916486;residential;;51.0940939;17.0573911
100916519;residential;;51.0885795;16.9869470
100916535;residential;;51.0867295;16.9818245
100916595;residential;;51.0804300;16.9712564
100916796;residential;;51.0995590;17.1558460
100916917;residential;;51.0846010;17.0164100
100916930;residential;;51.0872370;17.0162250
100917054;residential;;51.0886640;16.9863000
100917427;residential;;51.0902270;16.9852180
100917969;residential;;51.0874128;17.0073503
100918075;residential;;51.0862430;16.9982130
100918120;residential;;51.0872300;16.9856840
100918144;residential;;51.0897020;16.9849740
100918313;residential;;51.0972610;16.9593000
100918419;residential;;51.0932686;17.0095583
100918814;residential;;51.0999415;16.9437981
100918876;residential;;51.0997085;17.1528180
100918901;residential;;51.0849590;17.0123965
100919000;residential;;51.0811070;16.9633935
100919272;residential;;51.0904775;16.9847200
100919346;residential;;51.0964685;17.0536960
100919852;residential;;51.0873061;17.0077273
100919868;residential;;51.0931480;17.0090795
100919921;residential;;51.0957020;17.1622952
100920050;residential;;51.0910430;16.9871054
100920099;residential;;51.0980605;17.1567290
100920257;residential;;51.0980905;17.1541375
100920261;residential;;51.0988774;16.9422522
100920273;residential;;51.0964465;16.9592305
100920289;residential;;51.0880085;16.9855810
100920316;residential;;51.0899405;16.9875365
100920398;residential;;51.0905945;16.9868675
100920439;residential;;51.0881615;16.9892925
100920597;residential;;51.0967960;17.0538955
100920683;residential;;51.0980165;17.1546135
100920728;residential;;51.0875950;16.9854025
100921210;residential;;51.0872425;16.9820085
100921298;residential;;51.0907135;16.9862110
100921535;residential;;51.0909391;16.9877162
100921557;residential;;51.0881485;16.9823560
100921627;residential;;51.0969370;17.0539715
100921845;residential;;51.0893815;16.9872730
100922604;residential;;51.0870663;17.0057067
100922722;residential;;51.0833440;16.9647965
100922880;residential;;51.0968012;17.0528630
100922962;residential;;51.0874175;16.9821165
100922972;residential;;51.0975005;17.1534595
100922994;residential;;51.0867295;16.9825710
100923156;residential;;51.0960724;16.9428990
100923205;residential;;51.0872385;17.0164295
100923688;residential;;51.0966675;16.9569665
100923747;residential;;51.0869838;17.0088537
100924020;residential;;51.0870790;16.9819835
100924029;residential;;51.0878595;16.9866210
100924192;residential;;51.0993190;17.1563095
100924271;residential;;51.0884920;16.9873315
100924436;residential;;51.0861695;16.9982420
100924447;residential;;51.0877910;16.9848125
100924448;residential;;51.0898720;16.9850650
100924494;residential;;51.0814535;16.9636245
100924719;residential;;51.0970873;16.9382551
100924762;residential;;51.0981455;17.0525006
100925218;residential;;51.0903215;16.9846465
100925300;residential;;51.0996760;16.9561885
100925432;residential;;51.0993380;16.9568260
100925530;residential;;51.0948401;17.1242301
100925570;residential;;51.0924600;17.0103819
100925690;residential;;51.0866987;17.0055232
100925860;residential;;51.0850861;17.0036517
100925921;residential;;51.0926932;17.0097624
100926336;residential;;51.0910080;16.9873110
100926769;residential;;51.0969861;16.9369714
100927306;residential;;51.0920380;17.1088755
100927346;residential;;51.0931054;17.0810361
100927478;residential;;51.0983416;17.0493139
100927622;residential;;51.0892945;16.9928635
100927820;residential;;51.0978660;17.1551825
100927863;residential;;51.0909735;16.9875141
100927927;residential;;51.0866925;16.9981605
100928019;residential;;51.0982304;16.9383657
100928111;residential;;51.0881305;16.9860840
100928190;residential;;51.0972815;16.9594790
100928195;residential;;51.0996090;17.1530180
100928217;residential;;51.0985520;17.1535060
100928253;residential;;51.0869093;17.0091318
100928279;residential;;51.0995280;17.1532245
100928472;residential;;51.0905000;16.9874685
100928483;residential;;51.0868910;17.0056547
100928642;residential;;51.0977860;17.1543305
100928790;residential;;51.0877730;16.9822390
100928803;residential;;51.0948300;17.1240747
100928877;residential;;51.0876625;16.9862025
100928907;residential;;51.0827200;16.9671890
100928939;residential;;51.0876989;17.0063592
100928947;residential;;51.0836255;16.9989665
100929010;residential;;51.0865250;16.9987750
100929279;residential;;51.0868725;16.9818745
100929289;residential;;51.0992590;16.9571150
100929341;residential;;51.0879775;16.9823475
100929407;residential;;51.0899168;17.0464289
100930015;residential;;51.0924798;17.0090642
100930032;residential;;51.0883815;16.9868420
100930209;residential;;51.0886875;16.9825925
100930226;residential;;51.0883700;16.9829035
100930322;residential;;51.0972195;17.0541250
100930591;residential;;51.0968589;16.9486642
100930606;residential;;51.0980630;17.0532255
100930627;residential;;51.0978285;17.0537710
100930748;residential;;51.0852324;17.0016455
100930792;residential;;51.0974660;16.9591350
100930878;residential;;51.0879695;16.9859875
100931032;residential;;51.0911441;16.9864945
100931105;residential;;51.0835045;16.9648915
100931148;residential;;51.0978945;16.9592315
100931292;residential;;51.0979380;17.1547885
100931313;residential;;51.0865132;17.0053428
100931423;residential;;51.0909038;16.9879227
100931447;residential;;51.0872395;16.9978470
100931592;residential;;51.0906645;16.9865540
100931645;residential;;51.0844450;16.9637900
100931663;residential;;51.0873812;17.0059198
100931690;residential;;51.0976760;17.0533150
100931729;residential;;51.0987916;16.9423578
100931813;residential;;51.0880450;16.9867050
100931837;residential;;51.0914630;17.0357248
100931875;residential;;51.0994795;17.1533250
100931903;residential;;51.0860476;17.0050447
100931955;residential;;51.0875565;17.0068565
100932028;residential;;51.0825055;17.0521770
100932268;residential;;51.0849343;17.0165135
100932379;residential;;51.0976100;17.0536565
100932383;residential;;51.0876060;16.9865035
100932438;residential;;51.0872238;17.0058132
100932465;residential;;51.0866963;16.9828420
100932618;residential;;51.0971070;17.0536874
100932848;residential;;51.0905161;17.0010062
100932866;residential;;51.0899140;16.9879715
100932908;residential;;51.0976600;17.1531885
100933216;residential;;51.0833275;16.9992325
100933264;residential;;51.0877880;16.9870710
100933267;residential;;51.0979600;17.0534480
100933362;residential;;51.0932977;17.0091874
100933384;residential;;51.0876010;16.9847260
100933435;residential;;51.0871259;17.0083588
100933510;residential;;51.0878750;16.9842605
100933759;residential;;51.0977096;16.9396566
100933796;residential;;51.0863745;16.9981675
100933823;residential;;51.0910778;16.9869011
100933872;residential;;51.0988550;17.1563820
100934015;residential;;51.0996645;16.9558875
100934106;residential;;51.0957652;16.9612803
100934181;residential;;51.0874930;16.9872710
100934293;residential;;51.0983803;16.9433124
100934299;residential;;51.0874265;16.9857670
100934554;residential;;51.0855599;17.0019583
100934587;residential;;51.0836542;17.0174491
100934717;residential;;51.0996645;17.1529190
100934877;residential;;51.0863315;17.0052201
100934967;residential;;51.0979905;17.1554635
100934999;residential;;51.0962350;16.9633885
100935065;residential;;51.0927160;17.0090694
100935106;residential;;51.0861687;17.0051258
100935126;residential;;51.0995235;17.1552220
100935130;residential;;51.0905430;16.9871690
100935344;residential;;51.0910713;16.9860938
100935489;residential;;51.0876277;17.0066095
100935511;residential;;51.0923632;17.0090615
100935767;residential;;51.0992495;17.1548900
100935783;residential;;51.0891155;16.9876195
100935902;residential;;51.0997550;17.1527165
100936136;residential;;51.0862375;16.9985465
100936139;residential;;51.0976575;16.9396291
100936164;residential;;51.0882795;16.9828630
100936220;residential;;51.0926360;17.0104745
100936625;residential;;51.0897815;16.9874475
100936699;residential;;51.0971375;16.9386236
100936880;residential;;51.0903980;16.9852760
100937010;residential;;51.0928332;17.0090723
100937056;residential;;51.0850600;17.0037449
100937089;residential;;51.0888500;16.9912995
100937220;residential;;51.0963070;16.9624725
100937289;residential;;51.0982020;17.1544175
100937404;residential;;51.0975715;16.9591630
100937442;residential;;51.0873580;16.9974400
100937604;residential;;51.0851809;17.0010937
100937631;residential;;51.0983109;17.0525537
100937706;residential;;51.0975381;16.9395647
100938182;residential;;51.0831520;16.9647325
100938285;residential;;51.0857384;17.0015218
100938349;residential;;51.0980310;17.1535825
100938683;residential;;51.0883130;16.9910875
100938689;residential;;51.0925974;17.0090668
100938714;residential;;51.0970227;16.9370092
100938750;residential;;51.0985636;17.0552539
100938798;residential;;51.0926925;16.9664715
100939239;residential;;51.0948937;16.9446956
100939585;residential;;51.0873785;16.9972295
100939663;residential;;51.0985636;17.0494258
100939724;residential;;51.0962540;16.9629425
100939815;residential;;51.0961625;16.9492439
100940402;residential;;51.0906845;16.9863070
100940460;residential;;51.0862874;17.0329656
100940578;residential;;51.0897960;16.9856035
100941143;residential;;51.0929495;17.0090756
100941155;residential;;51.0993305;17.1535280
100941170;residential;;51.0865995;16.9833550
100941188;residential;;51.0981760;17.1568560
100941253;residential;;51.0986525;17.1542665
100941515;residential;;51.0926025;17.1089740
100941598;residential;;51.0875362;17.0060235
100941620;residential;;51.0892035;16.9871880
100941651;residential;;51.0967155;16.9566815
100941707;residential;;51.0835285;16.9990155
100942051;residential;;51.0997195;17.1554735
100942064;residential;;51.0922036;17.0410917
100942074;residential;;51.0888640;16.9826670
100942118;residential;;51.0877150;16.9859040
100942229;residential;;51.0982045;16.9596300
100942264;residential;;51.0872980;16.9976441
100942338;residential;;51.0926232;17.0435051
100942350;residential;;51.0966560;17.0538195
100942446;residential;;51.0977517;16.9407441
100942517;residential;;51.0980075;17.1566775
100942682;residential;;51.0970775;17.0540480
100942755;residential;;51.0974868;16.9395337
100942851;residential;;51.0905740;16.9853505
100942937;residential;;51.0962099;16.9615133
100942956;residential;;51.0870110;16.9987270
100942987;residential;;51.0894450;16.9843310
100942992;residential;;51.0930665;17.0090789
100942996;residential;;51.0895485;17.0460787
100943156;residential;;51.0870760;16.9984930
100943187;residential;;51.0971599;16.9371681
100943240;residential;;51.0962994;16.9426191
100943274;residential;;51.0871425;16.9982560
100943283;residential;;51.0885245;16.9825190
100943336;residential;;51.0973030;16.9590710
100943356;residential;;51.0875945;16.9821865
100943358;residential;;51.0864490;16.9981450
100943398;residential;;51.0874854;17.0071034
100943418;residential;;51.0971031;16.9370959
100943468;residential;;51.0870550;17.0086059
100943474;residential;;51.0961285;16.9624975
100943479;residential;;51.0983346;16.9361769
100943492;residential;;51.0871973;17.0081099
100943600;residential;;51.0911799;16.9861448
100943625;residential;;51.0875330;16.9869300
100943650;residential;;51.0883480;16.9824290
100943828;residential;;51.0985245;17.1541200
100943858;residential;;51.0987946;17.0495406
100943874;residential;;51.0995655;17.1531225
100943914;residential;;51.0890350;16.9827385
100944117;residential;;51.0911794;16.9863153
100944121;residential;;51.0962622;16.9489003
100944186;residential;;51.0852832;17.0013076
100944265;residential;;51.0900080;16.9875640
100944352;residential;;51.0904590;16.9877695
101124914;residential;;51.1070250;16.9614535
101124924;residential;;51.1085005;16.9612750
101125042;residential;;51.1048265;17.1471680
101125187;residential;;51.1076740;16.9612235
101125703;residential;;51.1081595;16.9610395
101125825;residential;;51.1081905;16.9613845
101127201;residential;;51.1071705;16.9614245
101127424;residential;;51.1008560;17.0503230
101128400;residential;;51.1064595;16.9620685
101128607;residential;;51.1082395;17.0319772
101129036;residential;;51.1082514;17.0519576
101129490;residential;;51.1008100;17.1503955
101129664;residential;;51.1078530;16.9615020
101130222;residential;;51.1002070;17.1525445
101130870;residential;;51.1069200;16.9618600
101130982;residential;;51.1023233;16.9507708
101131034;residential;;51.1005625;17.0922085
101131273;residential;;51.1080912;17.0519701
101131550;residential;;51.1034266;17.1548715
101131595;residential;;51.1005100;17.1527035
101131695;residential;;51.1067600;16.9619240
101131714;residential;;51.1065555;16.9617035
101131798;residential;;51.1077015;16.9615850
101131840;residential;;51.1010500;17.0952426
101132538;residential;;51.1070705;16.9617930
101132607;residential;;51.1014780;16.9421741
101132768;residential;;51.1001010;17.1524120
101132848;residential;;51.1066035;16.9620255
101133255;residential;;51.1086820;16.9612340
101134084;residential;;51.1083125;16.9609810
101134095;residential;;51.1073695;16.9616720
101134162;residential;;51.1005855;17.0500090
101134176;residential;;51.1087605;16.9612255
101134323;residential;;51.1079820;16.9611015
101134842;residential;;51.1063985;16.9617595
101135990;residential;;51.1087435;16.9608670
101136321;residential;;51.1078215;16.9611695
101136527;residential;;51.1069026;17.0323144
101136820;residential;;51.1005864;17.0545618
101137153;residential;;51.1072265;16.9617500
101137978;residential;;51.1078841;17.0519543
101138847;residential;;51.1100964;17.0713420
101138933;residential;;51.1084725;16.9609525
101139053;residential;;51.1078215;17.0276717
101139492;residential;;51.1017090;17.0493240
101140136;residential;;51.1074950;16.9612925
101140281;residential;;51.1075345;16.9616260
101140781;residential;;51.1062795;17.1479158
101140858;residential;;51.1086445;16.9608935
101142174;residential;;51.1076811;17.0271693
101142380;residential;;51.1011499;17.0950973
101142635;residential;;51.1013308;16.9425006
101142902;residential;;51.1034519;17.1553349
101143185;residential;;51.1080225;16.9614215
101143186;residential;;51.1050090;17.0112025
101143434;residential;;51.1016089;16.9428680
101143438;residential;;51.1083415;16.9613225
101143744;residential;;51.1014040;16.9425724
101143833;residential;;51.1080702;17.0511633
101144211;residential;;51.1048730;17.1454300
101145420;residential;;51.1067978;17.1118222
101145569;residential;;51.1073310;16.9613635
101188510;residential;;51.1186206;17.0508730
101189529;residential;;51.1109068;17.1215614
101189596;residential;;51.1115022;17.1096579
101189601;residential;;51.1104252;17.0215537
101190339;residential;;51.1181495;17.0510006
101194040;residential;;51.1178118;17.0510158
101195144;residential;;51.1179583;17.0490454
101201110;residential;;51.1174168;17.0301731
101202454;residential;;51.1179827;17.0510279
101202597;residential;;51.1196134;17.0491744
101203313;residential;;51.1116389;17.1094025
101204708;residential;;51.1195444;17.0370322
101204790;residential;;51.1189871;16.8679756
101206334;residential;;51.1200039;16.8496547
101207071;residential;;51.1199869;17.0440123
101207993;residential;;51.1183037;17.0509833
101208250;residential;;51.1177438;17.0305898
101208266;residential;;51.1156541;17.0731028
101208877;residential;;51.1166408;17.0200583
101211855;residential;;51.1106106;17.0214207
101212935;residential;;51.1167184;17.0206764
101213595;residential;;51.1102864;17.0247208
101214044;residential;;51.1188046;17.1261769
101216712;residential;;51.1115771;17.1095416
101216742;residential;;51.1174460;17.0858980
101217158;residential;;51.1194060;17.1250622
101217866;residential;;51.1184598;17.0509467
101217959;residential;;51.1171559;17.0509395
101225566;residential;;51.1157289;17.1219245
101347089;residential;;51.1263464;17.0331506
101347773;residential;;51.1204491;17.0625443
101347804;residential;;51.1246675;16.9467910
101348305;residential;;51.1222890;16.8681925
101348406;residential;;51.1216830;16.8681025
101348837;residential;;51.1234215;16.9556290
101348840;residential;;51.1227108;17.0448662
101349799;residential;;51.1266730;17.1074770
101349898;residential;;51.1206363;17.0431978
101359052;residential;;51.1204909;17.0621035
101359084;residential;;51.1235635;16.9552335
101359151;residential;;51.1271650;17.0281999
101359336;residential;;51.1211885;16.8679520
101359406;residential;;51.1230285;16.8632605
101359602;residential;;51.1266095;17.0334889
101359922;residential;;51.1271338;17.0291260
101360108;residential;;51.1265728;17.0338871
101360149;residential;;51.1270965;17.0298127
101360821;residential;;51.1273287;17.0308351
101361266;residential;;51.1205615;16.9419920
101361298;residential;;51.1257465;16.8629360
101361473;residential;;51.1266171;17.0330322
101362270;residential;;51.1203840;17.0314730
101362295;residential;;51.1270497;17.0306631
101417360;residential;;51.1254455;16.9990637
101417429;residential;;51.1245539;16.8632803
101417527;residential;;51.1240047;16.9980144
101417698;residential;;51.1289502;16.9861577
101418307;residential;;51.1208355;16.8662735
101418385;residential;;51.1265906;17.0336956
101418769;residential;;51.1242098;16.8626161
101418797;residential;;51.1262760;16.8634920
101418854;residential;;51.1239121;16.9969223
101418883;residential;;51.1202374;17.0321727
101419266;residential;;51.1232974;16.9201953
101419572;residential;;51.1216870;16.8666580
101419590;residential;;51.1213990;16.8656605
101419847;residential;;51.1284030;16.9492565
101420356;residential;;51.1265655;17.0327934
101421519;residential;;51.1261424;17.0337841
101421718;residential;;51.1203754;17.0114173
101421995;residential;;51.1222260;16.8433615
101422190;residential;;51.1228608;17.0122096
101422651;residential;;51.1247899;16.9467740
101423056;residential;;51.1208515;16.8659935
101423672;residential;;51.1209190;16.8671860
101424076;residential;;51.1236551;16.9976664
101424361;residential;;51.1271565;17.1075935
101424571;residential;;51.1229762;16.8825697
101424730;residential;;51.1208930;16.8666930
101424804;residential;;51.1248325;16.9442280
101425965;residential;;51.1212848;17.0773353
101425974;residential;;51.1262419;17.0333537
101426309;residential;;51.1293185;17.1068640
101426690;residential;;51.1242495;16.8639850
101426703;residential;;51.1216409;16.9883448
101426729;residential;;51.1242855;16.9482005
101427109;residential;;51.1243532;17.0499832
101428025;residential;;51.1274201;17.0280468
101428043;residential;;51.1210940;16.8674485
101428251;residential;;51.1257220;16.9981319
101428592;residential;;51.1218818;16.9177896
101428681;residential;;51.1201775;17.0318615
101428898;residential;;51.1244560;16.8632741
101429572;residential;;51.1254957;16.9880694
101429783;residential;;51.1261113;17.0340109
101430119;residential;;51.1240290;16.8639595
101430542;residential;;51.1264605;16.8634925
101430705;residential;;51.1232640;16.8636850
101430981;residential;;51.1226930;16.8815135
101431000;residential;;51.1208680;16.8655575
101431864;residential;;51.1265707;17.0340870
101431968;residential;;51.1208775;16.8653410
101432069;residential;;51.1284700;16.9490430
101432279;residential;;51.1214382;16.8435276
101432292;residential;;51.1216431;17.0771147
101432299;residential;Klasztor Misjonarzy Oblatów Maryi Niepokalanej;51.1264676;16.9884177
101432341;residential;;51.1266057;17.0332589
101480580;residential;;51.1271215;16.9498875
101480777;residential;;51.1248666;16.9950360
101480804;residential;;51.1261731;17.0335746
101481492;residential;;51.1210425;16.8676230
101481745;residential;;51.1243915;16.9436730
101482059;residential;;51.1230395;16.8636650
101482345;residential;;51.1289115;16.9491230
101560142;residential;;51.1308773;17.0130161
101560421;residential;;51.1397791;17.0908186
101560644;residential;;51.1396871;17.0921577
101560747;residential;;51.1325965;17.0996230
101562052;residential;;51.1320750;17.1037950
101562645;residential;;51.1361690;17.0981390
101564503;residential;;51.1315315;17.1016010
101565814;residential;;51.1364565;17.0976505
101566265;residential;;51.1321085;17.1036610
101566453;residential;;51.1341460;17.0845975
101566486;residential;;51.1350093;17.1003138
101566497;residential;;51.1321985;17.1034445
101566814;residential;;51.1351555;17.0883835
101567937;residential;;51.1350740;17.0883940
101568915;residential;;51.1307950;17.1052380
101569045;residential;;51.1323650;17.0856520
101569516;residential;;51.1397368;17.0924715
101569619;residential;;51.1351681;17.0520323
101570574;residential;;51.1339178;17.0864536
101572103;residential;;51.1317540;17.1015070
101572480;residential;;51.1354902;17.0656361
101572882;residential;;51.1341405;17.0843015
101573200;residential;;51.1322469;17.0864661
101573270;residential;;51.1313935;17.1019712
101575092;residential;;51.1396736;16.8917735
101577562;residential;;51.1328005;17.0822470
101577976;residential;;51.1385378;17.0392697
101578054;residential;;51.1310150;17.1030730
101578183;residential;;51.1349451;17.1037504
101578432;residential;;51.1349480;17.0885195
101579199;residential;;51.1314055;17.1046870
101579781;residential;;51.1357305;17.0982035
101580181;residential;;51.1310955;17.1022835
101580787;residential;;51.1373186;16.8980006
101582706;residential;;51.1319415;17.1035230
101584172;residential;;51.1305755;17.1035470
101584974;residential;;51.1311750;17.1043645
101585023;residential;;51.1394453;17.0910752
101586146;residential;Hostel 55;51.1339864;17.0590645
101586495;residential;;51.1311830;17.1068805
101586752;residential;;51.1376037;17.1240645
101587309;residential;;51.1341575;17.0839195
101588375;residential;;51.1382142;16.8850584
101589250;residential;;51.1313190;17.1045000
101590729;residential;;51.1362883;17.0823485
101591569;residential;;51.1345290;17.0528814
101596015;residential;;51.1315984;17.0872371
101648860;residential;;51.1479093;16.9418955
101648988;residential;;51.1430835;17.0395760
101649132;residential;;51.1489311;16.8658092
101649901;residential;;51.1401426;17.0610479
101650025;residential;;51.1478446;16.9419996
101650118;residential;;51.1411050;17.0393130
101650292;residential;;51.1473874;16.9395458
101650341;residential;;51.1420589;17.0300972
101650386;residential;;51.1411340;17.0393895
101650402;residential;;51.1480476;16.8576535
101650563;residential;;51.1459568;17.1115612
101651828;residential;;51.1404399;17.0920646
101651901;residential;;51.1488435;16.8666081
101652273;residential;;51.1483724;16.9411631
101652603;residential;"Villa ""Rosa""";51.1427132;17.0297317
101652968;residential;;51.1411638;17.0821812
101653462;residential;;51.1422532;16.9520074
101653688;residential;;51.1476324;16.9410065
101653867;residential;;51.1404136;16.8863996
101653983;residential;;51.1464292;17.1263576
101654001;residential;;51.1478367;16.9411529
101654072;residential;;51.1424430;16.8699492
101654335;residential;;51.1444596;16.9865784
101654393;residential;;51.1447033;17.0779718
101654533;residential;;51.1431670;17.0389250
101654678;residential;;51.1474390;16.9395948
101654892;residential;;51.1443279;16.9862691
101655218;residential;;51.1432135;17.0328620
101655366;residential;;51.1481036;16.9414728
101655401;residential;;51.1483084;16.9412643
101655840;residential;;51.1476009;16.8672340
101656065;residential;;51.1408475;17.0407065
101656125;residential;;51.1449209;17.0773709
101656232;residential;;51.1423765;16.8693550
101656405;residential;;51.1482580;16.9413435
101656563;residential;;51.1430255;17.0386475
101656748;residential;;51.1494276;16.8838674
101657412;residential;;51.1457669;17.1142710
101657907;residential;;51.1432985;17.0394345
101657962;residential;;51.1463051;17.1257371
101658124;residential;;51.1462688;17.1124319
101658360;residential;;51.1480232;16.9407620
101658492;residential;;51.1446186;17.0800763
101658821;residential;;51.1445855;16.9859355
101658872;residential;;51.1467935;16.8671945
101658882;residential;;51.1406092;16.8868654
101658953;residential;;51.1493503;16.8653597
101659173;residential;;51.1445004;16.9860325
101659199;residential;;51.1481929;16.9414476
101659233;residential;;51.1476085;16.9396848
101659348;residential;;51.1444146;16.9861277
101660143;residential;;51.1479879;16.9397981
101660290;residential;;51.1409207;16.9599518
101660380;residential;;51.1480406;16.9415727
101661786;residential;Zgromadzenie Sióstr Maryi Niepokalanej;51.1440385;17.1110326
101662095;residential;;51.1460890;17.1121118
101662131;residential;;51.1404261;16.8872066
101662417;residential;;51.1424789;16.9218341
101662563;residential;;51.1479774;16.9418150
101663344;residential;;51.1403379;17.0909175
101663561;residential;;51.1404655;16.9568985
101663836;residential;;51.1445203;16.9867157
101664077;residential;;51.1443996;16.9864457
101664684;residential;;51.1489785;16.8660397
101665631;residential;;51.1428765;16.8583045
101666400;residential;;51.1404060;16.9742619
101666993;residential;;51.1451953;16.8712134
101668088;residential;;51.1480881;16.8575901
101668303;residential;;51.1403985;16.9568413
101668466;residential;;51.1405115;17.0918495
101668772;residential;;51.1423638;16.9516855
101668811;residential;;51.1452219;17.0756701
101669071;residential;;51.1421978;16.9524653
101669130;residential;;51.1480253;16.9417124
101669472;residential;;51.1479830;16.9408645
101669681;residential;;51.1429695;17.0385425
101729192;residential;;51.1517757;16.8836133
101729410;residential;;51.1599785;17.1230483
101729661;residential;;51.1579434;16.9402204
101729866;residential;;51.1541700;16.9485480
101730395;residential;;51.1571145;16.9313170
101730498;residential;;51.1571280;17.0931384
101730573;residential;;51.1514375;17.0669340
101730673;residential;;51.1525345;17.0691210
101732043;residential;;51.1524310;17.0688185
101732421;residential;;51.1531140;16.9478450
101732659;residential;;51.1506480;17.0763820
101734482;residential;;51.1510820;17.0677975
101734969;residential;;51.1525791;17.0420560
101734974;residential;;51.1591382;16.9347383
101736655;residential;;51.1501905;17.0697405
101736977;residential;;51.1572610;16.9318560
101737992;residential;;51.1580569;16.9251913
101738425;residential;;51.1561176;16.9023719
101738691;residential;;51.1571125;16.9311535
101739353;residential;;51.1561643;16.8580260
101757846;residential;;51.1574294;17.0080382
101759116;residential;;51.1527120;17.0687955
101761956;residential;;51.1550480;17.0658045
101762543;residential;;51.1600686;17.1238783
101763226;residential;;51.1525805;17.0690340
101765263;residential;;51.1582774;17.0087623
101766310;residential;;51.1513790;17.0670610
101824761;residential;;51.1638750;17.1050355
101824805;residential;;51.1613365;17.1254522
101825706;residential;;51.1610170;16.9058361
101825813;residential;;51.1611207;16.9058974
101826439;residential;;51.1608381;17.1260828
101826789;residential;;51.1659340;17.1083080
101827034;residential;;51.1611219;17.1232503
101827046;residential;;51.1608958;17.1264075
101827247;residential;;51.1632920;17.1364000
101827294;residential;;51.1609715;16.9060415
101827909;residential;;51.1623508;17.1323370
101828178;residential;;51.1613743;17.1261560
101828286;residential;;51.1601210;17.1221290
101828814;residential;;51.1612534;17.1248937
101829122;residential;;51.1616607;17.1257711
101829248;residential;;51.1613851;17.1257936
101829629;residential;;51.1610839;17.1251970
101830411;residential;;51.1642034;17.1064323
101830424;residential;;51.1616479;17.1262046
101830995;residential;;51.1674984;17.1145645
101831090;residential;;51.1601757;17.1235845
101831371;residential;;51.1620357;17.1349656
101831554;residential;;51.1613356;17.1237303
101831692;residential;;51.1647220;17.1066615
101832239;residential;;51.1652520;17.1064715
101833142;residential;;51.1644685;17.1065190
101833243;residential;;51.1699515;17.0005610
101834178;residential;;51.1630150;17.1371195
101834281;residential;;51.1657200;17.1064405
101835175;residential;;51.1612179;17.1245310
101835490;residential;;51.1618775;16.8731338
101835823;residential;;51.1643365;17.0420114
101837431;residential;;51.1606979;17.1262702
101839045;residential;;51.1610352;16.9057209
101839223;residential;;51.1625069;17.1357919
101839708;residential;;51.1685395;17.1059995
101839863;residential;;51.1679933;17.1127950
101841062;residential;;51.1677395;16.9630105
101842676;residential;;51.1672534;17.1148387
101843077;residential;;51.1651245;17.1273740
101843268;residential;IMA Maszyny Budowlane;51.1606150;17.0218458
101844054;residential;;51.1609867;17.1251581
101844222;residential;;51.1611703;16.9057854
101844575;residential;;51.1633280;17.0002018
101870306;residential;;51.1700845;17.0011725
101871478;residential;;51.1789158;16.9887122
101872148;residential;;51.1767187;16.9913096
101872252;residential;;51.1950559;16.9785603
101872414;residential;;51.1952398;16.9756110
101873159;residential;;51.1770342;16.9908147
101873398;residential;;51.1791961;16.9881999
101873763;residential;;51.1788996;16.9890496
101874036;residential;;51.1941703;16.9785129
101874187;residential;;51.1769085;17.0224400
101874299;residential;;51.1974855;16.9802754
101874301;residential;;51.1771853;16.9902468
101874335;residential;;51.1725421;16.9067658
101874557;residential;;51.1700775;16.9999355
101874590;residential;;51.1742120;17.1117130
101874657;residential;;51.1716785;16.9953230
101874837;residential;;51.1760754;16.9923029
101875023;residential;;51.1773297;16.9910013
101875041;residential;;51.1948728;16.9752017
101875363;residential;;51.1770568;16.9914015
101875445;residential;;51.1769436;16.9915968
101875633;residential;;51.1712080;16.9961365
101875859;residential;;51.1773886;16.9898325
101875922;residential;;51.1777354;16.9903656
101875971;residential;;51.1953288;16.9761610
101876036;residential;;51.1710145;17.0035440
101876137;residential;;51.1725826;16.9062520
101876167;residential;;51.1768499;16.9911018
101876366;residential;;51.1950711;16.9790494
101876503;residential;;51.1764151;16.9917313
101876674;residential;;51.1771315;16.9912866
101876741;residential;;51.1772322;16.9904837
101876750;residential;;51.1725179;16.9045796
101876910;residential;;51.1762499;16.9920145
101877111;residential;;51.1704037;16.9106159
101877131;residential;;51.1741190;16.9935090
101877203;residential;;51.1758159;16.9927054
101878082;residential;;51.1770855;16.9917006
101878107;residential;;51.1785563;17.0173006
101878223;residential;;51.1757204;16.9928538
101878479;residential;;51.1951205;16.9762156
101878810;residential;;51.1948344;16.9763623
101878912;residential;;51.1759183;16.9924568
146988014;residential;;51.0789196;17.0789662
173208772;residential;;51.1622502;16.8766478
173208816;residential;;51.1617451;16.8763894
173672891;residential;;51.0948542;16.9352252
173672928;residential;;51.0948912;16.9351335
173672929;residential;;51.0945816;16.9353706
173672930;residential;;51.0947000;16.9350999
173672931;residential;;51.0947033;16.9355885
173672932;residential;;51.0948176;16.9353259
173672933;residential;;51.0945158;16.9360024
173672934;residential;;51.0944449;16.9356570
173672935;residential;;51.0945603;16.9359233
173672936;residential;;51.0944812;16.9355597
173672937;residential;;51.0947772;16.9354061
173672939;residential;;51.0943627;16.9358304
173672940;residential;;51.0946637;16.9351972
173672941;residential;;51.0946185;16.9352733
173672942;residential;;51.0943996;16.9357331
173672944;residential;;51.0945950;16.9358241
173672945;residential;;51.0947446;16.9355077
173672946;residential;;51.0946394;16.9357457
192979509;residential;;51.1612547;16.8957591
198987493;residential;;51.0740772;17.0340442
198987494;residential;;51.0741236;17.0336253
200170917;residential;Osiedle Ornamento;51.0682995;16.9924683
200578667;residential;;51.1541359;16.9031868
200578898;residential;;51.1540416;16.9043830
200578905;residential;;51.1536856;16.9042960
200578948;residential;;51.1535164;16.9059538
200578996;residential;;51.1534130;16.9065225
200579129;residential;;51.1533045;16.9074984
202319422;residential;;51.0506360;17.0118060
202400705;residential;;51.0459770;17.0571668
208431060;residential;;51.0949909;16.9347818
216256597;residential;;51.0983870;16.9519423
219624888;residential;;51.0477608;17.0551406
219624899;residential;;51.0480746;17.0550323
219624900;residential;;51.0474683;17.0575177
219624911;residential;;51.0495628;17.0493612
229487180;residential;;51.0473360;17.0882014
231556779;residential;;51.0474717;17.0456740
231556789;residential;;51.0507291;17.0231080
231568437;residential;;51.0472705;17.0257038
231568438;residential;;51.0476382;17.0258122
231568442;residential;;51.0471977;17.0256855
231568443;residential;;51.0479135;17.0258978
245836782;residential;;51.1310235;16.8607975
249442398;residential;;51.1346892;17.1019638
251469395;residential;;51.1021620;16.9515133
264895720;residential;;51.0470989;17.0261733
268977848;residential;;51.1035568;17.1618796
273608694;residential;;51.0637880;17.0562332
274214190;residential;;51.1509750;17.0680430
274214210;residential;;51.0462672;17.0172263
274214219;residential;;51.0462464;17.0166245
274214245;residential;;51.0458546;17.0163117
276147976;residential;;51.0654052;16.9903417
276147977;residential;;51.0654840;16.9907625
276147978;residential;;51.0655613;16.9911905
276231843;residential;;51.1297508;17.1185297
276313330;residential;;51.0656003;16.9918110
276313332;residential;;51.0650943;16.9918024
289123445;residential;;51.0729077;16.9794208
291859518;residential;;51.0625340;17.0209844
291859519;residential;;51.0627583;17.0211061
291859520;residential;;51.0634780;17.0173036
292812239;residential;;51.0656761;17.0558520
292914647;residential;;51.1526667;17.0447127
295803241;residential;;51.1189854;16.9828108
295803242;residential;;51.1192741;16.9825611
295803243;residential;;51.1191073;16.9824086
295803244;residential;;51.1190278;16.9826954
295803246;residential;;51.1192260;16.9827068
295803248;residential;;51.1187241;16.9824933
295803249;residential;;51.1187268;16.9823169
295803251;residential;;51.1187586;16.9821904
295803252;residential;;51.1191814;16.9821359
295803254;residential;;51.1190292;16.9819896
295803255;residential;;51.1191787;16.9829391
295803259;residential;;51.1187933;16.9820275
295803261;residential;;51.1189240;16.9824329
295803262;residential;;51.1188798;16.9826621
295803264;residential;;51.1188202;16.9818998
295803265;residential;;51.1192973;16.9824907
295803267;residential;;51.1190732;16.9825333
295803269;residential;;51.1189777;16.9822111
295803270;residential;;51.1193418;16.9823382
295803272;residential;;51.1191478;16.9822598
295803273;residential;;51.1192029;16.9827769
297203943;residential;;51.1400290;16.8919770
297203953;residential;;51.1410683;16.8927223
297203954;residential;;51.1410288;16.8925915
297203955;residential;;51.1407456;16.8932820
300313352;residential;;51.1526345;16.8991571
300313358;residential;;51.1528508;16.8983777
300313362;residential;;51.1531925;16.8991624
300313365;residential;;51.1535203;16.8997471
300337021;residential;;51.1534935;16.8937883
300339714;residential;;51.1539328;16.8967363
300339716;residential;;51.1529152;16.8961975
300339717;residential;;51.1531688;16.8951604
300339718;residential;;51.1544888;16.8944378
300339720;residential;;51.1541048;16.8927970
300339722;residential;;51.1530377;16.8977084
300339723;residential;;51.1534134;16.8983655
300339725;residential;;51.1553004;16.8947384
300339730;residential;;51.1550306;16.8941056
300339734;residential;;51.1535431;16.8970052
300339737;residential;;51.1530242;16.8957057
300339740;residential;;51.1535897;16.8976441
300339742;residential;;51.1536900;16.8953871
300339744;residential;;51.1536832;16.8991518
300339746;residential;;51.1554206;16.8940537
300339747;residential;;51.1538134;16.8986023
300339751;residential;;51.1539602;16.8974160
300339753;residential;;51.1534714;16.8962513
300339754;residential;;51.1539269;16.8979484
300339756;residential;;51.1548791;16.8946895
300339757;residential;;51.1538337;16.8960871
300339759;residential;;51.1533168;16.8944566
300339761;residential;;51.1546736;16.8952929
300339762;residential;;51.1546663;16.8931457
300339764;residential;;51.1535944;16.8947091
300339767;residential;;51.1551245;16.8953046
300339768;residential;;51.1542774;16.8933732
302673846;residential;;51.1750808;16.8835726
306372800;residential;;51.1103874;16.9670711
306372801;residential;;51.1105657;16.9670372
306372802;residential;;51.1107451;16.9670063
306372803;residential;;51.1109230;16.9669783
306372804;residential;;51.1111110;16.9669422
306372805;residential;;51.1111457;16.9677400
306372806;residential;;51.1109706;16.9677667
306372808;residential;;51.1107980;16.9677924
306372809;residential;;51.1106230;16.9678198
306372810;residential;;51.1104486;16.9678517
306372811;residential;;51.1110425;16.9664971
306372812;residential;;51.1108945;16.9665170
306372813;residential;;51.1107139;16.9665451
306372814;residential;;51.1105315;16.9665780
306372815;residential;;51.1103505;16.9666110
306372816;residential;;51.1101716;16.9666482
306713007;residential;;51.1624813;16.9089435
306713008;residential;;51.1618586;16.9086132
310648934;residential;;51.1547022;16.9464980
310648935;residential;;51.1544318;16.9467756
310648936;residential;;51.1543681;16.9467391
310648938;residential;;51.1546488;16.9464672
310648939;residential;;51.1544943;16.9468118
310648942;residential;;51.1545222;16.9463941
310648943;residential;;51.1544482;16.9463510
310648944;residential;;51.1546051;16.9459778
310648946;residential;;51.1548061;16.9460934
310648947;residential;;51.1548080;16.9469935
310648948;residential;;51.1546194;16.9468843
310648949;residential;;51.1547764;16.9465409
310648951;residential;;51.1547447;16.9469565
310648954;residential;;51.1546788;16.9460206
310648958;residential;;51.1546819;16.9469204
310648965;residential;;51.1545758;16.9464249
310648966;residential;;51.1545405;16.9459401
310648967;residential;;51.1547325;16.9460510
310648969;residential;;51.1545569;16.9468478
310648982;residential;;51.1549265;16.9466652
310678428;residential;;51.0682161;16.9951615
310678429;residential;;51.0681563;16.9954005
310678430;residential;;51.0680897;16.9956422
310678431;residential;;51.0680231;16.9958841
310678432;residential;;51.0679567;16.9961261
310729405;residential;;51.0643222;17.0398726
310729406;residential;;51.0641878;17.0403480
312885002;residential;;51.1239564;17.0288463
317733886;residential;;51.1668973;17.1145894
317733887;residential;;51.1669744;17.1141515
317733888;residential;;51.1669549;17.1142509
317777029;residential;;51.1639087;17.0393135
317777030;residential;;51.1635467;17.0390131
317777032;residential;;51.1640651;17.0389136
317777034;residential;;51.1638701;17.0387526
317777036;residential;;51.1637335;17.0391684
317777037;residential;;51.1636836;17.0385976
317777039;residential;;51.1633617;17.0388592
317777041;residential;;51.1633106;17.0382883
317777043;residential;;51.1631740;17.0387040
317777045;residential;;51.1634971;17.0384427
318961424;residential;;51.1556374;16.9446219
319949721;residential;;51.1735713;17.0085822
321449113;residential;;51.1529813;16.8969228
332279351;residential;;51.1128031;17.1275765
332279352;residential;;51.1130216;17.1278677
332279353;residential;;51.1129561;17.1273559
332279354;residential;;51.1127151;17.1279750
332279355;residential;;51.1127668;17.1271160
332279356;residential;;51.1128580;17.1281648
332279357;residential;;51.1131452;17.1275965
338172730;residential;;51.0480204;17.0259238
338172731;residential;;51.0479664;17.0259116
338172739;residential;;51.0482523;17.0259849
338172752;residential;;51.0480743;17.0259387
342800042;residential;;51.1582324;17.0422335
342933589;residential;;51.1767757;16.9111887
342933590;residential;;51.1766995;16.9111549
344509007;residential;;51.1722885;16.9031237
361593183;residential;;51.1297233;17.0439594
362098202;residential;;51.1943011;16.9794747
372802120;residential;;51.0704561;16.9937198
374628502;residential;;51.0657310;17.0563531
375700379;residential;;51.1621804;16.8956051
375700380;residential;;51.1618335;16.8959493
375755095;residential;;51.0530407;17.0343720
375755098;residential;;51.0485905;17.0259578
375755140;residential;;51.0462713;17.0153593
375787951;residential;;51.1673102;16.9203279
375787959;residential;;51.1651726;16.9221287
375787976;residential;;51.1671968;16.9227741
375787979;residential;;51.1669040;16.9226611
375787988;residential;;51.1672412;16.9200585
375787993;residential;;51.1675058;16.9211576
375788321;residential;;51.1542986;16.9488065
376247958;residential;;51.1547632;16.9456330
376247961;residential;;51.1547006;16.9455970
376247962;residential;;51.1549522;16.9457423
376247973;residential;;51.1546372;16.9455607
376248006;residential;;51.1559201;16.9355007
376248014;residential;;51.1548261;16.9456700
376249437;residential;;51.0657836;17.0569534
379111418;residential;;51.1627505;17.0378227
379111419;residential;;51.1629368;17.0379782
379111421;residential;;51.1629867;17.0385480
379111422;residential;;51.1628003;17.0383932
379111423;residential;;51.1626136;17.0382397
379111424;residential;;51.1624271;17.0380842
379111425;residential;;51.1631227;17.0381324
379111427;residential;;51.1625638;17.0376685
379116237;residential;;51.1701845;17.0004980
384320158;residential;;51.1467888;16.9013750
384580855;residential;;51.1351948;17.1041180
384671600;residential;;51.1626235;16.8732858
384671601;residential;;51.1623867;16.8731663
384671609;residential;;51.1623476;16.8757818
384671610;residential;;51.1620860;16.8757218
384729418;residential;;51.1493558;16.8664427
385569357;residential;;51.0628845;17.0251475
385569524;residential;;51.0607863;17.0591468
385569565;residential;;51.0609688;17.0591823
385569578;residential;;51.0606548;17.0591206
385569683;residential;;51.0608802;17.0591649
385569686;residential;;51.0702255;17.0339085
385569690;residential;;51.0621921;17.0268464
385569692;residential;;51.0622870;17.0268844
386616522;residential;;51.1368011;16.8915895
386616523;residential;;51.1366426;16.8915286
386708375;residential;;51.1728187;16.9952660
388950196;residential;;51.0515675;17.0155397
390315471;residential;;51.0992430;16.9525389
390316726;residential;;51.0991775;16.9573335
390318050;residential;;51.0961465;16.9622545
397054995;residential;;51.0463992;17.0525019
397055019;residential;;51.0490995;17.0552840
397055045;residential;;51.0463229;17.0524581
401436977;residential;;51.0622535;17.0650891
401437010;residential;;51.0632610;17.0649425
401437050;residential;;51.0622850;17.0649331
402744720;residential;;51.1549495;16.9465655
402744721;residential;;51.1548888;16.9457058
402744722;residential;;51.1549724;16.9464654
402744723;residential;;51.1549771;16.9463556
402744724;residential;;51.1549873;16.9461353
402744725;residential;;51.1549821;16.9462462
403519776;residential;;51.1429112;16.9971049
403519777;residential;;51.1428494;16.9970249
407477758;residential;;51.1467991;16.8277573
407735619;residential;Mezonetowiec;51.1015062;17.0360475
408960744;residential;;51.1713105;16.8856352
408960750;residential;;51.1751961;16.8831711
410545840;residential;;51.0511122;17.0477316
412176442;residential;;51.1407093;16.9934844
416925034;residential;;51.0495531;17.0352901
422382107;residential;;51.0755786;16.9643857
422382108;residential;;51.0754313;16.9645208
422382109;residential;;51.0752837;16.9645798
422382110;residential;;51.0751369;16.9646381
422382111;residential;;51.0753507;16.9641839
422626958;residential;;51.1418892;16.8949711
422626977;residential;;51.1409594;16.8923648
422626982;residential;;51.1409203;16.8922340
423410959;residential;;51.0999252;17.1545203
423410961;residential;;51.1000262;17.1546335
424389283;residential;;51.1265422;16.9682485
426993986;residential;;51.0500421;17.0118527
434104134;residential;;51.1225914;16.8785912
434104136;residential;;51.1227879;16.8784793
434104138;residential;;51.1225982;16.8784391
434104139;residential;;51.1229319;16.8786207
437974826;residential;;51.1676462;16.9217389
437974827;residential;;51.1673794;16.9206095
437974828;residential;;51.1675848;16.9214629
437974832;residential;;51.1675476;16.9213091
437974834;residential;;51.1674682;16.9210011
437974835;residential;;51.1674091;16.9207387
437974836;residential;;51.1676177;16.9216205
437974838;residential;;51.1673409;16.9204557
440091441;residential;;51.1187614;17.1256578
440092374;residential;;51.0463254;17.0273567
443212075;residential;;51.1433927;17.0010266
444712270;residential;;51.1626007;16.8757229
444712272;residential;;51.1619919;16.8765365
444712273;residential;;51.1624774;16.8767640
444828605;residential;;51.0506671;17.0349372
446728375;residential;;51.1366036;16.8917785
446728376;residential;;51.1366232;16.8916530
446728377;residential;;51.1367612;16.8918398
446728378;residential;;51.1367812;16.8917150
446801683;residential;;51.1581387;16.9113767
446801693;residential;;51.1579904;16.9112813
446980816;residential;;51.0542276;17.0827032
448272954;residential;;51.0664477;17.0373766
448272957;residential;;51.0665777;17.0373991
448272960;residential;;51.0665732;17.0368366
448740948;residential;;51.1679313;17.0998782
448740965;residential;;51.1676925;17.1008351
449736744;residential;;51.1239349;16.8787231
449736745;residential;;51.1239389;16.8788731
449738202;residential;;51.1229003;16.8825484
450180653;residential;;51.0464688;17.0572955
450180659;residential;;51.0507170;17.0500968
450180674;residential;;51.0457962;17.0477593
450180675;residential;;51.0506941;17.0471455
450180677;residential;;51.0508979;17.0476866
450180680;residential;;51.0470008;17.0573344
450180682;residential;;51.0461789;17.0465429
450185709;residential;;51.0458689;17.0180491
450185716;residential;;51.0461007;17.0177732
450185721;residential;;51.0479503;17.0219541
450185732;residential;;51.0508103;17.0228398
450297140;residential;;51.0494255;17.0355105
456222892;residential;;51.0731141;16.9781046
456222895;residential;;51.0730497;16.9786147
457713321;residential;;51.1670611;16.9193131
457713322;residential;;51.1670917;16.9194388
457713323;residential;;51.1671336;16.9195906
457713324;residential;;51.1671709;16.9197479
457713325;residential;;51.1672033;16.9199025
458686284;residential;;51.1294054;17.0409396
464255100;residential;;51.1426395;16.8582660
476934477;residential;;51.0470162;17.0289646
476937801;residential;;51.0514475;17.0154299
476937803;residential;;51.0514905;17.0151856
476937804;residential;;51.0516256;17.0152151
477341913;residential;;51.1297125;17.0419665
491854683;residential;;51.1587126;16.8582372
495285490;residential;;51.1110172;17.1233933
501677245;residential;;51.0920367;17.0409479
502759820;residential;;51.0745417;16.9961653
509605648;residential;;51.0746578;17.0816636
510640920;residential;;51.0689707;16.9947945
531226360;residential;;51.1572053;16.9294915
531226362;residential;;51.1561838;16.9264798
531246145;residential;;51.1541881;16.9475964
531246151;residential;;51.1556904;16.9438448
531246155;residential;;51.1547789;16.9409292
531246158;residential;;51.1566278;16.9323194
531645209;residential;;51.1533587;16.9121092
531645211;residential;;51.1556302;16.9093167
536626966;residential;;51.1231021;16.8787201
536626970;residential;;51.1232739;16.8787388
536626974;residential;;51.1234412;16.8786786
541360502;residential;;51.1439778;16.8495938
541360504;residential;;51.1440415;16.8492676
541382272;residential;;51.1584529;17.0395472
541382273;residential;;51.1587388;17.0396072
542408519;residential;;51.1289420;17.0425295
543069988;residential;;51.0544209;17.0827535
543069990;residential;;51.0523857;17.0804378
549549913;residential;;51.1212496;17.0306133
552862300;residential;;51.1421044;16.8960894
552862301;residential;;51.1419876;16.8960539
552862302;residential;;51.1419293;16.8960356
552862303;residential;;51.1418750;16.8960165
552862304;residential;;51.1420460;16.8960722
554479442;residential;;51.1616815;17.0374667
554479443;residential;;51.1618679;17.0376212
554479444;residential;;51.1620544;17.0377758
554479445;residential;;51.1622409;17.0379308
554479446;residential;;51.1623773;17.0375142
554479447;residential;;51.1621909;17.0373596
554479448;residential;;51.1620042;17.0372047
554479449;residential;;51.1618177;17.0370498
554479964;residential;;51.1626675;17.0415814
554479965;residential;;51.1627366;17.0416286
555806527;residential;;51.1191245;16.9828939
555806528;residential;;51.1189772;16.9819389
555806529;residential;;51.1189256;16.9821615
555806530;residential;;51.1188716;16.9823829
555806531;residential;;51.1188279;16.9826117
555806532;residential;;51.1186673;16.9824573
558590295;residential;;51.1237574;16.8785889
558590298;residential;;51.1236031;16.8785738
564137791;residential;;51.1448250;17.0399608
564810341;residential;;51.1296832;16.8405852
564810342;residential;;51.1296477;16.8408161
564810343;residential;;51.1296123;16.8410479
564810344;residential;;51.1299203;16.8410207
564810345;residential;;51.1298887;16.8412334
564810346;residential;;51.1298557;16.8414437
564810347;residential;;51.1298235;16.8416541
565915348;residential;;51.0645343;17.0658290
565915349;residential;;51.0645670;17.0656751
565915350;residential;;51.0645993;17.0655229
565915351;residential;;51.0646317;17.0653713
565915352;residential;;51.0646644;17.0652169
567018892;residential;;51.1219582;16.9177928
567061510;residential;;51.1216717;16.9295917
567061511;residential;;51.1214906;16.9295588
567061512;residential;;51.1213092;16.9295259
567190754;residential;;51.1659906;16.9221160
567190755;residential;;51.1661701;16.9219959
567190756;residential;;51.1662578;16.9219346
567190757;residential;;51.1663474;16.9218799
567190758;residential;;51.1664372;16.9218253
567190759;residential;;51.1665319;16.9218062
567190760;residential;;51.1666134;16.9217590
567190761;residential;;51.1666952;16.9216834
567190762;residential;;51.1660805;16.9220504
567840207;residential;;51.0473903;17.0262678
567840208;residential;;51.0478003;17.0258521
567840209;residential;;51.0476914;17.0258258
567840210;residential;;51.0477457;17.0258382
567840211;residential;;51.0474322;17.0257600
567840212;residential;;51.0482440;17.0260691
567840214;residential;;51.0482601;17.0258983
567840218;residential;;51.0482696;17.0258122
567840222;residential;;51.0485666;17.0261457
567840223;residential;;51.0486089;17.0258147
567857904;residential;;51.0463233;17.0254051
567857905;residential;;51.0465417;17.0254751
567857906;residential;;51.0467609;17.0255446
567857907;residential;;51.0469787;17.0256150
567860932;residential;;51.0461707;17.0266902
567860933;residential;;51.0462977;17.0267307
567860934;residential;;51.0463580;17.0267378
567860935;residential;;51.0464244;17.0267718
567860936;residential;;51.0464850;17.0267787
567860937;residential;;51.0465514;17.0268124
567860938;residential;;51.0466121;17.0268191
567860939;residential;;51.0466785;17.0268526
567860940;residential;;51.0467399;17.0268595
567860941;residential;;51.0461044;17.0266570
567860942;residential;;51.0460420;17.0266502
567860943;residential;;51.0471692;17.0270091
567860944;residential;;51.0472326;17.0270160
567860945;residential;;51.0473014;17.0270513
567860946;residential;;51.0473612;17.0270579
567860947;residential;;51.0457647;17.0258981
567860948;residential;;51.0456133;17.0255896
567860950;residential;;51.0456148;17.0251818
567860951;residential;;51.0458330;17.0252516
567860952;residential;;51.0461050;17.0253357
570240367;residential;;51.1404468;16.8940484
570240368;residential;;51.1403123;16.8940056
570240370;residential;;51.1401590;16.8939504
570240371;residential;;51.1400225;16.8939075
570304587;residential;;51.1632196;17.0356218
570304588;residential;;51.1631380;17.0355523
570304589;residential;;51.1629448;17.0354249
570304590;residential;;51.1641374;17.0356059
570304591;residential;;51.1639659;17.0354704
570304592;residential;;51.1639004;17.0354139
570507207;residential;;51.1194605;16.8690975
570922000;residential;;51.1701417;17.1163213
570928468;residential;;51.1702343;17.1129105
570928469;residential;;51.1703888;17.1129507
570930574;residential;;51.1708311;17.1100468
570930586;residential;;51.1706162;17.1104170
570937325;residential;;51.1702849;17.1124824
570937326;residential;;51.1703367;17.1120539
570937327;residential;;51.1703885;17.1116224
570937328;residential;;51.1704397;17.1111916
570937329;residential;;51.1704916;17.1107615
570937330;residential;;51.1706427;17.1108336
570937331;residential;;51.1705930;17.1112477
570937332;residential;;51.1705434;17.1116617
570937333;residential;;51.1704939;17.1120754
570937334;residential;;51.1704441;17.1124900
571122976;residential;;51.0585037;17.0162278
572858900;residential;;51.0654064;16.9819922
575049771;residential;;51.0744141;16.9739924
575049772;residential;;51.0744237;16.9736402
575052057;residential;;51.0713964;16.9761409
575250129;residential;;51.0495872;17.0167515
575250130;residential;;51.0496054;17.0166569
575250131;residential;;51.0494463;17.0170859
575250132;residential;;51.0495062;17.0171148
576317757;residential;;51.1297711;17.1184578
578356564;residential;;51.0483834;17.0545101
578375585;residential;;51.0462589;17.0527834
578375589;residential;;51.0462518;17.0524417
578375595;residential;;51.0467717;17.0527362
578375598;residential;;51.0479062;17.0576272
578376627;residential;;51.0580590;17.0634107
578378882;residential;;51.0597743;17.0616100
578378883;residential;;51.0599067;17.0616325
578378884;residential;;51.0599711;17.0616408
578378885;residential;;51.0600377;17.0616543
578378886;residential;;51.0601035;17.0616628
578378887;residential;;51.0598403;17.0616185
578378888;residential;;51.0602183;17.0621071
578378889;residential;;51.0602786;17.0621171
578378890;residential;;51.0603370;17.0621272
578378891;residential;;51.0603961;17.0621370
578378892;residential;;51.0605140;17.0621571
578378893;residential;;51.0604539;17.0621470
578378894;residential;;51.0597302;17.0620325
578378895;residential;;51.0597899;17.0620426
578378896;residential;;51.0598490;17.0620525
578378897;residential;;51.0599074;17.0620625
578378898;residential;;51.0599662;17.0620723
578378899;residential;;51.0600850;17.0620924
578378900;residential;;51.0600252;17.0620822
578378901;residential;;51.0597129;17.0623977
578378902;residential;;51.0597788;17.0624107
578378903;residential;;51.0598444;17.0624234
578378904;residential;;51.0599764;17.0624493
578378905;residential;;51.0599104;17.0624362
578378906;residential;;51.0596925;17.0627019
578378907;residential;;51.0597588;17.0627148
578378908;residential;;51.0598241;17.0627275
578378909;residential;;51.0599563;17.0627531
578378910;residential;;51.0598896;17.0627403
578818511;residential;;51.0607701;17.0574039
578818512;residential;;51.0609683;17.0574547
578818513;residential;;51.0610707;17.0574788
578818514;residential;;51.0611982;17.0571911
578818515;residential;;51.0611062;17.0571672
578818516;residential;;51.0610143;17.0571436
578818517;residential;;51.0608694;17.0574292
578818518;residential;;51.0609218;17.0571194
578821432;residential;;51.0626771;17.0583692
578821433;residential;;51.0625794;17.0583558
578821435;residential;;51.0627747;17.0583818
578850180;residential;;51.0625122;17.0626437
578850181;residential;;51.0625275;17.0625351
578850188;residential;;51.0643540;17.0607728
579806909;residential;;51.1418494;17.1361190
579806910;residential;;51.1418942;17.1361536
579806911;residential;;51.1419400;17.1361877
579806912;residential;;51.1419840;17.1362217
579806913;residential;;51.1420324;17.1362476
579806914;residential;;51.1417981;17.1360809
579806915;residential;;51.1420930;17.1354852
579806916;residential;;51.1420495;17.1354523
579806917;residential;;51.1421415;17.1355116
579806918;residential;;51.1419985;17.1354135
579806921;residential;;51.1420786;17.1359050
579806922;residential;;51.1420345;17.1358722
579806923;residential;;51.1419891;17.1358381
579806924;residential;;51.1419444;17.1358044
579806925;residential;;51.1418926;17.1357659
579806926;residential;;51.1421213;17.1359487
579807390;residential;;51.1417432;17.1364714
579807391;residential;;51.1417882;17.1365054
579807392;residential;;51.1418329;17.1365398
579807393;residential;;51.1418784;17.1365732
579807394;residential;;51.1419212;17.1366167
579807395;residential;;51.1416923;17.1364327
579808557;residential;;51.1414774;17.1351836
579808558;residential;;51.1414467;17.1352872
579808559;residential;;51.1414164;17.1353911
579808560;residential;;51.1413857;17.1354931
579808561;residential;;51.1413556;17.1355967
579808562;residential;;51.1413248;17.1357005
579808563;residential;;51.1412943;17.1358042
579808564;residential;;51.1412634;17.1359069
579808565;residential;;51.1412331;17.1360105
579808566;residential;;51.1412028;17.1361140
579808567;residential;;51.1411720;17.1362187
579808568;residential;;51.1415143;17.1350747
579808814;residential;;51.1409493;17.1358342
579808815;residential;;51.1409859;17.1357257
579808816;residential;;51.1410114;17.1356268
579808817;residential;;51.1410477;17.1355208
579808818;residential;;51.1410742;17.1354213
579808819;residential;;51.1411109;17.1353145
579808820;residential;;51.1411367;17.1352153
579808821;residential;;51.1411733;17.1351075
579808822;residential;;51.1412358;17.1350034
579808823;residential;;51.1409417;17.1359741
579862181;residential;;51.1542208;16.9022211
579873065;residential;;51.1572941;16.8961021
579873066;residential;;51.1573497;16.8959085
579873067;residential;;51.1573770;16.8958121
579873068;residential;;51.1574047;16.8957147
579873069;residential;;51.1573222;16.8960044
579876475;residential;;51.1751288;16.8839766
579876476;residential;;51.1748386;16.8840182
579876477;residential;;51.1749076;16.8838380
579877797;residential;;51.1758102;16.8848255
579879286;residential;;51.1764419;16.8837205
579879288;residential;;51.1764771;16.8835592
579885672;residential;;51.1515147;16.8653833
579885675;residential;;51.1519950;16.8648041
580072775;residential;;51.0608987;17.0409400
580072776;residential;;51.0606611;17.0408266
580072777;residential;;51.0604572;17.0407354
580072778;residential;;51.0602195;17.0406258
580072779;residential;;51.0600150;17.0405384
580072780;residential;;51.0597750;17.0404407
580072781;residential;;51.0595700;17.0403723
580072782;residential;;51.0596357;17.0399850
580072783;residential;;51.0598393;17.0400759
580072784;residential;;51.0600079;17.0402577
580072785;residential;;51.0602320;17.0403582
580072786;residential;;51.0604499;17.0404551
580072787;residential;;51.0606743;17.0405547
580072788;residential;;51.0609099;17.0405161
580072789;residential;;51.0611983;17.0406455
580072790;residential;;51.0600315;17.0401228
580072791;residential;;51.0602557;17.0402235
580072792;residential;;51.0604738;17.0403204
580072793;residential;;51.0606983;17.0404209
580072794;residential;;51.0609949;17.0405538
580072795;residential;;51.0611139;17.0406079
580072796;residential;;51.0610827;17.0410083
580072797;residential;;51.0608140;17.0409020
580072798;residential;;51.0605763;17.0407887
580072799;residential;;51.0603724;17.0406976
580072800;residential;;51.0601347;17.0405878
580072801;residential;;51.0599304;17.0405004
580072802;residential;;51.0596892;17.0404088
580072803;residential;;51.0594842;17.0403451
580072804;residential;;51.0597547;17.0400383
580072805;residential;;51.0595507;17.0399473
580581667;residential;;51.0563935;17.0270240
580770782;residential;;51.0671222;17.0401468
580770783;residential;;51.0670497;17.0401289
580770784;residential;;51.0669779;17.0401112
580770785;residential;;51.0669053;17.0400932
580770786;residential;;51.0668333;17.0400754
580770787;residential;;51.0667615;17.0400577
580770788;residential;;51.0666516;17.0403853
580770789;residential;;51.0667279;17.0404041
580770790;residential;;51.0668003;17.0404218
580770791;residential;;51.0668724;17.0404394
580770792;residential;;51.0669438;17.0404570
580770793;residential;;51.0670162;17.0404747
580770795;residential;;51.0670889;17.0404925
580770796;residential;;51.0666846;17.0400388
580923294;residential;;51.1737553;17.0138354
580923295;residential;;51.1738330;17.0137057
580923296;residential;;51.1715976;17.0155138
580925323;residential;;51.1695262;17.0096592
580925324;residential;;51.1695493;17.0095753
580925328;residential;;51.1705837;17.0057557
581944322;residential;;51.0501244;17.0284975
581944323;residential;;51.0503389;17.0285664
581944324;residential;;51.0504658;17.0286071
581944325;residential;;51.0505731;17.0286413
581944326;residential;;51.0506798;17.0286759
581944328;residential;;51.0507870;17.0287103
581944329;residential;;51.0502319;17.0285321
581947591;residential;;51.1300420;17.1035801
581947592;residential;;51.1299948;17.1035172
583365106;residential;;51.1728319;16.9030486
583365107;residential;;51.1728607;16.9027114
583365108;residential;;51.1728898;16.9023765
583365109;residential;;51.1729189;16.9020418
583366127;residential;;51.1397732;16.8887037
583366128;residential;;51.1398219;16.8887316
583366129;residential;;51.1397225;16.8886757
583366130;residential;;51.1398707;16.8887596
587432803;residential;;51.1813557;17.0143896
587432805;residential;;51.1788698;17.0200029
587717100;residential;;51.1560906;16.8990609
588060442;residential;;51.1527174;16.9105570
589883208;residential;;51.0608608;16.9776590
592997783;residential;;51.1551314;17.0458990
597452819;residential;;51.1221039;16.8663319
597452822;residential;;51.1236325;16.8668073
597452825;residential;;51.1228844;16.8657682
597452834;residential;;51.1223948;16.8659145
597453922;residential;;51.1233304;16.8646246
597453924;residential;;51.1235755;16.8641628
597458539;residential;;51.1192111;16.8752518
597458542;residential;;51.1194176;16.8684160
597460055;residential;;51.1310529;16.8353816
597469613;residential;;51.1181555;16.9219939
597469617;residential;;51.1176158;16.9214167
597469620;residential;;51.1177891;16.9213702
597469636;residential;;51.1150986;16.9257996
597469637;residential;;51.1147853;16.9263091
597469639;residential;;51.1151243;16.9262657
597981537;residential;;51.1652327;16.9214963
597981539;residential;;51.1651428;16.9199116
597981540;residential;;51.1650336;16.9199786
597992186;residential;;51.1708342;16.8957259
597992187;residential;;51.1712947;16.8960598
597992188;residential;;51.1717728;16.8964059
597992681;residential;;51.1649139;16.8764638
598080757;residential;;51.1735535;17.0141928
598080758;residential;;51.1736312;17.0140580
598080759;residential;;51.1734326;17.0144097
598080760;residential;;51.1733549;17.0145446
598080761;residential;;51.1732392;17.0147135
598198083;residential;;51.1541018;16.9480155
598198084;residential;;51.1541232;16.9479101
598198085;residential;;51.1541450;16.9478054
598198086;residential;;51.1541666;16.9477009
601135044;residential;;51.1634586;16.8740634
601135045;residential;;51.1632496;16.8738376
601311727;residential;;51.1010477;17.1564182
601311728;residential;;51.1009370;17.1562919
601311729;residential;;51.1008846;17.1562357
601311730;residential;;51.1009952;17.1563614
601413659;residential;;51.1545226;16.8923307
601595831;residential;;51.1546955;16.8924458
601595833;residential;;51.1546119;16.8923855
601629025;residential;;51.0999662;16.9437215
601839378;residential;;51.1522273;16.9109293
603070730;residential;;51.1772496;16.8795748
603417119;residential;;51.1593188;16.9054261
603417120;residential;;51.1593056;16.9050141
603417122;residential;;51.1595616;16.9040331
603417123;residential;;51.1596443;16.9037129
603417124;residential;;51.1589249;16.9051812
603655218;residential;;51.1614067;17.0434522
603655219;residential;;51.1614782;17.0435115
603655220;residential;;51.1616780;17.0436836
603655221;residential;;51.1616091;17.0436244
603655222;residential;;51.1618799;17.0438551
603655223;residential;;51.1618113;17.0437961
606302012;residential;;51.0602085;17.0590363
606302013;residential;;51.0602980;17.0590537
606302014;residential;;51.0603867;17.0590697
606302015;residential;;51.0604758;17.0590872
606302016;residential;;51.0605653;17.0591032
606307702;residential;;51.1255935;16.9473883
606316050;residential;;51.1152535;16.9262496
606316051;residential;;51.1149141;16.9262928
611845529;residential;;51.1612479;17.0433173
611845530;residential;;51.1610901;17.0431835
611845531;residential;;51.1609329;17.0430499
611845532;residential;;51.1607565;17.0428931
611845533;residential;;51.1605723;17.0427369
611845535;residential;;51.1606323;17.0427878
611845536;residential;;51.1608164;17.0429442
611845537;residential;;51.1609795;17.0430895
611845538;residential;;51.1611367;17.0432234
611845539;residential;;51.1612949;17.0433568
614582947;residential;;51.1739235;16.9937506
616179052;residential;;51.1586205;17.0500763
616243573;residential;;51.1547745;17.0639150
616257264;residential;;51.1709106;17.1011581
616691681;residential;;51.1607382;17.0423738
616691682;residential;;51.1609218;17.0425311
616691683;residential;;51.1611110;17.0426842
616691684;residential;;51.1612916;17.0428378
616691685;residential;;51.1614718;17.0429907
616691686;residential;;51.1616749;17.0431639
616691687;residential;;51.1618786;17.0433363
616691689;residential;;51.1620814;17.0435079
616691691;residential;;51.1620121;17.0434493
616691692;residential;;51.1618096;17.0432771
616691693;residential;;51.1616059;17.0431042
616691694;residential;;51.1614026;17.0429318
616691695;residential;;51.1612451;17.0427978
616691696;residential;;51.1610417;17.0426249
616691697;residential;;51.1608619;17.0424801
616691698;residential;;51.1606783;17.0423230
616691699;residential;;51.1604602;17.0421436
616698027;residential;;51.1407935;16.8940105
616698028;residential;;51.1412016;16.8939991
616698029;residential;;51.1410681;16.8940028
616698030;residential;;51.1409273;16.8940068
617590721;residential;;51.1408804;16.9552178
617590722;residential;;51.1407875;16.9554855
617590723;residential;;51.1406942;16.9557528
617590724;residential;;51.1406015;16.9560211
617590725;residential;;51.1407060;16.9562725
620675849;residential;;51.1332307;16.8910171
622440502;residential;;51.1705558;17.0132433
623789781;residential;;51.1201368;17.1295409
623789782;residential;;51.1197436;17.1291957
623789783;residential;;51.1193756;17.1286993
623795827;residential;;51.0784636;17.0347366
623868106;residential;;51.0614888;17.0045065
624808606;residential;;51.1583994;16.9319999
626053868;residential;;51.1044648;17.0630417
626053869;residential;;51.1043504;17.0636080
626053870;residential;;51.1041428;17.0629830
626053871;residential;;51.1040072;17.0634332
626053872;residential;;51.1037908;17.0628896
626730084;residential;;51.1519778;16.8625087
626730085;residential;;51.1521826;16.8622092
626730086;residential;;51.1520549;16.8621418
626730087;residential;;51.1521048;16.8625761
626730090;residential;;51.1523165;16.8627592
626733297;residential;;51.1545530;16.8569161
626733298;residential;;51.1545907;16.8567270
626733299;residential;;51.1546919;16.8573085
626733300;residential;;51.1547488;16.8571315
626733301;residential;;51.1549229;16.8572318
626733302;residential;;51.1548772;16.8574164
626733303;residential;;51.1551173;16.8575374
626733304;residential;;51.1551741;16.8573604
626734503;residential;;51.1509025;16.8581609
627362500;residential;;51.1586823;17.0501443
627364364;residential;;51.1618390;17.0476355
627597651;residential;;51.1763705;16.8821922
627756717;residential;;51.0606971;17.0279097
627976810;residential;;51.0669915;17.0298077
627976811;residential;;51.0669403;17.0298006
631851132;residential;;51.1624121;17.0413625
631851133;residential;;51.1624802;17.0414095
633612334;residential;;51.0553518;17.0339340
633651864;residential;;51.1750789;16.9058154
633651865;residential;;51.1750981;16.9055915
633657830;residential;;51.1592119;16.9053569
633657831;residential;;51.1594123;16.9050831
633657834;residential;;51.1589532;16.9068374
633657835;residential;;51.1588502;16.9067626
633657836;residential;;51.1589453;16.9064095
633657837;residential;;51.1590499;16.9064796
633662033;residential;;51.1565059;16.9153308
633662034;residential;;51.1567089;16.9154267
633662035;residential;;51.1566312;16.9153897
633662036;residential;;51.1564280;16.9152939
633663105;residential;;51.1621605;16.9224008
633665583;residential;;51.1373034;17.0850354
633665590;residential;;51.1359854;17.0867911
633665593;residential;;51.1680435;17.1108398
633669544;residential;;51.1349646;16.8953339
633669741;residential;;51.1351564;16.8970445
633669742;residential;;51.1351013;16.8970205
633671059;residential;;51.1298645;17.1037964
633706119;residential;;51.0473579;17.0287273
633706121;residential;;51.0472858;17.0289017
633706123;residential;;51.0474088;17.0283174
633706124;residential;;51.0473840;17.0281203
633707018;residential;;51.1263807;16.8686235
633707020;residential;;51.1261235;16.8686066
633707022;residential;;51.1259000;16.8686150
633708919;residential;;51.1471549;16.8586270
633708920;residential;;51.1470560;16.8585845
633709218;residential;;51.1459066;16.9021688
633709224;residential;;51.1461660;16.9026562
633709792;residential;;51.1487079;16.8836241
633709953;residential;;51.1669990;16.9231415
633710083;residential;;51.1486159;16.8864077
633710084;residential;;51.1484546;16.8867094
633863868;residential;;51.0625941;17.0210149
633863869;residential;;51.0623327;17.0208755
633864090;residential;;51.0596374;17.0644582
637740227;residential;;51.0966748;16.9422214
637740228;residential;;51.0967032;16.9421521
637740707;residential;;51.0951414;16.9471710
639999693;residential;;51.1565085;16.8994068
640009388;residential;;51.1580669;16.9250655
640009389;residential;;51.1578737;16.9249630
640009390;residential;;51.1577681;16.9249536
640590696;residential;;51.1455070;17.1161286
641812847;residential;;51.1581069;17.0982882
642011828;residential;;51.1467516;16.8276818
645943445;residential;;51.1603082;16.9274506
645943446;residential;;51.1602594;16.9273593
645943447;residential;;51.1601881;16.9272073
645943448;residential;;51.1601393;16.9271161
645943449;residential;;51.1606003;16.9274864
645943450;residential;;51.1605264;16.9275259
645943451;residential;;51.1607949;16.9273651
645943452;residential;;51.1607210;16.9274046
645943453;residential;;51.1609912;16.9272482
645943454;residential;;51.1609174;16.9272878
645943455;residential;;51.1611870;16.9271299
645943456;residential;;51.1611132;16.9271694
645943457;residential;;51.1613833;16.9270124
645943458;residential;;51.1613098;16.9270521
645943459;residential;;51.1604787;16.9268120
645943460;residential;;51.1604133;16.9268603
645943461;residential;;51.1606599;16.9267018
645943462;residential;;51.1605945;16.9267502
645943463;residential;;51.1608411;16.9265903
645943464;residential;;51.1607757;16.9266386
645943465;residential;;51.1610230;16.9264792
645943466;residential;;51.1609576;16.9265275
645943467;residential;;51.1612039;16.9263669
645943468;residential;;51.1611385;16.9264153
645943472;residential;;51.1616708;16.9267396
645943473;residential;;51.1616963;16.9268468
645943474;residential;;51.1615956;16.9264193
645943475;residential;;51.1616211;16.9265265
645943476;residential;;51.1615448;16.9262059
645943477;residential;;51.1615194;16.9260987
652044813;residential;;51.1186200;16.8655070
652044814;residential;;51.1185864;16.8654547
652870505;residential;;51.0741278;16.9756633
652870509;residential;;51.0742386;16.9756385
652879000;residential;;51.0965978;16.9386047
652879004;residential;;51.0966713;16.9386933
652879008;residential;;51.0967455;16.9388388
652879017;residential;;51.0968474;16.9389387
652880350;residential;;51.1654855;16.9236840
652880352;residential;;51.1655152;16.9238032
652880355;residential;;51.1656120;16.9242216
652880357;residential;;51.1657822;16.9239217
652880359;residential;;51.1658191;16.9240942
653215938;residential;;51.0648700;17.0601016
653652972;residential;;51.0604430;17.0084597
653652973;residential;;51.0605507;17.0084891
653652974;residential;;51.0607937;17.0085863
653652975;residential;;51.0606896;17.0085354
653656144;residential;;51.1577046;16.9330080
654690113;residential;;51.1252047;16.9466595
655347434;residential;;51.0621518;16.9917267
655347437;residential;;51.0622698;16.9918641
655347439;residential;;51.0623020;16.9913940
655347442;residential;;51.0622236;16.9915640
655353593;residential;;51.1205691;16.8575956
655401986;residential;;51.1346353;17.1018905
657420802;residential;;51.1471308;17.1108443
657420804;residential;;51.1470904;17.1107995
657421597;residential;;51.1767982;16.9904798
658203248;residential;;51.1042102;17.0044752
658203402;residential;;51.1054203;17.0082938
658203405;residential;;51.1050271;17.0080645
658205945;residential;;51.0603819;17.0628524
658205946;residential;;51.0602449;17.0628261
658205947;residential;;51.0601769;17.0628167
658205948;residential;;51.0603139;17.0628427
658205950;residential;;51.0602009;17.0624752
658205951;residential;;51.0603386;17.0625008
658205952;residential;;51.0604059;17.0625104
658205953;residential;;51.0602686;17.0624847
660907264;residential;;51.0599564;17.0169486
660907265;residential;;51.0597299;17.0168377
660907266;residential;;51.0596316;17.0167957
660907269;residential;;51.0598626;17.0169042
660908060;residential;;51.0983566;16.9452796
660910507;residential;;51.1588000;16.8702363
660911806;residential;;51.1520259;17.0695991
661115129;residential;;51.0633245;17.0741815
661376196;residential;;51.1659341;16.9232627
661376198;residential;;51.1658343;16.9233237
661712693;residential;;51.1529263;17.0418404
661712694;residential;;51.1529357;17.0419975
661712695;residential;;51.1528766;17.0408569
661712696;residential;;51.1528860;17.0410142
661712697;residential;;51.1529111;17.0415062
661712698;residential;;51.1529018;17.0413491
661789532;residential;;51.0512598;17.0263504
662474047;residential;;51.1589000;17.0502875
662474048;residential;;51.1588582;17.0502403
662474434;residential;;51.1577501;16.9095668
662474435;residential;;51.1576943;16.9095262
662474436;residential;;51.1574701;16.9094117
662474437;residential;;51.1574145;16.9093717
662474438;residential;;51.1573596;16.9093305
662474439;residential;;51.1575248;16.9094530
662476366;residential;;51.0507288;17.0291616
662476367;residential;;51.0506218;17.0291261
662476370;residential;;51.0504069;17.0290558
662476371;residential;;51.0500661;17.0289433
662476373;residential;;51.0501741;17.0289786
662476375;residential;;51.0502813;17.0290142
662476377;residential;;51.0505154;17.0290909
662486533;residential;;51.0640497;17.0820439
666320600;residential;;51.0592370;17.0421457
666320604;residential;;51.0583890;17.0432727
666320605;residential;;51.0585571;17.0433259
666320606;residential;;51.0587247;17.0433785
666426585;residential;;51.1574373;16.9024305
666427880;residential;;51.0470299;17.0261377
666427881;residential;;51.0471630;17.0261796
666432275;residential;;51.0752808;16.9694293
666435833;residential;;51.1586217;16.8582307
669101605;residential;;51.0939503;17.1625015
669101606;residential;;51.0939061;17.1625881
669108026;residential;;51.1007644;17.1560955
669108028;residential;;51.1006536;17.1559692
669108030;residential;;51.1006010;17.1559126
669108032;residential;;51.1007120;17.1560391
669375101;residential;;51.1297486;17.1035560
669375102;residential;;51.1298208;17.1034186
669375103;residential;;51.1296791;17.1032321
669375104;residential;;51.1296071;17.1033700
669745490;residential;;51.1588288;16.9322705
669919755;residential;;51.0458038;17.0490806
669919757;residential;;51.1381043;17.0486991
669919764;residential;;51.0608750;17.0784920
669919765;residential;;51.0609108;17.0780223
669919766;residential;;51.0610504;17.0785481
669919767;residential;;51.0611397;17.0780995
669919769;residential;;51.0964720;17.1600058
669926303;residential;;51.1124512;16.9665846
670270533;residential;;51.0469666;17.0261313
670270534;residential;;51.0468345;17.0260890
670270535;residential;;51.0467654;17.0260533
670270536;residential;;51.0467022;17.0260463
670270537;residential;;51.0466333;17.0260111
670270538;residential;;51.0465704;17.0260042
670270539;residential;;51.0465008;17.0259694
670270540;residential;;51.0464382;17.0259626
670270541;residential;;51.0463692;17.0259272
670270545;residential;;51.0463054;17.0259205
670270548;residential;;51.0462367;17.0258850
670270552;residential;;51.0461738;17.0258781
670270556;residential;;51.0461047;17.0258429
670270560;residential;;51.0460442;17.0258359
671070014;residential;;51.1608187;16.9241216
671070015;residential;;51.1607153;16.9238567
671070016;residential;;51.1608793;16.9237561
671070017;residential;;51.1611070;16.9236065
671070018;residential;;51.1611798;16.9239069
671070019;residential;;51.1612303;16.9241199
671070020;residential;;51.1612865;16.9243539
671070021;residential;;51.1613321;16.9245434
671070022;residential;;51.1613807;16.9247818
671070023;residential;;51.1614338;16.9249661
671070024;residential;;51.1614901;16.9252001
671070025;residential;;51.1615354;16.9253892
671070026;residential;;51.1615919;16.9256232
671071453;residential;;51.1609773;16.9245966
671071454;residential;;51.1609145;16.9243362
671071460;residential;;51.1607963;16.9247076
671071461;residential;;51.1607336;16.9244475
671074814;residential;;51.0778932;17.0505402
671074815;residential;;51.0777852;17.0503440
671074816;residential;;51.0778129;17.0501475
671074817;residential;;51.0778435;17.0499183
671074818;residential;;51.0778521;17.0496852
671539038;residential;;51.1528569;16.8604225
671539040;residential;;51.1525507;16.8597018
671539041;residential;;51.1523588;16.8596011
671540117;residential;;51.0750815;17.0940514
671541725;residential;;51.1388522;16.8947354
671543317;residential;;51.1207470;16.8955899
672148117;residential;;51.1359323;17.0868083
672148120;residential;;51.1371092;17.0876879
672368586;residential;;51.1250319;16.8622444
672368587;residential;;51.1235710;16.8646260
672368594;residential;;51.1236666;16.8694489
672368596;residential;;51.1247758;16.8700456
675668149;residential;;51.1308799;16.8564954
675674114;residential;;51.1651101;16.9210109
676312785;residential;;51.1445631;17.0398338
679794436;residential;;51.1966577;16.9815229
679802668;residential;;51.1362176;17.0867364
679802669;residential;;51.1361992;17.0870942
680032414;residential;;51.1423047;16.8881065
680044956;residential;;51.1698069;17.0112799
680563742;residential;;51.0671463;17.0298478
680563974;residential;;51.0721504;17.0941606
681113727;residential;;51.1760436;16.9163244
681114563;residential;;51.1333480;16.8846774
681114564;residential;;51.1331649;16.8846009
681114565;residential;;51.1329917;16.8844701
683338290;residential;;51.1372353;17.1275472
683496321;residential;;51.0644231;17.0621367
683496322;residential;;51.0643592;17.0624405
683496750;residential;;51.0711857;17.0919077
683496751;residential;;51.0714609;17.0925383
683496752;residential;;51.0719507;17.0937037
683496753;residential;;51.0716610;17.0929956
683497275;residential;;51.1427688;16.8859350
683497276;residential;;51.1425368;16.8874775
683497277;residential;;51.1426939;16.8864301
683497278;residential;;51.1426097;16.8869968
683651535;residential;;51.1422620;16.8871563
683867576;residential;;51.1425441;16.8857279
683867577;residential;;51.1423575;16.8866909
683867578;residential;;51.1424532;16.8862109
683870797;residential;;51.1390344;16.8863037
683870801;residential;;51.1734290;17.0180932
683870803;residential;;51.0619810;17.0789086
683870804;residential;;51.1344321;16.8820454
683870812;residential;;51.0594348;17.0585268
683870813;residential;;51.1330313;16.8841289
683870815;residential;;51.1209240;16.8648395
683870818;residential;;51.0990939;16.9564112
683870819;residential;;51.0963825;16.9595170
683870822;residential;;51.0946985;17.1284297
683870823;residential;;51.1400720;16.9942521
683870825;residential;;51.1752887;16.9058266
683873014;residential;;51.1758688;16.9157818
683873015;residential;;51.0499781;17.0499874
683873017;residential;;51.0482012;17.0557349
683873020;residential;;51.1394639;16.8958046
683873546;residential;;51.1187399;17.1243247
683873550;residential;;51.0470385;17.0901024
683873551;residential;;51.0468573;17.0900456
683874026;residential;;51.0697320;17.0427685
683874027;residential;;51.0698715;17.0424478
683874030;residential;;51.1376529;17.0174245
683874031;residential;;51.1644103;17.1313623
683874863;residential;;51.1632198;17.1296072
683878091;residential;;51.1378050;16.8944405
683878092;residential;;51.1543340;17.0366129
683878094;residential;;51.1427266;16.8674989
684313586;residential;;51.1658037;17.1338209
684313587;residential;;51.1657409;17.1337946
684313588;residential;;51.1656025;17.1337216
684313589;residential;;51.1655398;17.1336953
684313590;residential;;51.1654025;17.1336203
684313591;residential;;51.1653399;17.1335940
684313592;residential;;51.1652021;17.1335219
684313593;residential;;51.1651394;17.1334957
684313594;residential;;51.1650015;17.1334207
684313595;residential;;51.1649388;17.1333944
684313596;residential;;51.1648015;17.1333213
684313597;residential;;51.1647388;17.1332950
684313598;residential;;51.1648507;17.1329718
684313599;residential;;51.1647880;17.1329454
684313600;residential;;51.1650509;17.1330714
684313601;residential;;51.1649883;17.1330450
684313602;residential;;51.1651889;17.1331446
684313603;residential;;51.1652515;17.1331710
684313604;residential;;51.1654517;17.1332711
684313605;residential;;51.1653891;17.1332444
684313606;residential;;51.1656521;17.1333709
684313607;residential;;51.1655891;17.1333446
684313608;residential;;51.1658518;17.1334705
684313609;residential;;51.1657891;17.1334441
684865839;residential;;51.0700882;16.9854698
684946525;residential;;51.0701843;16.9842308
684947105;residential;;51.1526723;16.9111499
684947106;residential;;51.1526108;16.9111159
684947107;residential;;51.1525486;16.9110822
684947108;residential;;51.1524862;16.9110485
686325498;residential;;51.1425218;16.9958240
686661387;residential;;51.1147591;16.9258422
686661388;residential;;51.1148889;16.9258265
686661390;residential;;51.1152285;16.9257839
686661663;residential;;51.0782367;16.9685471
686661944;residential;;51.1555002;16.9100076
688026163;residential;;51.0575873;17.0653359
688759349;residential;;51.0701224;16.9849226
688759932;residential;;51.1363838;16.8964247
688759933;residential;;51.1364435;16.8964467
692276300;residential;;51.1728418;16.9029374
692276301;residential;;51.1728701;16.9026002
692276302;residential;;51.1728996;16.9022649
692276303;residential;;51.1729298;16.9019296
693280171;residential;;51.1532175;17.0400595
693280968;residential;;51.1302319;16.8391155
693280969;residential;;51.1302053;16.8393280
693280970;residential;;51.1302705;16.8389058
693280971;residential;;51.1304265;16.8378492
693280972;residential;;51.1303937;16.8380612
693280973;residential;;51.1303616;16.8382704
693280974;residential;;51.1303289;16.8384832
693280975;residential;;51.1302968;16.8386932
693282530;residential;;51.0583176;17.0432506
693282531;residential;;51.0584860;17.0433031
693282532;residential;;51.0586537;17.0433556
693282533;residential;;51.0587659;17.0429438
693282534;residential;;51.0587883;17.0428004
693282535;residential;;51.0588591;17.0424126
693282536;residential;;51.0588367;17.0425560
693282537;residential;;51.0589297;17.0420239
693282538;residential;;51.0589073;17.0421673
693282539;residential;;51.0589944;17.0434996
693282540;residential;;51.0590166;17.0433566
693282541;residential;;51.0590718;17.0430753
693282542;residential;;51.0590940;17.0429324
693282543;residential;;51.0591657;17.0425393
693282544;residential;;51.0591435;17.0426822
693282545;residential;;51.0592149;17.0422886
697659359;residential;;51.1637172;17.0441978
697981950;residential;;51.0967145;16.9399770
697981951;residential;;51.0966402;16.9398832
697981952;residential;;51.0967816;16.9400852
697981953;residential;;51.0965234;16.9394973
697981954;residential;;51.0964307;16.9393705
697981955;residential;;51.0967151;16.9393147
697981956;residential;;51.0965075;16.9389989
697981957;residential;;51.0966095;16.9391677
697983122;residential;;51.1964970;16.9822544
697983123;residential;;51.1965117;16.9821859
697983124;residential;;51.1965264;16.9821198
697983125;residential;;51.1965409;16.9820541
697983126;residential;;51.1965553;16.9819871
697983127;residential;;51.1965701;16.9819209
697983128;residential;;51.1965847;16.9818545
697983129;residential;;51.1965992;16.9817874
697983130;residential;;51.1966141;16.9817215
697983131;residential;;51.1966283;16.9816566
697983132;residential;;51.1966427;16.9815901
702900160;residential;;51.1584388;16.9252283
706238323;residential;;51.0565937;17.0655217
707341509;residential;;51.1101862;17.0719920
712371068;residential;;51.1311359;17.0420274
714604205;residential;;51.0664814;17.0342002
714604659;residential;;51.1486958;16.8667383
714605091;residential;;51.1305603;16.8370066
714605092;residential;;51.1305227;16.8372164
714605093;residential;;51.1304897;16.8374270
714605094;residential;;51.1304580;16.8376384
714615925;residential;;51.1009981;17.1553094
714615926;residential;;51.1010857;17.1551676
714615927;residential;;51.1008885;17.1549476
714615928;residential;;51.1008014;17.1550890
722204087;residential;;51.1542814;17.0373450
722727351;residential;;51.1573235;16.8550124
722729216;residential;;51.1011436;17.1554758
722729217;residential;;51.1012226;17.1553221
722729218;residential;;51.1014107;17.1555514
722729219;residential;;51.1013317;17.1557057
723082364;residential;;51.1355650;17.0869375
723085074;residential;;51.0498564;17.0169071
723085075;residential;;51.0498857;17.0167187
723086357;residential;;51.1467804;16.9014955
723739158;residential;;51.1161233;16.9311210
724521517;residential;;51.0547833;17.0825348
724521518;residential;;51.0546748;17.0824907
724521519;residential;;51.0548341;17.0822626
724521520;residential;;51.0547272;17.0822124
724521521;residential;;51.0546053;17.0828701
724521522;residential;;51.0547123;17.0829203
724521582;residential;;51.0808128;16.9909728
724521583;residential;;51.0807181;16.9910322
724676039;residential;;51.1446483;17.0398973
724676041;residential;;51.0513387;17.0310116
724676315;residential;;51.1668558;16.9181060
724676800;residential;;51.1400824;16.8935435
724676801;residential;;51.1401189;16.8933197
724676802;residential;;51.1404179;16.8935561
724676803;residential;;51.1403983;16.8933362
726109571;residential;;51.0504061;17.0483988
726109572;residential;;51.0502929;17.0483780
726110471;residential;;51.1761117;16.9163642
731740985;residential;;51.1674330;17.1077291
732347657;residential;;51.0591691;17.0402252
732347658;residential;;51.0592776;17.0402549
732347659;residential;;51.0590333;17.0401844
732347660;residential;;51.0589237;17.0401578
732347661;residential;;51.0590971;17.0397838
732347662;residential;;51.0589898;17.0397504
732347663;residential;;51.0593391;17.0398669
732347664;residential;;51.0592319;17.0398335
732648336;residential;;51.0550711;17.0812633
732648337;residential;;51.0549716;17.0811673
732648338;residential;;51.0548265;17.0810847
732648339;residential;;51.0547227;17.0810581
732648340;residential;;51.0548084;17.0818198
732648341;residential;;51.0549099;17.0818859
732648342;residential;;51.0548603;17.0815447
732648343;residential;;51.0549690;17.0816253
732648344;residential;;51.0546966;17.0814392
732648345;residential;;51.0545841;17.0813703
732648346;residential;;51.0546626;17.0817300
732648347;residential;;51.0545580;17.0816544
732648895;residential;;51.1419312;16.8889835
732648896;residential;;51.1420966;16.8891263
732648897;residential;;51.1422606;16.8892661
733638099;residential;;51.1189270;16.8631595
733638100;residential;;51.1189743;16.8634245
740509865;residential;;51.1531643;17.0329092
740509866;residential;;51.1532424;17.0328988
740509867;residential;;51.1533212;17.0328882
741239109;residential;;51.1681282;16.9657973
741239110;residential;;51.1679319;16.9655311
742088948;residential;;51.1332201;16.8842127
742088949;residential;;51.1334114;16.8842987
742088950;residential;;51.1331366;16.8835849
742088951;residential;;51.1333203;16.8836684
742088952;residential;;51.1335028;16.8837533
746781057;residential;;51.0753170;17.0042870
747245137;residential;;51.1537897;16.9458651
747245138;residential;;51.1538219;16.9457214
747245140;residential;;51.1539048;16.9453404
747245141;residential;;51.1538642;16.9455151
747245144;residential;;51.1539474;16.9451343
747245145;residential;;51.1539876;16.9449599
748634219;residential;;51.0611358;17.0195794
748634220;residential;;51.0611592;17.0194641
748836959;residential;;51.0504429;17.0259401
748838208;residential;;51.1205164;17.1226543
748838209;residential;;51.1210191;17.1232188
748838210;residential;;51.1212545;17.1242435
748838211;residential;;51.1210541;17.1240270
748838212;residential;;51.1208530;17.1238112
748838213;residential;;51.1206520;17.1235948
748838214;residential;;51.1202922;17.1231893
750208563;residential;;51.1598477;16.9029350
750208564;residential;;51.1598110;16.9030780
750208565;residential;;51.1597675;16.9032408
750208566;residential;;51.1597306;16.9033837
751864028;residential;;51.0614485;17.0681785
751864030;residential;;51.0615070;17.0679310
751864034;residential;;51.0610586;17.0592002
758692126;residential;;51.1646406;16.8783276
758692953;residential;;51.1309934;16.8515501
758695792;residential;;51.0772301;16.9688104
758702765;residential;;51.1128128;17.1282546
758702766;residential;;51.1126705;17.1280649
759547643;residential;;51.1200485;16.9253449
759548130;residential;;51.0937795;17.1627777
759548409;residential;;51.1715714;17.1012391
759550303;residential;;51.1220036;16.9167201
759550304;residential;;51.1220766;16.9166081
759550305;residential;;51.1219398;16.9168608
761457466;residential;;51.1167443;17.1296467
762562663;residential;;51.1381258;17.0663321
762564633;residential;;51.0845140;16.9624798
762568460;residential;;51.1329887;17.0973520
764147310;residential;;51.1577091;17.0967368
765143184;residential;;51.0812565;17.0869413
767951190;residential;;51.1697549;17.1012046
767951667;residential;;51.1647110;17.1009700
769149771;residential;;51.0725652;16.9718781
770747427;residential;;51.0701141;16.9969633
770747428;residential;;51.0700418;16.9967671
770747429;residential;;51.0699782;16.9965565
770748185;residential;;51.0735682;16.9998597
770748186;residential;;51.0735962;16.9997500
770749385;residential;;51.1575333;16.9469447
771692090;residential;;51.1584837;17.0477061
771693344;residential;;51.1568543;16.9092080
771693345;residential;;51.1567914;16.9091613
771693346;residential;;51.1567314;16.9091173
771693347;residential;;51.1566708;16.9090726
771693348;residential;;51.0527419;17.0814904
777584974;residential;;51.1010892;17.0492535
777956020;residential;;51.1322645;17.1040637
777956021;residential;;51.1320781;17.1045596
777956022;residential;;51.1320139;17.1047621
778354142;residential;;51.1352165;16.9190947
781396458;residential;;51.1463748;16.9889679
781396459;residential;;51.1464009;16.9888290
781396460;residential;;51.1463370;16.9891602
781396461;residential;;51.1463114;16.9893095
781590213;residential;;51.0457977;17.0571176
783281198;residential;;51.0581434;17.0427522
783281199;residential;;51.0581568;17.0426016
783281200;residential;;51.0581854;17.0423567
783281201;residential;;51.0581989;17.0422061
783281202;residential;;51.0582264;17.0419603
783281203;residential;;51.0582399;17.0418097
783281204;residential;;51.0584389;17.0428282
783281205;residential;;51.0584521;17.0426773
783281206;residential;;51.0584809;17.0424328
783281207;residential;;51.0584942;17.0422818
783281208;residential;;51.0585349;17.0418857
783281209;residential;;51.0585216;17.0420367
783281210;residential;;51.0578328;17.0430972
783281211;residential;;51.0577614;17.0430750
783281212;residential;;51.0580009;17.0431504
783281213;residential;;51.0579295;17.0431283
783281214;residential;;51.0581687;17.0432030
783281215;residential;;51.0580973;17.0431808
783594359;residential;;51.1128248;17.1271850
783594360;residential;;51.1130144;17.1274243
783594361;residential;;51.1132035;17.1276651
783594362;residential;;51.1127528;17.1275094
783594363;residential;;51.1128537;17.1276438
783594364;residential;;51.1129708;17.1277999
783594365;residential;;51.1130723;17.1279348
784014360;residential;;51.1674126;16.9195406
784014361;residential;;51.1674529;16.9197076
784014362;residential;;51.1674903;16.9198623
784014363;residential;;51.1675326;16.9200171
784014364;residential;;51.1678989;16.9215430
784014365;residential;;51.1678629;16.9213787
784014366;residential;;51.1678261;16.9212272
784014367;residential;;51.1677896;16.9210758
784014368;residential;;51.1677528;16.9209243
784014369;residential;;51.1677162;16.9207729
784014370;residential;;51.1676796;16.9206215
784014371;residential;;51.1676430;16.9204701
784014372;residential;;51.1676063;16.9203186
784014373;residential;;51.1675697;16.9201672
786257999;residential;;51.1317930;16.8464814
786258000;residential;;51.1317462;16.8467125
786258001;residential;;51.1316997;16.8469437
786258002;residential;;51.1316528;16.8471750
786258003;residential;;51.1316061;16.8474060
787555847;residential;;51.1670465;17.0997538
787555848;residential;;51.1669508;17.0997463
787555850;residential;;51.1575877;17.0936204
787559789;residential;;51.1586414;16.9057075
787559790;residential;;51.1587571;16.9057917
787568219;residential;;51.0609290;17.0629612
787568220;residential;;51.0605179;17.0628819
787568221;residential;;51.0606552;17.0629079
787568222;residential;;51.0607917;17.0629344
787568223;residential;;51.0605419;17.0625368
787568224;residential;;51.0608158;17.0625898
787568225;residential;;51.0609531;17.0626157
787568226;residential;;51.0606795;17.0625635
787568227;residential;;51.0614236;17.0618481
787568228;residential;;51.0613695;17.0618330
787568229;residential;;51.0614831;17.0618601
787568230;residential;;51.0613680;17.0622882
787568231;residential;;51.0613084;17.0622760
787568232;residential;;51.0614215;17.0623031
788851653;residential;;51.1337381;16.8815203
788851655;residential;;51.1335520;16.8821626
788851657;residential;;51.1336462;16.8830601
788851658;residential;;51.1334210;16.8826268
788851659;residential;;51.1336271;16.8826101
788851660;residential;;51.1334460;16.8832409
788851661;residential;;51.1332659;16.8831500
795604776;residential;;51.1618510;16.9259286
798177592;residential;;51.1384763;17.0391353
803471172;residential;;51.1312573;16.8463686
803471173;residential;;51.1311763;16.8467009
803476013;residential;;51.1492639;16.8969212
803476014;residential;;51.1487121;16.8967872
803894489;residential;;51.0515778;17.0861072
805523853;residential;;51.1735019;17.0211618
805524949;residential;;51.1352686;17.0870445
806403784;residential;;51.1370163;17.1332055
806403785;residential;;51.1369658;17.1331517
806403786;residential;;51.1368444;17.1336126
806403787;residential;;51.1367938;17.1335589
806403788;residential;;51.1367506;17.1329911
806403789;residential;;51.1366946;17.1329538
806403790;residential;;51.1366332;17.1334455
806403791;residential;;51.1365766;17.1334087
806403792;residential;;51.1365184;17.1328379
806403793;residential;;51.1364619;17.1328007
806403794;residential;;51.1363996;17.1332926
806403795;residential;;51.1363434;17.1332554
806403796;residential;;51.1362856;17.1326847
806403797;residential;;51.1362292;17.1326476
806403798;residential;;51.1361668;17.1331396
806403799;residential;;51.1361106;17.1331020
813506454;residential;;51.1158736;16.9301093
813661976;residential;;51.1195398;17.1258258
813661978;residential;;51.1202689;17.1266168
813661979;residential;;51.1202528;17.1259138
813661980;residential;;51.1199770;17.1257010
813661981;residential;;51.1197500;17.1253689
813661982;residential;;51.1200006;17.1248289
813661983;residential;;51.1202324;17.1251826
813661985;residential;;51.1206208;17.1271011
813661987;residential;;51.1209580;17.1270897
813661988;residential;;51.1208314;17.1266467
813661989;residential;;51.1210134;17.1262543
813661990;residential;;51.1211148;17.1267239
813661991;residential;;51.1213205;17.1262462
814624614;residential;;51.0504557;17.0338657
824510347;residential;;51.0509205;17.0206895
827601685;residential;;51.0598127;17.0164196
827601687;residential;;51.0591175;17.0160708
827861076;residential;;51.0602279;17.0310709
827861077;residential;;51.0601266;17.0319874
827861078;residential;;51.0601262;17.0318347
827861080;residential;;51.0601909;17.0304127
827861081;residential;;51.0603030;17.0304293
833015442;residential;;51.1780201;16.9943234
834222725;residential;;51.1420702;16.9992934
840704971;residential;;51.0844822;17.0525244
845427412;residential;;51.0613905;17.0684265
845493485;residential;;51.1212172;17.1234407
845493490;residential;;51.1200942;17.1229685
845493491;residential;;51.1203187;17.1224299
845496560;residential;;51.1385630;17.1340056
845684406;residential;;51.1055398;17.1640118
845723904;residential;;51.0462187;17.0533877
847504618;residential;;51.0603834;17.0432208
847504619;residential;;51.0603457;17.0433516
847504620;residential;;51.0604393;17.0430304
847504621;residential;;51.0604774;17.0428999
847504622;residential;;51.0600762;17.0431489
847504623;residential;;51.0601143;17.0430181
847504624;residential;;51.0597073;17.0431423
847504625;residential;;51.0596761;17.0432777
847504626;residential;;51.0597860;17.0428105
847504627;residential;;51.0597541;17.0429438
847504628;residential;;51.0594308;17.0429707
847504629;residential;;51.0593990;17.0431060
847504630;residential;;51.0595086;17.0426414
847504631;residential;;51.0594769;17.0427763
847504632;residential;;51.0600022;17.0425397
847504633;residential;;51.0602273;17.0426947
847504634;residential;;51.0601803;17.0437775
847504635;residential;;51.0598319;17.0437089
847504636;residential;;51.0595340;17.0436322
847504637;residential;;51.0592486;17.0435485
847504638;residential;;51.0595546;17.0424467
847504639;residential;;51.0595864;17.0423117
848638973;residential;;51.1698845;17.0218012
848638975;residential;;51.1704857;17.0207822
856893985;residential;;51.0612555;17.0630701
856893988;residential;;51.0633439;17.0602708
856893990;residential;;51.0608671;17.0621953
856893991;residential;;51.0633018;17.0593773
856893995;residential;;51.0641190;17.0635308
856898451;residential;;51.0587275;17.0497667
856898452;residential;;51.0585959;17.0503284
856898453;residential;;51.0584142;17.0509934
858174237;residential;;51.1330460;17.0970907
858409023;residential;;51.1520733;16.9100018
858409024;residential;;51.1519954;16.9099506
858422430;residential;;51.1598676;16.9262149
858428528;residential;;51.1540725;16.9446240
858428529;residential;;51.1540355;16.9447562
865476989;residential;;51.0807903;16.9876523
865476990;residential;;51.0806897;16.9877012
865476991;residential;;51.0805904;16.9877512
865476992;residential;;51.0804899;16.9878041
865476993;residential;;51.0803604;16.9878767
865476994;residential;;51.0802927;16.9879171
865476995;residential;;51.0802296;16.9879566
865476996;residential;;51.0801663;16.9879942
865476997;residential;;51.0801001;16.9880346
865476998;residential;;51.0800363;16.9880746
865476999;residential;;51.0799504;16.9880664
865477000;residential;;51.0798122;16.9875078
865477001;residential;;51.0798691;16.9874114
865477002;residential;;51.0799385;16.9873766
869117533;residential;;51.1788624;16.9934375
869725372;residential;;51.0940210;17.1315260
875705682;residential;;51.0554310;17.0233770
875850139;residential;;51.0578405;17.0418905
875850140;residential;;51.0578460;17.0417349
875850141;residential;;51.0578323;17.0421015
875850142;residential;;51.0578268;17.0422571
875850143;residential;;51.0578201;17.0424712
875850144;residential;;51.0578145;17.0426268
875850145;residential;;51.0575295;17.0417022
875850146;residential;;51.0575238;17.0418575
875850147;residential;;51.0575173;17.0420733
875850148;residential;;51.0575116;17.0422286
875850149;residential;;51.0575039;17.0424424
875850150;residential;;51.0574984;17.0425977
875850151;residential;;51.0574880;17.0428801
875850152;residential;;51.0574824;17.0430353
878625051;residential;;51.0633766;17.0777519
878700795;residential;;51.0740089;17.0952726
878700796;residential;;51.0739378;17.0950991
878700797;residential;;51.0738178;17.0948129
878700798;residential;;51.0737467;17.0946397
878700799;residential;;51.0735523;17.0949594
878700800;residential;;51.0734810;17.0947862
878700801;residential;;51.0736560;17.0952084
878700802;residential;;51.0737273;17.0953815
878700803;residential;;51.0739485;17.0945689
878700804;residential;;51.0740198;17.0947427
878700805;residential;;51.0741357;17.0950225
878700806;residential;;51.0742070;17.0951962
878700807;residential;;51.0744165;17.0949332
878700808;residential;;51.0744862;17.0950766
878700809;residential;;51.0743260;17.0946925
878700810;residential;;51.0742550;17.0945193
878700811;residential;;51.0748469;17.0946081
878700812;residential;;51.0747880;17.0944532
878700813;residential;;51.0749378;17.0948874
878700814;residential;;51.0744792;17.0945294
878700815;residential;;51.0746138;17.0948383
878700816;residential;;51.0746850;17.0950115
878700817;residential;;51.0752024;17.0938597
880434747;residential;;51.1498663;16.9410352
880434748;residential;;51.1499424;16.9410445
880788477;residential;;51.1325777;17.1043855
880788478;residential;;51.1324525;17.1043096
885070399;residential;;51.1348467;17.1036090
885071698;residential;;51.1308481;17.0980253
885074004;residential;;51.1331385;17.0972133
885074005;residential;;51.1329534;17.0969675
885074006;residential;;51.1332090;17.0973001
885074007;residential;;51.1330817;17.0974755
885074008;residential;;51.1328961;17.0972293
885074009;residential;;51.1328039;17.0971062
885074010;residential;;51.1327341;17.0970192
886047935;residential;;51.0750975;16.9801322
886715384;residential;;51.1034082;17.1559684
886715385;residential;;51.1034641;17.1560330
886715386;residential;;51.1035101;17.1560751
886715387;residential;;51.1035675;17.1561414
886715388;residential;;51.1038418;17.1564577
886715389;residential;;51.1037845;17.1563913
886715390;residential;;51.1037385;17.1563492
886715391;residential;;51.1036826;17.1562846
887287791;residential;;51.1253532;16.8629185
887287793;residential;;51.1265546;16.8673078
887287803;residential;;51.1226380;16.8664030
887287804;residential;;51.1231060;16.8664695
887287805;residential;;51.1236215;16.8670760
887287807;residential;;51.1240677;16.8660460
887291427;residential;;51.1299257;16.8390748
887291428;residential;;51.1299631;16.8388486
887291429;residential;;51.1299979;16.8386203
887291432;residential;;51.1307496;16.8357388
887291433;residential;;51.1307171;16.8359494
887291434;residential;;51.1306852;16.8361602
887291435;residential;;51.1306525;16.8363712
887291436;residential;;51.1306201;16.8365824
887291437;residential;;51.1305875;16.8367937
887291445;residential;;51.1291123;16.8356497
887291446;residential;;51.1289192;16.8381067
887292967;residential;;51.1195197;16.8493850
891356722;residential;;51.1752867;16.9169213
891356723;residential;;51.1752514;16.9170513
893575581;residential;;51.1417499;16.8972545
893575955;residential;;51.1407894;16.8936539
894089760;residential;;51.1553117;16.8902520
894092514;residential;;51.0545041;17.0380056
894092515;residential;;51.0546652;17.0380662
894092516;residential;;51.0548263;17.0381270
894092517;residential;;51.0549873;17.0381874
895750979;residential;;51.1542475;16.9458082
895750980;residential;;51.1541687;16.9461597
895975880;residential;;51.0658287;17.0434151
895975881;residential;;51.0658307;17.0431453
895981644;residential;;51.0507411;17.0617909
895981645;residential;;51.0506961;17.0615300
896001068;residential;;51.0752540;17.0463454
896556580;residential;;51.1646116;17.1342431
896556581;residential;;51.1646499;17.1339423
896556582;residential;;51.1646882;17.1336419
896633698;residential;;51.1659827;16.9235309
896835038;residential;;51.1427357;17.0438675
897746190;residential;;51.1348494;16.8821202
897746191;residential;;51.1346419;16.8820988
897746192;residential;;51.1337666;16.8821426
897746193;residential;;51.1338568;16.8818370
897746194;residential;;51.1338688;16.8811173
897746195;residential;;51.1339685;16.8813926
897746197;residential;;51.1342543;16.8819173
897746198;residential;;51.1346150;16.8816038
897746199;residential;;51.1344402;16.8814499
897746200;residential;;51.1342918;16.8812478
897746201;residential;;51.1342302;16.8809477
897746202;residential;;51.1341180;16.8807068
897746203;residential;;51.1340746;16.8804043
900744086;residential;;51.0478639;17.0219338
900745368;residential;;51.0496165;17.0165637
900745369;residential;;51.0495757;17.0168446
900745370;residential;;51.0495641;17.0171328
900745371;residential;;51.0493883;17.0170676
900787865;residential;;51.0548047;17.0790005
900793049;residential;;51.0625665;17.0787166
901829155;residential;;51.1357179;16.8964872
902007468;residential;;51.0929332;17.0095995
905743397;residential;;51.1708397;17.0216878
905743398;residential;;51.1708797;17.0220257
905743400;residential;;51.1709189;17.0223635
907034675;residential;;51.0734001;17.0380862
913906948;residential;;51.1253117;16.9422578
913906949;residential;;51.1252286;16.9424085
913906950;residential;;51.1252603;16.9423272
913906951;residential;;51.1252058;16.9424909
913906952;residential;;51.1251166;16.9428435
913906953;residential;;51.1250941;16.9429264
913906954;residential;;51.1251689;16.9426829
913906955;residential;;51.1251466;16.9427660
913906956;residential;;51.1249866;16.9422770
913906957;residential;;51.1249633;16.9423659
913906958;residential;;51.1249124;16.9425620
913906959;residential;;51.1248882;16.9426522
913906960;residential;;51.1248704;16.9427469
913906961;residential;;51.1248469;16.9428356
913906962;residential;;51.1250333;16.9431643
913906963;residential;;51.1250108;16.9432621
913906964;residential;;51.1249780;16.9433558
913906965;residential;;51.1249554;16.9434551
913906966;residential;;51.1247888;16.9430487
913906967;residential;;51.1247680;16.9431407
913906968;residential;;51.1247400;16.9432301
913906969;residential;;51.1247193;16.9433225
913906970;residential;;51.1254056;16.9434124
913906971;residential;;51.1253536;16.9434867
913906972;residential;;51.1252988;16.9435556
913906973;residential;;51.1252485;16.9436299
916323847;residential;;51.1166895;16.9221169
916323850;residential;;51.1228396;16.9281230
916323851;residential;;51.1230617;16.9281942
916323852;residential;;51.1220662;16.9272547
916323853;residential;;51.1218939;16.9277867
916323867;residential;;51.1458095;16.9030790
916323868;residential;;51.1462462;16.9020117
916348251;residential;;51.1234161;16.8794355
919772185;residential;;51.0986320;17.1561628
922960907;residential;;51.0858461;16.9698827
922960908;residential;;51.0857735;16.9701453
922960909;residential;;51.0857831;16.9703963
922960910;residential;;51.0857519;16.9706345
922960911;residential;;51.0857200;16.9708722
922960912;residential;;51.0856822;16.9711072
922995012;residential;;51.1751775;16.9173935
922995013;residential;;51.1751242;16.9175500
923004507;residential;;51.1307542;16.8612164
923194710;residential;;51.1646255;17.1345407
923194711;residential;;51.1648110;17.1346246
923194712;residential;;51.1649983;17.1347000
923202010;residential;;51.1637694;17.1368411
926325930;residential;;51.0632916;17.0605578
926882514;residential;;51.1322559;17.1046577
926882515;residential;;51.1323541;17.1047172
926882516;residential;;51.1316829;17.1050230
926882517;residential;;51.1325002;17.1013135
926882518;residential;;51.1324439;17.1014112
926882519;residential;;51.1323856;17.1015098
926882520;residential;;51.1327710;17.1009916
926882521;residential;;51.1332821;17.1004017
927881335;residential;;51.1612852;17.0444282
927881336;residential;;51.1603719;17.0417108
927881337;residential;;51.1621857;17.0426979
927881339;residential;;51.1640939;17.0417990
931788836;residential;;51.1533447;16.8647475
931788837;residential;;51.1533117;16.8647665
931788838;residential;;51.1531735;16.8648504
931851839;residential;;51.1418366;17.1384502
931851840;residential;;51.1412946;17.1392995
931851841;residential;;51.1418036;17.1373816
931851842;residential;;51.1415370;17.1382752
931851843;residential;;51.1417574;17.1352863
932657090;residential;;51.1400656;17.1267667
932657091;residential;;51.1396787;17.1264707
934468890;residential;;51.1594638;16.9091290
934468891;residential;;51.1595762;16.9092031
934468892;residential;;51.1580161;16.9097619
934468893;residential;;51.1581339;16.9098459
939519516;residential;;51.1538352;16.8642342
943293769;residential;;51.1511835;17.0770030
945556492;residential;;51.1660461;17.1006142
947498247;residential;;51.1216207;17.0299432
950387899;residential;;51.1524201;16.9097501
952077201;residential;;51.1557374;16.9104843
952077202;residential;;51.1556718;16.9107005
952077203;residential;;51.1554444;16.9114059
952077204;residential;;51.1551862;16.9110868
952077205;residential;;51.1552031;16.9122104
952077206;residential;;51.1553387;16.9098092
952077208;residential;;51.1555775;16.9109578
952077210;residential;;51.1552485;16.9107853
952077211;residential;;51.1550632;16.9114098
952077212;residential;;51.1549903;16.9116791
954712506;residential;;51.1313807;16.8457411
954712507;residential;;51.1315595;16.8458254
954712508;residential;;51.1309975;16.8480729
960792905;residential;;51.1491039;16.8833513
960792906;residential;;51.1490559;16.8835222
960792907;residential;;51.1489435;16.8832595
960792908;residential;;51.1488951;16.8834301
962064693;residential;;51.0656123;17.0414299
962064694;residential;;51.0656518;17.0409408
962064699;residential;;51.0658309;17.0436878
962064700;residential;;51.0658358;17.0439571
962064701;residential;;51.0658411;17.0442740
962064714;residential;;51.0670265;17.0422426
962064715;residential;;51.0670253;17.0424836
962064716;residential;;51.0670239;17.0427244
962064717;residential;;51.0670231;17.0429650
962064718;residential;;51.0670214;17.0432070
962069923;residential;;51.0681779;17.0395886
965726143;residential;;51.1580113;16.8631984
966427327;residential;;51.1742294;17.0145263
969293996;residential;;51.1714068;16.8864416
969293997;residential;;51.1712079;16.8863794
969293998;residential;;51.1710090;16.8863174
969293999;residential;;51.1708112;16.8862569
969294000;residential;;51.1706115;16.8861950
969294001;residential;;51.1704136;16.8861330
969294002;residential;;51.1702148;16.8860709
969294003;residential;;51.1700162;16.8860093
972293854;residential;;51.0525992;17.0292316
972293877;residential;;51.0587553;17.0262286
972298448;residential;;51.0559581;17.0375002
972298449;residential;;51.0563817;17.0376032
972298450;residential;;51.0569009;17.0378185
972301414;residential;;51.0624517;17.0431016
972301415;residential;;51.0575428;17.0404660
973076026;residential;;51.1639256;16.8783626
974828551;residential;;51.0729665;17.0263359
981856738;residential;;51.0482518;17.0875258
981856739;residential;;51.0484953;17.0877118
981856740;residential;;51.0481912;17.0878272
981856741;residential;;51.0484286;17.0880087
983255039;residential;;51.1562452;17.1225571
983255040;residential;;51.1562705;17.1224516
984931426;residential;;51.0587085;17.0294904
984977913;residential;;51.0503527;17.0162845
984977915;residential;;51.0525978;17.0123548
984977916;residential;;51.0519759;17.0149997
984977917;residential;;51.0518159;17.0133388
984977919;residential;;51.0517843;17.0149218
984977920;residential;;51.0521976;17.0147767
984977921;residential;;51.0523993;17.0122741
984977924;residential;;51.0524415;17.0132384
984977925;residential;;51.0521675;17.0150774
984977926;residential;;51.0523012;17.0141938
984977927;residential;;51.0520041;17.0121134
984977928;residential;;51.0523934;17.0135346
984977929;residential;;51.0525497;17.0126513
984977930;residential;;51.0522450;17.0144829
984977931;residential;;51.0522030;17.0121940
984977932;residential;;51.0519083;17.0127059
984977933;residential;;51.0524887;17.0129420
984977934;residential;;51.0516995;17.0143355
984977935;residential;;51.0523587;17.0138361
984977936;residential;;51.0519563;17.0124093
985568292;residential;;51.0617762;17.0686221
985568294;residential;;51.0619839;17.0685863
985568296;residential;;51.0621902;17.0685461
985568298;residential;;51.0623897;17.0684743
985568300;residential;;51.0625826;17.0683651
985568302;residential;;51.0627650;17.0682191
985568304;residential;;51.0629340;17.0680366
985568306;residential;;51.0630870;17.0678228
985568308;residential;;51.0632181;17.0675768
985568310;residential;;51.0633308;17.0673052
985568312;residential;;51.0634203;17.0670143
986713668;residential;;51.0584454;17.0492164
986713669;residential;;51.0584335;17.0490633
986713670;residential;;51.0585916;17.0491977
986713671;residential;;51.0585795;17.0490446
986713672;residential;;51.0587168;17.0491803
986713673;residential;;51.0587049;17.0490272
986713678;residential;;51.0585763;17.0484861
986713679;residential;;51.0585882;17.0486394
986713680;residential;;51.0587226;17.0484670
986713681;residential;;51.0588477;17.0484494
986713682;residential;;51.0587345;17.0486202
986713683;residential;;51.0588596;17.0486025
986713685;residential;;51.0581047;17.0509948
986713687;residential;;51.0582081;17.0509944
986713689;residential;;51.0583108;17.0509936
988260886;residential;;51.1388134;17.1204666
988721546;residential;;51.1632027;17.1319973
993322493;residential;;51.1171494;16.9236284
993323728;residential;;51.1004634;17.1562579
996682931;residential;;51.0498770;17.0605285
996684235;residential;;51.0571300;17.0625677
996684596;residential;;51.0574907;17.0653674
997267884;residential;;51.0583528;17.0503299
997267885;residential;;51.0585042;17.0503288
997267886;residential;;51.0584286;17.0503292
997268394;residential;;51.0584888;17.0497992
997268395;residential;;51.0586395;17.0497790
997268396;residential;;51.0585641;17.0497891
997454034;residential;;51.1717134;17.1007047
997454035;residential;;51.1708866;17.1094789
997454039;residential;;51.1699273;17.1012826
997454040;residential;;51.1681495;17.1007310
997454043;residential;;51.1647469;17.1004226
997454044;residential;;51.1670440;17.1164683
997454047;residential;;51.1732530;17.1117491
997454049;residential;;51.1731052;17.1088174
997454059;residential;;51.1714134;17.1005803
997454061;residential;;51.1706552;17.1062545
997454062;residential;;51.1696034;17.1091711
997454063;residential;;51.1699675;17.1081109
997454065;residential;;51.1673215;17.0998414
997454099;residential;;51.1622225;17.1019050
997504869;residential;;51.1561113;16.9264805
997530635;residential;;51.1597330;16.9422011
997530636;residential;;51.1599180;16.9424102
997530637;residential;;51.1600118;16.9425157
997530638;residential;;51.1601055;16.9426215
997530639;residential;;51.1601771;16.9427048
997530640;residential;;51.1598245;16.9423042
997531318;residential;;51.1604110;16.9419621
997531319;residential;;51.1603528;16.9421640
997538492;residential;;51.1574626;16.9459605
997538493;residential;;51.1573155;16.9459127
997538494;residential;;51.1577939;16.9460678
997538495;residential;;51.1576468;16.9460200
997538496;residential;;51.1572628;16.9461647
997538497;residential;;51.1573389;16.9461889
997538498;residential;;51.1574742;16.9462335
997538499;residential;;51.1575502;16.9462579
997538500;residential;;51.1576840;16.9463017
997538501;residential;;51.1577601;16.9463261
997540838;residential;;51.1542431;16.9462009
997540839;residential;;51.1540947;16.9461188
997540840;residential;;51.1541732;16.9457670
997540841;residential;;51.1543217;16.9458486
1000935481;residential;;51.1641918;16.8784360
1000939303;residential;;51.1328806;17.1045662
1000939304;residential;;51.1327553;17.1044911
1000939305;residential;;51.1325039;17.1048094
1000939306;residential;;51.1325968;17.1048953
1000939307;residential;;51.1318746;17.1053719
1001242640;residential;;51.0475622;17.0288081
1001242642;residential;;51.0475423;17.0289656
1001242645;residential;;51.0475203;17.0291404
1001242647;residential;;51.0474978;17.0293154
1001242648;residential;;51.0474760;17.0294897
1001242650;residential;;51.0474537;17.0296649
1001242653;residential;;51.0474339;17.0298225
1001708354;residential;;51.1752916;16.9993803
1001708355;residential;;51.1755095;16.9994061
1001708356;residential;;51.1755414;16.9989681
1001708357;residential;;51.1753242;16.9989278
1001719122;residential;;51.1720070;17.0083563
1001722115;residential;;51.1694047;17.0057886
1001884202;residential;;51.1603973;17.0430306
1001884203;residential;;51.1603343;17.0429826
1001991874;residential;;51.0613468;17.0630809
1002818284;residential;;51.1791606;16.8782524
1002818285;residential;;51.1790541;16.8786586
1002820112;residential;;51.1687272;16.8847180
1002820726;residential;;51.1597326;16.8710853
1002820727;residential;;51.1596385;16.8707501
1003717726;residential;;51.0750899;16.9630910
1004708553;residential;;51.0481101;17.0893618
1004708554;residential;;51.0478942;17.0892439
1005693217;residential;;51.1750736;16.9993541
1005693218;residential;;51.1751070;16.9988873
1005693219;residential;;51.1748554;16.9993291
1005693220;residential;;51.1746372;16.9993037
1005693221;residential;;51.1744182;16.9992788
1005693683;residential;;51.1744239;16.9987615
1005693684;residential;;51.1742073;16.9987219
1005693685;residential;;51.1739898;16.9986819
1005693686;residential;;51.1737442;16.9986379
1005929120;residential;;51.1775912;16.9115535
1005933705;residential;;51.1297747;16.8344466
1005935681;residential;;51.1210463;16.8816919
1005941592;residential;;51.1549663;17.0984343
1005941595;residential;;51.1590430;17.0903183
1005941596;residential;;51.1590067;17.0895645
1005941598;residential;;51.1588854;17.0877785
1005945154;residential;;51.1607580;17.0420592
1005945158;residential;;51.1613951;17.0393852
1006295772;residential;;51.1516216;17.0740724
1006299727;residential;;51.1335931;17.0842496
1006299728;residential;;51.1338076;17.0846375
1006299730;residential;;51.1338942;17.0860892
1006299732;residential;;51.1361168;17.0876097
1006302340;residential;;51.0742158;16.9664563
1008764073;residential;;51.1204261;16.9238071
1008765943;residential;;51.1197545;16.8627125
1008765947;residential;;51.1187630;16.8727648
1008765948;residential;;51.1189765;16.8768747
1008955857;residential;;51.1708014;17.0213499
1008955858;residential;;51.1707584;17.0210131
1008955860;residential;;51.1697848;17.0210414
1008955861;residential;;51.1698552;17.0214280
1008963041;residential;;51.1384080;16.8963134
1008963042;residential;;51.1392221;16.8950461
1008966703;residential;;51.1522967;16.8610964
1008966704;residential;;51.1534024;16.8564266
1008966705;residential;;51.1519601;16.8564362
1008969613;residential;;51.1588197;16.8538042
1008969614;residential;;51.1590342;16.8495420
1008969615;residential;;51.1590767;16.8498740
1008978743;residential;;51.1740040;17.0150685
1008978746;residential;;51.1720531;17.0057952
1008978747;residential;;51.1711298;17.0069718
1008978748;residential;;51.1711106;17.0071486
1008981283;residential;;51.1070772;17.1520622
1008981284;residential;;51.1071922;17.1518426
1008981285;residential;;51.1073069;17.1516240
1008981286;residential;;51.1069620;17.1522819
1008981287;residential;;51.1051099;17.1530316
1008981288;residential;;51.1053805;17.1532853
1008981289;residential;;51.1046896;17.1521033
1008981290;residential;;51.1045695;17.1523686
1008986043;residential;;51.1234668;16.8660243
1008986045;residential;;51.1228239;16.8687975
1008986046;residential;;51.1244614;16.8700450
1008986050;residential;;51.1263716;16.8690824
1008991804;residential;;51.1582845;16.9093873
1008991805;residential;;51.1581485;16.9093012
1008991806;residential;;51.1574783;16.9103542
1008994442;residential;;51.1547987;16.8919658
1008994443;residential;;51.1555082;16.8905386
1008994444;residential;;51.1569305;16.8913746
1008994445;residential;;51.1570267;16.8910586
1008994447;residential;;51.1450023;16.8934522
1008994449;residential;;51.1466838;16.8936829
1008995473;residential;;51.1477651;16.8672095
1008998974;residential;;51.1390053;16.8519927
1009003049;residential;;51.1234697;16.9531968
1009003050;residential;;51.1243475;16.9543356
1009005216;residential;;51.1340788;16.8925414
1009007393;residential;;51.1102308;16.9053897
1009007394;residential;;51.1100916;16.9053573
1009007395;residential;;51.1099328;16.9053253
1009007399;residential;;51.1076205;16.8977838
1009139490;residential;;51.0969662;17.1648632
1009139491;residential;;51.0971579;17.1645253
1009139504;residential;;51.1051803;17.1465952
1009139506;residential;;51.1048835;17.1478130
1009179351;residential;;51.1578988;17.0989645
1009179354;residential;;51.1578680;17.0993600
1009180682;residential;;51.1528525;17.0332083
1009180683;residential;;51.1528397;17.0324237
1009180684;residential;;51.1528071;17.0322344
1009180685;residential;;51.1518297;17.0342142
1009180686;residential;;51.1533445;17.0365114
1009181756;residential;;51.1598858;16.9080654
1009181758;residential;;51.1589611;16.9114527
1009182511;residential;;51.1726528;16.8848036
1009187898;residential;;51.1950798;16.9774932
1009189309;residential;;51.1494390;16.8970336
1009189311;residential;;51.1495888;16.8971600
1009190146;residential;;51.0477525;17.0247464
1009190147;residential;;51.0477081;17.0248953
1009190445;residential;;51.1226743;17.0763135
1009195137;residential;;51.1610874;17.1256217
1009366880;residential;;51.0639965;17.0655504
1009366881;residential;;51.0641469;17.0652813
1009366883;residential;;51.0645104;17.0618414
1009368357;residential;;51.0633638;17.0440510
1009371453;residential;;51.0982342;17.1596899
1009372652;residential;;51.1598398;17.0866290
1009373575;residential;;51.1584182;17.0418974
1009383309;residential;;51.1495661;16.9398657
1009383310;residential;;51.1586586;16.9061051
1009385174;residential;;51.1423080;16.8696965
1009388780;residential;;51.0941164;17.1627850
1009389916;residential;;51.1941871;16.9803667
1009679564;residential;;51.1242455;16.8648115
1009733049;residential;;51.1696316;17.0074538
1009739369;residential;;51.0650435;17.0188549
1009739370;residential;;51.0656728;17.0191665
1009739373;residential;;51.0607835;17.0190496
1009739374;residential;;51.0607594;17.0191814
1009739376;residential;;51.0612815;17.0203345
1009745493;residential;;51.1299461;17.1027155
1009745496;residential;;51.1305420;17.1020795
1009745497;residential;;51.1306244;17.1022523
1009745498;residential;;51.1307122;17.1019716
1009745500;residential;;51.1308105;17.1026610
1009745502;residential;;51.1328681;17.1004268
1009745503;residential;;51.1333290;17.0997406
1010342144;residential;;51.1426647;16.9956421
1010342146;residential;;51.1423680;16.9982235
1010342147;residential;;51.1426084;16.9996584
1010342149;residential;;51.1438346;16.9922933
1010345982;residential;;51.0609244;17.0617690
1010346013;residential;;51.0554630;17.0372889
1010348409;residential;;51.1404218;16.9223732
1010350807;residential;;51.1579883;16.9005949
1010350808;residential;;51.1580250;16.9003262
1010354010;residential;;51.1582200;16.8576709
1010356498;residential;;51.0592040;17.0207854
1010359266;residential;;51.1732018;16.9145339
1010359267;residential;;51.1731256;16.9149388
1010359270;residential;;51.1713292;16.9171055
1010361697;residential;;51.1355422;17.0533598
1010361698;residential;;51.1353899;17.0532139
1010361699;residential;;51.1348590;17.0517579
1010361702;residential;;51.1344171;17.0531316
1010815640;residential;;51.1630053;17.0438154
1010815643;residential;;51.1631973;17.0441253
1010815644;residential;;51.1630669;17.0443489
1010815646;residential;;51.1628668;17.0440571
1010815652;residential;;51.1574082;17.0382013
1010815654;residential;;51.1574338;17.0379733
1010815657;residential;;51.1569363;17.0378736
1010815659;residential;;51.1569195;17.0381039
1010815661;residential;;51.1571881;17.0379155
1010815663;residential;;51.1571624;17.0381436
1010815665;residential;;51.1566967;17.0377999
1010815667;residential;;51.1566709;17.0380282
1011117982;residential;;51.1203333;16.9290346
1011119803;residential;;51.1222674;16.8742693
1011119805;residential;;51.1220858;16.8716016
1011119806;residential;;51.1214794;16.8649602
1011123453;residential;;51.0754121;17.0937944
1011124320;residential;;51.0467372;17.0572931
1011126713;residential;;51.1528733;17.0347183
1011126714;residential;;51.1421956;17.0473483
1011128068;residential;;51.1654103;17.0007852
1011128069;residential;;51.1700457;17.0102653
1011128070;residential;;51.1705957;17.0100857
1011128072;residential;;51.1711716;17.0103889
1011128324;residential;;51.1358937;17.0608963
1011243746;residential;;51.1547570;16.9064785
1011243747;residential;;51.1548502;16.9061294
1011243750;residential;;51.1546792;16.9053750
1011245349;residential;;51.1507950;16.8899175
1011245350;residential;;51.1506790;16.8896670
1011245351;residential;;51.1488162;16.8893501
1011256131;residential;;51.0579942;17.0399731
1011256132;residential;;51.0582687;17.0400157
1011256133;residential;;51.0586018;17.0400817
1011256134;residential;;51.0629338;17.0624013
1011256136;residential;;51.0630779;17.0631765
1011257569;residential;;51.0942109;16.9441727
1011487082;residential;;51.1786148;17.0173991
1012910007;residential;;51.1194158;16.9287260
1013416631;residential;;51.0460233;17.0469431
1013416632;residential;;51.0459199;17.0473707
1013418059;residential;;51.1340762;17.0783282
1013418724;residential;;51.1403829;17.0389227
1013418725;residential;;51.1360542;17.0219843
1013418991;residential;;51.1373430;16.9590010
1013916384;residential;;51.0554173;17.0377974
1013916385;residential;;51.0613809;17.0239257
1013918660;residential;;51.1234120;16.8780458
1013924284;residential;;51.1397889;17.1312628
1014199432;residential;;51.1300931;16.8399182
1014199433;residential;;51.1300625;16.8401197
1014199434;residential;;51.1215685;16.8449464
1014199435;residential;;51.1216268;16.8445680
1014199438;residential;;51.1216885;16.8656870
1014199439;residential;;51.1249160;16.8654516
1014200792;residential;;51.1148778;16.8928587
1014200793;residential;;51.1193501;16.9216200
1014202943;residential;;51.1372152;16.8993269
1014202944;residential;;51.1371112;16.8992992
1014202947;residential;;51.1423497;16.8838937
1014203784;residential;;51.1740617;17.0212724
1014206277;residential;;51.1532873;16.8868757
1014206278;residential;;51.1529738;16.8849557
1017981282;residential;;51.1533393;17.0352562
1017984735;residential;;51.1467525;16.9017462
1018373784;residential;;51.1654042;16.8743977
1020403592;residential;;51.0855848;17.0014350
1022698779;residential;;51.0580821;17.0278738
1022698780;residential;;51.0581114;17.0277686
1022706509;residential;;51.1465630;16.9068292
1022706510;residential;;51.1464617;16.9067955
1022706511;residential;;51.1465135;16.9064059
1022706512;residential;;51.1466148;16.9064395
1022706513;residential;;51.1466635;16.9060653
1022706514;residential;;51.1465624;16.9060314
1022706515;residential;;51.1467130;16.9057044
1022706516;residential;;51.1466115;16.9056704
1025025981;residential;;51.1586584;17.0897096
1025509944;residential;;51.0750144;17.0954471
1025509945;residential;;51.0749721;17.0959284
1025509946;residential;;51.0749842;17.0957599
1025509947;residential;;51.0743478;17.0956841
1025509948;residential;;51.0747509;17.0955508
1025509949;residential;;51.0747450;17.0957722
1025509950;residential;;51.0745158;17.0956180
1025509951;residential;;51.0742215;17.0957345
1025509952;residential;;51.0740062;17.0958196
1028302144;residential;;51.1376336;17.1370107
1028302145;residential;;51.1374230;17.1368377
1028302146;residential;;51.1380378;17.1373470
1028302147;residential;;51.1378249;17.1371746
1028302148;residential;;51.1374062;17.1377303
1028302149;residential;;51.1371850;17.1375413
1028302150;residential;;51.1370460;17.1373153
1028302151;residential;;51.1367973;17.1372093
1028302152;residential;;51.1365290;17.1369964
1028302153;residential;;51.1363413;17.1368356
1028302154;residential;;51.1361844;17.1367025
1028302155;residential;;51.1359962;17.1365413
1028302161;residential;;51.1415330;17.1360458
1028302165;residential;;51.1416453;17.1356656
1031276520;residential;;51.1768321;16.9949956
1033837536;residential;;51.1245660;16.8706650
1033883561;residential;;51.1798320;16.9960102
1033915633;residential;;51.1259750;16.8702020
1033915634;residential;;51.1255441;16.8701551
1033915645;residential;;51.1237580;16.8595670
1036393805;residential;;51.1559659;16.9085165
1036393806;residential;;51.1558240;16.9084111
1036393807;residential;;51.1563860;16.9088558
1036393808;residential;;51.1562636;16.9087662
1037354301;residential;;51.1505605;17.0757700
1038277548;residential;;51.1793272;16.9965830
1038277549;residential;;51.1793692;16.9962636
1038277550;residential;;51.1794166;16.9959052
1038277551;residential;;51.1794640;16.9955471
1038277552;residential;;51.1795093;16.9952103
1038277766;residential;;51.1792471;16.9971903
1038277767;residential;;51.1792052;16.9975042
1038277768;residential;;51.1791579;16.9978626
1038277769;residential;;51.1791108;16.9982208
1038278649;residential;;51.1706035;16.9979384
1040039263;residential;;51.1696148;17.0075448
1043866121;residential;;51.1638633;17.1369184
1054675166;residential;;51.0548939;17.0385912
1054675167;residential;;51.0547083;17.0385184
1058199770;residential;;51.1330326;17.0864984
1058199771;residential;;51.1331135;17.0861088
1058199772;residential;;51.1327735;17.0865578
1058199773;residential;;51.1328608;17.0861378
1058199774;residential;;51.1329463;17.0857261
1058199775;residential;;51.1325286;17.0864376
1058199776;residential;;51.1326273;17.0859629
1058199777;residential;;51.1327129;17.0855854
1058199778;residential;;51.1328247;17.0852233
1058199779;residential;;51.1330862;17.0852491
1058199780;residential;;51.1333351;17.0854416
1058199781;residential;;51.1333855;17.0859104
1058199782;residential;;51.1333336;17.0863215
1058466518;residential;;51.1971322;16.9821450
1058466519;residential;;51.1969821;16.9819916
1058466520;residential;;51.1969071;16.9819148
1058466521;residential;;51.1970571;16.9820681
1058466524;residential;;51.1972081;16.9822225
1061885982;residential;;51.1461905;16.9505857
1065212903;residential;;51.0591900;17.0514734
1065610810;residential;;51.1205266;17.1253912
1065610811;residential;;51.1207000;17.1256897
1065610812;residential;;51.1204538;17.1262178
1066405129;residential;;51.1178158;17.0240516
1066405130;residential;;51.1178219;17.0237134
1066405131;residential;;51.1178281;17.0233767
1067594537;residential;;51.1741028;17.0180460
1067594539;residential;;51.1707327;17.0206640
1067597240;residential;;51.1735247;17.0206554
1068770660;residential;;51.0565177;17.0377652
1068804212;residential;;51.1079695;17.0519471
1072356388;residential;;51.0574002;17.0192660
1074743157;residential;;51.1121337;17.0310828
1076792898;residential;;51.1302900;17.1024415
1081891150;residential;;51.0562728;17.0375618
1081891151;residential;;51.0566266;17.0378074
1081891152;residential;;51.0567916;17.0377767
1082018868;residential;;51.0784700;17.0908809
1082018869;residential;;51.0785171;17.0910228
1082018870;residential;;51.0786050;17.0912875
1082018871;residential;;51.0786521;17.0914286
1082018872;residential;;51.0787872;17.0918351
1082018873;residential;;51.0787402;17.0916930
1082018874;residential;;51.0790676;17.0914335
1082018875;residential;;51.0792467;17.0912835
1082018876;residential;;51.0791227;17.0909111
1086249583;residential;;51.1767100;17.0086020
1087562491;residential;;51.1652364;16.8760196
1087562492;residential;;51.1652893;16.8754974
1089127081;residential;;51.1659907;17.1319819
1089127082;residential;;51.1657837;17.1318309
1089127083;residential;;51.1655766;17.1316777
1089127084;residential;;51.1653508;17.1315157
1089719452;residential;;51.1351829;17.0825335
1089726411;residential;;51.1317215;17.0983847
1089830620;residential;;51.1369885;17.1374804
1091048495;residential;;51.0596685;17.0163475
1091048496;residential;;51.0599565;17.0164909
1091048497;residential;;51.0594537;17.0162399
1091048498;residential;;51.0592622;17.0161436
1091244080;residential;;51.0754869;16.9579696
1091244081;residential;;51.0753827;16.9578999
1091244082;residential;;51.0752772;16.9578260
1091244083;residential;;51.0755922;16.9580426
1091244085;residential;;51.0757490;16.9581508
1091244086;residential;;51.0760361;16.9583413
1091244087;residential;;51.0757612;16.9590349
1091244089;residential;;51.0758816;16.9586755
1092214261;residential;;51.1158693;17.1217789
1101322742;residential;;51.0572213;17.0794931
1101328328;residential;;51.0789732;17.0915122
1101328329;residential;;51.0787362;17.0907914
1101328330;residential;;51.0788505;17.0911391
1101328331;residential;;51.0789429;17.0910607
1102325967;residential;;51.0569693;17.0796623
1103649976;residential;;51.0571899;17.0525075
1104515920;residential;;51.0470749;17.0853435
1104515921;residential;;51.0472995;17.0850514
1104515922;residential;;51.0477586;17.0844945
1111978970;residential;;51.1288215;17.0544878
1112274101;residential;;51.1410470;17.1379205
1112276585;residential;;51.1626022;17.1304114
1112733162;residential;;51.0947568;17.1275647
1112736323;residential;;51.0919921;17.1323631
1112736324;residential;;51.0922618;17.1322886
1112736325;residential;;51.0921238;17.1320608
1112736326;residential;;51.0919865;17.1318331
1112736327;residential;;51.0917906;17.1320312
1113720061;residential;;51.1116854;17.0315986
1117560693;residential;;51.1534726;16.9407425
1117855190;residential;;51.0531458;17.0333290
1117855191;residential;;51.0533408;17.0334121
1117855192;residential;;51.0535360;17.0334961
1117855193;residential;;51.0537363;17.0335511
1117855194;residential;;51.0539316;17.0336351
1117855195;residential;;51.0539955;17.0333667
1118603244;residential;;51.0532534;17.0507823
1119830150;residential;;51.1208346;16.8501950
1119830151;residential;;51.1239584;16.8795240
1119830152;residential;;51.1239519;16.8793097
1121223983;residential;;51.0502657;17.0470315
1121900954;residential;;51.1339552;16.8919000
1121900955;residential;;51.1338961;16.8918807
1121902149;residential;;51.1490860;16.8968161
1121902150;residential;;51.1485349;16.8960951
1124667068;residential;;51.1390083;17.1268801
1124667069;residential;;51.1386519;17.1266001
1125267399;residential;;51.1597026;16.9068309
1125272597;residential;;51.1573635;16.8972463
1125273476;residential;;51.1522688;16.9106720
1125276147;residential;;51.1569709;16.9302038
1126023271;residential;;51.1789688;16.8843965
1126023275;residential;;51.1789737;16.8797309
1126023277;residential;;51.1790326;16.8792364
1126023279;residential;;51.1788618;16.8791225
1126023281;residential;;51.1787985;16.8796574
1126023283;residential;;51.1787338;16.8801939
1126023285;residential;;51.1789148;16.8802254
1126023287;residential;;51.1787884;16.8807162
1126023289;residential;;51.1787563;16.8809782
1126023291;residential;;51.1786465;16.8815893
1126023293;residential;;51.1786771;16.8819491
1126023295;residential;;51.1785949;16.8825758
1126023297;residential;;51.1786410;16.8822313
1126023299;residential;;51.1787207;16.8812608
1126461742;residential;;51.0715157;16.9776836
1126461743;residential;;51.0717138;16.9776730
1126461744;residential;;51.0719100;16.9776514
1126569028;residential;;51.0598877;17.0424689
1126569029;residential;;51.0601413;17.0426303
1126569030;residential;;51.0602958;17.0437125
1126569031;residential;;51.0599534;17.0437325
1126569032;residential;;51.0596544;17.0436673
1126569033;residential;;51.0593694;17.0435843
1128050042;residential;;51.1652971;17.0338901
1128050043;residential;;51.1645882;17.0332891
1128052283;residential;;51.1643552;17.0358055
1128052284;residential;;51.1646082;17.0360225
1128052713;residential;;51.1638166;17.0346749
1128052714;residential;;51.1639341;17.0343288
1128052715;residential;;51.1642191;17.0345746
1128052716;residential;;51.1641011;17.0349200
1128052717;residential;;51.1640637;17.0350311
1128052718;residential;;51.1641813;17.0346850
1128052719;residential;;51.1638965;17.0344402
1128052720;residential;;51.1637788;17.0347856
1128054771;residential;;51.1565079;17.0377867
1128201760;residential;;51.1629460;17.0429047
1132010318;residential;;51.0511947;17.0346162
1132010319;residential;;51.0515130;17.0347724
1132010320;residential;;51.0518310;17.0349301
1132010321;residential;;51.0521490;17.0350876
1132010322;residential;;51.0524671;17.0352446
1134791501;residential;;51.1588227;16.9054928
1134791502;residential;;51.1587066;16.9054086
1134791805;residential;;51.1591415;16.9056810
1134792069;residential;;51.1590570;16.9060164
1136545944;residential;;51.0507310;17.0496531
1136823088;residential;;51.0560897;17.0252499
1136823090;residential;;51.0560404;17.0256645
1136823091;residential;;51.0557838;17.0257341
1138124491;residential;;51.1322433;17.0861972
1153469070;residential;;51.0629205;17.0606415
1153689913;residential;;51.0933155;17.1057187
1157405155;residential;;51.0719208;16.9730545
1157405157;residential;;51.0721292;16.9740679
1157666102;residential;;51.1293694;17.1224376
1157666103;residential;;51.1294474;17.1221082
1157666104;residential;;51.1292851;17.1218590
1157666105;residential;;51.1291595;17.1215521
1157666106;residential;;51.1290772;17.1219223
1157666107;residential;;51.1289914;17.1223086
1157666108;residential;;51.1291279;17.1224538
1157666109;residential;;51.1292794;17.1227807
1158949697;residential;;51.1549622;16.9062148
1158949704;residential;;51.0473652;17.0558061
1158950220;residential;;51.1193212;16.8576471
1158955284;residential;;51.1504800;16.8579529
1158963712;residential;;51.1308793;16.8348071
1158963713;residential;;51.1308464;16.8350554
1158963714;residential;;51.1308132;16.8352762
1159021268;residential;;51.0799708;16.9642083
1160022406;residential;;51.0479541;17.0889179
1163053666;residential;;51.1371687;17.1367326
1163054431;residential;;51.1377936;17.1380625
1163057020;residential;;51.1375724;17.1378730
1164875978;residential;;51.1371613;17.0181889
1165037208;residential;;51.1226860;17.0768043
1165042346;residential;;51.0717511;16.9835102
1165042986;residential;;51.0750254;16.9804470
1165045646;residential;;51.0976127;16.9484513
1165045832;residential;;51.0940335;16.9436241
1165181519;residential;;51.1749637;16.9016537
1170486032;residential;;51.0559497;17.0547339
1170486033;residential;;51.0559157;17.0553081
1170486038;residential;;51.0577210;17.0509750
1176883004;residential;;51.1596033;16.9425468
1176883005;residential;;51.1596980;16.9426536
1176883006;residential;;51.1597916;16.9427595
1176883007;residential;;51.1600502;16.9430512
1176883008;residential;;51.1599791;16.9429709
1176883009;residential;;51.1598853;16.9428651
1178276460;residential;;51.1188644;17.0598421
1180225538;residential;;51.0489566;17.0229229
1180520451;residential;;51.0462552;17.0566381
1180523410;residential;;51.0457493;17.0174402
1180523415;residential;;51.0460313;17.0181092
1180947277;residential;;51.0758541;16.9788985
1181034250;residential;;51.1479346;16.8341644
1181491588;residential;;51.1484122;16.8828151
1181491612;residential;;51.1351325;16.8953272
1181493728;residential;;51.0722697;16.9664509
1182440766;residential;;51.1471724;16.8897326
1182444462;residential;;51.1487561;16.8830903
1182569762;residential;;51.0501810;17.0331167
1182571091;residential;;51.0620140;17.0290780
1183627342;residential;;51.1063827;17.1503042
1183627575;residential;;51.1167270;16.9302924
1183628238;residential;;51.1293589;16.8351584
1190025788;residential;;51.1694006;17.0047063
1190027923;residential;;51.1768788;17.0214400
1190027924;residential;;51.1769644;17.0211153
1190027925;residential;;51.1766374;17.0212788
1190027926;residential;;51.1767228;17.0209531
1190216611;residential;;51.1198014;17.1261096
1190216612;residential;;51.1200633;17.1263935
1190219991;residential;;51.1767073;17.0220893
1190219992;residential;;51.1767932;17.0217648
1190219993;residential;;51.1765517;17.0216027
1190219994;residential;;51.1764657;17.0219271
1192040548;residential;;51.1710480;17.0107129
1196903661;residential;;51.0710993;16.9765580
1196903662;residential;;51.0712735;16.9767519
1203084135;residential;;51.0546418;17.0901365
1203086307;residential;;51.1614323;17.0405040
1203086308;residential;;51.1616865;17.0407202
1203086309;residential;;51.1619405;17.0409363
1203089635;residential;;51.1417997;17.0444648
1203895767;residential;;51.1403889;17.0911351
1203895775;residential;;51.1395347;17.0915044
1203895777;residential;;51.1396133;17.0918110
1204676110;residential;;51.1419622;16.9984536
1206621681;residential;;51.0579512;17.0498336
1206712610;residential;;51.0580957;17.0486028
1206712611;residential;;51.0581750;17.0486028
1206712612;residential;;51.0583381;17.0498185
1206712613;residential;;51.0584133;17.0498094
1208323120;residential;;51.0579501;17.0491667
1208323121;residential;;51.0583395;17.0491534
1208323122;residential;;51.0582521;17.0486000
1208323123;residential;;51.0580182;17.0486005
1208323124;residential;;51.0579408;17.0485958
1208323125;residential;;51.0579745;17.0503322
1208369352;residential;;51.0584823;17.0485768
1208369353;residential;;51.0584068;17.0485868
1208369354;residential;;51.0583298;17.0485948
1208985851;residential;;51.0630630;17.0381420
1209676019;residential;;51.1641246;16.9248892
1209992096;residential;;51.0582617;17.0491605
1209992097;residential;;51.0581847;17.0491662
1209992098;residential;;51.0581073;17.0498348
1209992099;residential;;51.0580291;17.0498353
1209992100;residential;;51.0581070;17.0491689
1209992101;residential;;51.0580279;17.0491691
1211210172;residential;;51.0582773;17.0503303
1211210173;residential;;51.0580512;17.0503318
1211210174;residential;;51.0582612;17.0498261
1211210175;residential;;51.0581843;17.0498318
1211270379;residential;;51.1011690;17.1047102
1214332596;residential;;51.1036575;17.1191325
1214415759;residential;;51.1413027;17.0810069
1219821600;residential;;51.0581263;17.0503311
1219821601;residential;;51.0582019;17.0503307
1221831133;residential;;51.1592386;17.0896855
1221832114;residential;;51.1563166;17.0967861
1224877584;residential;;51.0753791;17.0942528
1225078028;residential;;51.0717907;16.9831442
1229160313;residential;;51.1358735;16.8989183
1231471935;residential;;51.0499430;17.0330286
1231484161;residential;;51.0504514;17.0362753
1231484162;residential;;51.0504808;17.0360239
1231750641;residential;;51.1648423;16.8779484
1231750642;residential;;51.1650566;16.8778125
1231750643;residential;;51.1650370;16.8782297
1231751466;residential;;51.1673660;16.8757189
1231751467;residential;;51.1670429;16.8747555
1240103844;residential;;51.0550854;17.0376996
1240103845;residential;;51.0502345;17.0359130
1240103846;residential;;51.0490776;17.0381787
1240103848;residential;;51.0566213;17.0635256
1240103850;residential;;51.0568890;17.0292420
1240103851;residential;;51.0570860;17.0293370
1240103852;residential;;51.0571370;17.0289020
1240103853;residential;;51.0569400;17.0288040
1240103854;residential;;51.0476825;17.0280420
1240103855;residential;;51.0576080;17.0288710
1240103856;residential;;51.0578040;17.0289670
1240103857;residential;;51.0580065;17.0290305
1240103866;residential;;51.0618185;17.0214086
1240103867;residential;;51.0617117;17.0220927
1240103868;residential;;51.0574130;17.0287700
1240103871;residential;;51.0614555;17.0218358
1240103872;residential;;51.0615442;17.0212688
1240103873;residential;;51.0591747;17.0329390
1240103874;residential;;51.0549306;17.0366090
1240103875;residential;;51.0544089;17.0369228
1240103877;residential;;51.0546000;17.0364026
1240103878;residential;;51.0547566;17.0365423
1240103886;residential;;51.0551879;17.0371915
1240103888;residential;;51.0646490;17.0627550
1240103891;residential;;51.0552793;17.0367405
1240103893;residential;;51.0551049;17.0366749
1240103898;residential;;51.0571835;17.0380210
1240103899;residential;;51.0571140;17.0378385
1240103900;residential;;51.0577005;17.0382380
1240103901;residential;;51.0575100;17.0380420
1240103902;residential;;51.0631028;17.0614793
1240103908;residential;;51.0543630;17.0189390
1240103913;residential;;51.0497110;17.0554289
1240103914;residential;;51.0526586;17.0336315
1240103916;residential;;51.0528721;17.0337361
1240103917;residential;;51.0528819;17.0334639
1240103918;residential;;51.0513427;17.0351740
1240103920;residential;;51.0549221;17.0376381
1240103922;residential;;51.0606402;17.0621559
1240103924;residential;;51.0496530;17.0231498
1240103925;residential;;51.0627354;17.0261938
1240103927;residential;;51.0542710;17.0373925
1240103928;residential;;51.0544338;17.0374540
1240103929;residential;;51.0545967;17.0375154
1240103930;residential;;51.0547594;17.0375769
1240103931;residential;;51.0512294;17.0358395
1240103932;residential;;51.0513169;17.0355530
1240103933;residential;;51.0510300;17.0351431
1240103934;residential;;51.0509710;17.0356340
1240104595;residential;;51.1638059;17.0327421
1240104597;residential;;51.1636450;17.0326005
1240104598;residential;;51.1633229;17.0323169
1240104599;residential;;51.1635744;17.0330189
1240104600;residential;;51.1632523;17.0327356
1240104604;residential;;51.1622255;17.0412100
1240104607;residential;;51.1611700;17.0418880
1240104608;residential;;51.1610830;17.0407805
1240104610;residential;;51.1634133;17.0328770
1240104611;residential;;51.1634839;17.0324587
1240104612;residential;;51.1637354;17.0331606
1240104853;residential;;51.1725370;17.0022193
1240104854;residential;;51.1724980;17.0019458
1240104855;residential;;51.1724411;17.0015512
1240104856;residential;;51.1723992;17.0012615
1240104858;residential;;51.1726655;17.0016731
1240104859;residential;;51.1726318;17.0013686
1240104860;residential;;51.1725986;17.0010649
1240104861;residential;;51.1723349;17.0008210
1240104862;residential;;51.1722932;17.0005351
1240104863;residential;;51.1722364;17.0001449
1240104864;residential;;51.1721943;16.9998513
1240104865;residential;;51.1725272;17.0004186
1240104866;residential;;51.1724935;17.0001139
1240104869;residential;;51.1724550;16.9998034
1240104877;residential;;51.1746704;17.0159869
1240104881;residential;;51.1710375;16.9992410
1240104882;residential;;51.1709635;16.9987750
1240105153;residential;;51.1425394;16.9962666
1240105905;residential;;51.1649755;17.1350090
1240105906;residential;;51.1647840;17.1349060
1240105907;residential;;51.1645920;17.1348090
1240105920;residential;;51.1654051;17.1133686
1240105926;residential;;51.1681385;17.1114800
1240105928;residential;;51.1674861;17.1137889
1240105933;residential;;51.1660629;17.0997358
1240105934;residential;;51.1485100;17.0723965
1240105935;residential;;51.1483790;17.0726350
1240105936;residential;;51.1481915;17.0729810
1240105937;residential;;51.1481880;17.0724425
1240105938;residential;;51.1479950;17.0727935
1240105939;residential;;51.1484630;17.0719415
1240105940;residential;;51.1721530;17.1099165
1240105944;residential;;51.1684478;17.1160648
1240105947;residential;;51.1582192;17.0954318
1240105952;residential;;51.1477775;17.0733895
1240106523;residential;;51.1380416;17.0571595
1240107170;residential;;51.1398353;17.1369836
1240107171;residential;;51.1400139;17.1375800
1240107174;residential;;51.1389862;17.1364188
1240107176;residential;;51.1289981;17.1206383
1240107180;residential;;51.1287580;17.1215695
1240107184;residential;;51.1333924;17.1022758
1240107185;residential;;51.1332249;17.1027006
1240108223;residential;;51.0944774;17.1622151
1240108224;residential;;51.0935669;17.1625108
1240108226;residential;;51.1003065;17.1555650
1240108227;residential;;51.1000305;17.1552535
1240108228;residential;;51.0999255;17.1551310
1240108229;residential;;51.0997530;17.1549450
1240108230;residential;;51.0996450;17.1548280
1240108231;residential;;51.1002015;17.1554415
1240109443;residential;;51.0543381;17.0822980
1240109448;residential;;51.0493500;17.0870965
1240109449;residential;;51.0494841;17.0862907
1240109450;residential;;51.0495935;17.0857331
1240109455;residential;;51.0513611;17.0804736
1240109456;residential;;51.0473745;17.0892575
1240109457;residential;;51.0646015;17.0810355
1240109459;residential;;51.0496830;17.0872525
1240112139;residential;;51.0775535;17.0928275
1240112155;residential;;51.0756085;17.0014698
1240427168;residential;;51.1197928;17.0176654
1241190264;residential;;51.1195071;16.9243423
1241190266;residential;;51.1233510;16.9150017
1241190269;residential;;51.1001580;16.9442168
1241190273;residential;;51.1142507;16.9218345
1241190274;residential;;51.1142258;16.9214122
1241190277;residential;;51.1001529;16.9401233
1241190278;residential;;51.1004251;16.9402470
1241190283;residential;;51.1186218;16.9219189
1241190288;residential;;51.1142283;16.9210013
1241190290;residential;;51.1142306;16.9224403
1241461434;residential;;51.0546791;17.0369985
1241461435;residential;;51.0548489;17.0370629
1241461436;residential;;51.0550184;17.0371271
1267960704;residential;;51.0836382;16.9613529
1268145961;residential;;51.1580420;16.8517535
1268145962;residential;;51.1582638;16.8531419
1268145963;residential;;51.1583797;16.8534015
1268145964;residential;;51.1584265;16.8529607
1268145965;residential;;51.1585434;16.8532193
1268151674;residential;;51.0945831;16.9460559
1268599726;residential;;51.1698610;16.8886465
1268599727;residential;;51.1699222;16.8876371
1268781391;residential;;51.1708900;16.9983090
1271440102;residential;;51.1588344;16.9003119
1271440104;residential;;51.1591587;16.9004264
1271440105;residential;;51.1559820;16.9033010
1271457456;residential;;51.0606691;17.0498927
1271457457;residential;;51.0619153;17.0499378
1273097624;residential;;51.1962126;16.9754833
1273937135;residential;;51.1668018;16.8745372
1273937136;residential;;51.1675936;16.8759258
1273937137;residential;;51.1678293;16.8761246
1273937138;residential;;51.1680668;16.8762767
1273937139;residential;;51.1683142;16.8764356
1273937140;residential;;51.1665759;16.8743080
1273937141;residential;;51.1663317;16.8742010
1273937142;residential;;51.1661093;16.8740590
1273937143;residential;;51.1671265;16.8755014
1273937144;residential;;51.1673356;16.8750187
1273937145;residential;;51.1675705;16.8752321
1273937146;residential;;51.1677971;16.8754370
1273937147;residential;;51.1680406;16.8756332
1273937148;residential;;51.1683076;16.8757997
1273937150;residential;;51.1685824;16.8759809
1280148828;residential;;51.1724270;17.1091600
1290489498;residential;;51.1578016;16.9291614
1290494460;residential;;51.1566487;17.1256932
1290499281;residential;;51.1011002;17.0952749
1293519769;residential;;51.1253246;16.8656155
1295454748;residential;;51.1490139;16.8974435
1295454749;residential;;51.1496501;16.8977791
1302105605;residential;;51.0609015;17.0497865
1302105606;residential;;51.0611277;17.0496655
1302105608;residential;;51.0612106;17.0491816
1302105609;residential;;51.0613164;17.0491540
1302105610;residential;;51.0610319;17.0492337
1302105611;residential;;51.0608150;17.0492975
1302105613;residential;;51.0614921;17.0485131
1302105614;residential;;51.0613864;17.0485413
1302105616;residential;;51.0609745;17.0486785
1302105617;residential;;51.0612087;17.0486122
1302105618;residential;;51.0617217;17.0484990
1302105619;residential;;51.0614951;17.0494379
1302105620;residential;;51.0616538;17.0493501
1302105621;residential;;51.0615562;17.0491442
1302105622;residential;;51.0617036;17.0490729
1302105623;residential;;51.0617985;17.0492795
1302105624;residential;;51.0622135;17.0485580
1302105625;residential;;51.0621640;17.0487895
1302105626;residential;;51.0621005;17.0490315
1302105627;residential;;51.0620535;17.0485275
1302105628;residential;;51.0620040;17.0487550
1302105629;residential;;51.0614685;17.0502010
1302105630;residential;;51.0610170;17.0504400
1302105631;residential;;51.0605580;17.0506305
1305476998;residential;;51.1802180;16.9986626
1305476999;residential;;51.1800841;16.9986156
1305477000;residential;;51.1803063;16.9980709
1305477001;residential;;51.1801684;16.9980220
1305477002;residential;;51.1805847;16.9960803
1305477003;residential;;51.1804461;16.9960309
1305477004;residential;;51.1803629;16.9976625
1305477005;residential;;51.1802241;16.9976130
1305477006;residential;;51.1804471;16.9970671
1305477007;residential;;51.1805007;16.9966769
1305477008;residential;;51.1803078;16.9970181
1305477009;residential;;51.1803615;16.9966272
1305564735;residential;;51.1717700;16.9998220
1305564736;residential;;51.1718890;17.0003145
1305564737;residential;;51.1719290;17.0005925
1305564738;residential;;51.1719695;17.0008695
1305564739;residential;;51.1720095;17.0011475
1305564740;residential;;51.1720495;17.0014250
1305564741;residential;;51.1720890;17.0017015
1306695180;residential;;51.0984890;16.9598693
1306923868;residential;;51.1713780;17.0028615
1306923869;residential;;51.1715020;17.0026940
1306923870;residential;;51.1716210;17.0025210
1306923871;residential;;51.1710215;17.0031585
1306923872;residential;;51.1708330;17.0033715
1307022540;residential;;51.1757865;17.0153902
1307069552;residential;;51.0640260;16.9951734
1307603889;residential;;51.1562801;16.8614340
1307603890;residential;;51.1563767;16.8616437
1307603891;residential;;51.1561353;16.8617781
1307603892;residential;;51.1559898;16.8619347
1307609687;residential;;51.1659046;16.8733009
1307609688;residential;;51.1658614;16.8737201
1307611066;residential;;51.0606876;17.0617160
1307611067;residential;;51.0614845;17.0807225
1307989100;residential;;51.1465610;16.8280711
1307995627;residential;;51.1300478;16.8383246
1307995628;residential;;51.1301232;16.8378321
1307995629;residential;;51.1300808;16.8380774
1307997562;residential;;51.1738999;16.8837882
1307997565;residential;;51.1737837;16.8796065
1307997566;residential;;51.1753024;16.8829765
1307997567;residential;;51.1763533;16.8843090
1307999153;residential;;51.1403797;16.8948044
1307999154;residential;;51.1488045;16.8971850
1307999850;residential;;51.1758553;16.9048453
1308002977;residential;;51.0583161;17.0531156
1308015173;residential;;51.1600755;17.0487125
1308024302;residential;;51.1491927;16.8336794
1308024303;residential;;51.1422322;16.8462436
1308344620;residential;;51.1518668;16.9463274
1308346371;residential;;51.1698983;16.8880046
1308346372;residential;;51.1698836;16.8882790
1308346373;residential;;51.1702028;16.8877419
1308346374;residential;;51.1701859;16.8881097
1308346375;residential;;51.1701706;16.8883840
1308346376;residential;;51.1701497;16.8887500
1311382466;residential;;51.1619056;16.9253950
1311637180;residential;;51.1239635;16.8867053
1311637181;residential;;51.1239223;16.8864612
1311900145;residential;;51.1405659;17.1145944
1312661719;residential;;51.1271752;16.9497020
1312662854;residential;;51.0672143;16.9803527
1312666417;residential;;51.0615394;17.0690842
1312666418;residential;;51.0614089;17.0692487
1312666419;residential;;51.0613869;17.0687889
1312666420;residential;;51.0612573;17.0689529
1312666421;residential;;51.0612022;17.0692680
1312673165;residential;;51.1594072;16.9066930
1312673166;residential;;51.1592296;16.9065787
1312682314;residential;;51.1366348;16.8991728
1312682316;residential;;51.1500783;16.8960767
1312682322;residential;;51.1518677;16.9124569
1312683227;residential;;51.1530152;16.8558311
1312929361;residential;;51.0728431;16.9764375
1314733322;residential;;51.1344530;17.0981398
1314956475;residential;;51.0628255;17.0610285
1314957381;residential;;51.0585829;17.0268752
1314957382;residential;;51.0718303;16.9827369
1314957970;residential;;51.1549461;16.9056592
1314957971;residential;;51.1552024;16.9057684
1314960582;residential;;51.1680106;17.1540921
1314962103;residential;;51.1437045;16.9933527
1316039038;residential;;51.1717340;17.0014090
1327357334;residential;;51.1690427;16.8904707
1327357335;residential;;51.1690433;16.8905603
1327357336;residential;;51.1690394;16.8907928
1327357337;residential;;51.1690389;16.8909045
1327357338;residential;;51.1690380;16.8910155
1327357339;residential;;51.1690375;16.8911266
1327654739;residential;;51.0781330;17.0390015
1328568059;residential;;51.1313172;16.8562253
1332644265;residential;;51.1805599;16.9956549
1334349845;residential;;51.1034284;17.1617329
1341960993;residential;;51.1583405;17.1271425
1347335000;residential;;51.1540615;16.9489565
1348796913;residential;;51.0604220;17.0495109
1348796915;residential;;51.0602885;17.0499322
1348796917;residential;;51.0601396;17.0495905
1348796919;residential;;51.0600043;17.0500186
1348796921;residential;;51.0599504;17.0507743
1348796922;residential;;51.0594141;17.0508931
1348796923;residential;;51.0598615;17.0496554
1348796925;residential;;51.0597235;17.0500918
1348796927;residential;;51.0595878;17.0497089
1348796929;residential;;51.0594495;17.0501446
1349872278;residential;;51.1209470;16.8854250
1360752414;residential;;51.0488220;17.0853900
1360752415;residential;;51.0486400;17.0859765
1361034178;residential;;51.0483055;17.0160910
1361034179;residential;;51.0500230;17.0159885
1361125326;residential;;51.0733570;17.0917820
1361125327;residential;;51.0732685;17.0918705
1361125328;residential;;51.0731835;17.0919600
1361125329;residential;;51.0730395;17.0916180
1361125330;residential;;51.0731245;17.0915280
1361125331;residential;;51.0732075;17.0914380
1361125332;residential;;51.0730765;17.0911270
1361125333;residential;;51.0729945;17.0912170
1361125334;residential;;51.0729125;17.0913130
1361125335;residential;;51.0726995;17.0903665
1361125336;residential;;51.0727630;17.0909585
1361125337;residential;;51.0728505;17.0908750
1361125338;residential;;51.0729365;17.0907910
1361125858;residential;;51.0777830;17.0940050
1361129620;residential;;51.0747885;17.0360320
1361132924;residential;;51.0797035;16.9678630
1361411707;residential;;51.1486415;17.0721580
1361411708;residential;;51.1480765;17.0732595
1361411709;residential;;51.1479975;17.0735620
1361411710;residential;;51.1478660;17.0730765
1361411711;residential;;51.1483340;17.0722035
1362867744;residential;;51.0485385;17.0273260
1362868330;residential;;51.0488235;17.0150795
1362868331;residential;;51.0487940;17.0152575
1362868332;residential;;51.0487595;17.0153940
1362868333;residential;;51.0487420;17.0155035
1362868334;residential;;51.0487245;17.0156160
1362868335;residential;;51.0486850;17.0158845
1362868336;residential;;51.0486200;17.0158345
1362868337;residential;;51.0485545;17.0157865
1362868338;residential;;51.0484895;17.0157380
1362868339;residential;;51.0485805;17.0162585
1362868340;residential;;51.0484975;17.0162760
1362868341;residential;;51.0484380;17.0162130
1362868342;residential;;51.0483770;17.0161510
1362879880;residential;;51.1562650;16.8579340
1365560655;residential;;51.0960950;16.9628070
1366541013;residential;;51.1598165;16.9083510
1366541014;residential;;51.1597140;16.9082795
1366541015;residential;;51.1596690;16.9084320
1366541016;residential;;51.1597710;16.9085035
1366541017;residential;;51.1597185;16.9087025
1366541018;residential;;51.1595945;16.9086200
1366541019;residential;;51.1595430;16.9087815
1366541020;residential;;51.1596665;16.9088640
1370982891;residential;;51.0659788;17.0746938
1370982892;residential;;51.0655737;17.0743230
1370982893;residential;;51.0656594;17.0747509
1376518648;residential;;51.0571330;17.0501795
1376518649;residential;;51.0572505;17.0508900
1376520359;residential;;51.0564575;17.0606160
1376520360;residential;;51.0563785;17.0606535
1376520361;residential;;51.0563045;17.0606645
1376520362;residential;;51.0562270;17.0606850
1376520363;residential;;51.0561525;17.0606965
1376520364;residential;;51.0560755;17.0607165
1376520365;residential;;51.0560015;17.0607280
1376520366;residential;;51.0559255;17.0607285
1376520367;residential;;51.0558515;17.0607595
1376520368;residential;;51.0557690;17.0607620
1376981555;residential;;51.1717675;17.0017355
1376981556;residential;;51.1716995;17.0010850
1376981557;residential;;51.1716655;17.0007585
1376981558;residential;;51.1716315;17.0004335
1376981559;residential;;51.1721095;17.0022615
1377222280;residential;;51.0605870;17.0190275
1377411322;residential;;51.1701965;16.8784265
1377411323;residential;;51.1699960;16.8781840
1377411324;residential;;51.1698015;16.8779175
1377411325;residential;;51.1696150;16.8776015
1377411326;residential;;51.1694250;16.8772435
1381641566;residential;;51.0619230;17.0691195
1381641567;residential;;51.0617520;17.0691485
1381642864;residential;;51.0636525;17.0769715
1381642866;residential;;51.0606825;17.0739500
1381642867;residential;;51.0606535;17.0740770
1381642868;residential;;51.0606020;17.0742970
1381642869;residential;;51.0605635;17.0744640
1381644511;residential;;51.0578633;17.0485883
1381644512;residential;;51.0577860;17.0485780
1381644513;residential;;51.0577090;17.0485660
1381644514;residential;;51.0576320;17.0485505
1381644515;residential;;51.0575555;17.0485340
1381644516;residential;;51.0574795;17.0485140
1381644517;residential;;51.0574030;17.0484910
1381644518;residential;;51.0573270;17.0484665
1381644519;residential;;51.0572510;17.0484385
1381644520;residential;;51.0571855;17.0490030
1381644521;residential;;51.0572595;17.0490325
1381644522;residential;;51.0573350;17.0490570
1381644523;residential;;51.0574115;17.0490800
1381644524;residential;;51.0574880;17.0491000
1381644525;residential;;51.0575645;17.0491170
1381644526;residential;;51.0576410;17.0491315
1381644527;residential;;51.0577180;17.0491445
1381644528;residential;;51.0577955;17.0491540
1381644529;residential;;51.0578726;17.0491619
1381644530;residential;;51.0578748;17.0498295
1381644531;residential;;51.0577975;17.0498230
1381644532;residential;;51.0577210;17.0498145
1381644533;residential;;51.0576440;17.0498030
1381644534;residential;;51.0575670;17.0497895
1381644535;residential;;51.0574910;17.0497730
1381644536;residential;;51.0574150;17.0497550
1381644537;residential;;51.0573385;17.0497340
1381644538;residential;;51.0572630;17.0497105
1381644539;residential;;51.0571805;17.0496825
1381644540;residential;;51.0578968;17.0503303
1381644541;residential;;51.0578200;17.0503260
1381644542;residential;;51.0577430;17.0503195
1381644543;residential;;51.0576660;17.0503105
1381644544;residential;;51.0575895;17.0502985
1381644545;residential;;51.0575130;17.0502845
1381644546;residential;;51.0574365;17.0502685
1381644547;residential;;51.0573605;17.0502500
1381644548;residential;;51.0572845;17.0502290
1381644549;residential;;51.0572090;17.0502055
1383224207;residential;;51.1765835;17.0138695
1383224209;residential;;51.1712720;17.0215805
1392933905;residential;;51.1224655;16.8717345
1393203725;residential;;51.0523467;17.0809640
1394176757;residential;;51.0505185;17.0151860
1394176758;residential;;51.0506360;17.0152345
1394176759;residential;;51.0507555;17.0152825
1394176760;residential;;51.0508750;17.0153305
1394176761;residential;;51.0509950;17.0153790
1394176762;residential;;51.0511160;17.0154210
1395180354;residential;;51.1421353;16.8954218
1395180355;residential;;51.1421338;16.8950061
1396293195;residential;;51.0571570;17.0273655
1396293196;residential;;51.0603055;17.0295200
1396295050;residential;;51.0583680;17.0343555
1396295058;residential;;51.0578755;17.0392175
1396295059;residential;;51.0578925;17.0393540
1396295060;residential;;51.0579035;17.0395625
1396295061;residential;;51.0579070;17.0397025
1408877928;residential;;51.0826567;17.0834600
1409449380;residential;;51.1419216;16.8953945
1410062038;residential;;51.1017195;17.0494970
1410329447;residential;;51.0977865;16.9592090
1411010855;residential;;51.1749343;17.0142147
1411926145;residential;;51.1323830;16.8925720
1411930623;residential;;51.1428990;16.8263650
1411930624;residential;;51.1428740;16.8260260
1411930625;residential;;51.1428480;16.8256840
1411930626;residential;;51.1428215;16.8253410
1411930627;residential;;51.1427955;16.8249960
1413919882;residential;;51.1595960;16.9349090
1413919883;residential;;51.1594965;16.9348890
1413919884;residential;;51.1593735;16.9365440
1413919885;residential;;51.1595305;16.9359370
1413919886;residential;;51.1594315;16.9359180
1413919887;residential;;51.1592985;16.9358925
1413919888;residential;;51.1595570;16.9355890
1413919889;residential;;51.1594575;16.9355690
1413919890;residential;;51.1593245;16.9355440
1413919891;residential;;51.1593400;16.9352125
1413919892;residential;;51.1594725;16.9352385
1413919893;residential;;51.1595720;16.9352570
1413919894;residential;;51.1593635;16.9348630
1413920666;residential;;51.1346865;16.9242175
1414942066;residential;;51.1122625;17.1378905
1419436395;residential;;51.1719885;17.1103290
1419436455;residential;;51.1621210;17.1055770
1419436769;residential;;51.1589640;17.1032765
1419436770;residential;;51.1588050;17.1033570
1419436771;residential;;51.1565685;17.0993890
1419933401;residential;;51.0607060;17.0484630
1419933402;residential;;51.0605865;17.0485010
1419933403;residential;;51.0606150;17.0488210
1419933404;residential;;51.0604960;17.0488590
1419933405;residential;;51.0603590;17.0483205
1419933406;residential;;51.0603255;17.0484565
1419933407;residential;;51.0602605;17.0487155
1419933408;residential;;51.0602155;17.0488950
1419933409;residential;;51.0601410;17.0483195
1419933410;residential;;51.0600965;17.0484985
1419933411;residential;;51.0600265;17.0487775
1419933412;residential;;51.0599815;17.0489575
1419933413;residential;;51.0598840;17.0483585
1419933414;residential;;51.0598390;17.0485385
1419933415;residential;;51.0597660;17.0488305
1419933416;residential;;51.0597210;17.0490105
1420031797;residential;;51.1283745;17.1220495
1420031798;residential;;51.1282750;17.1223465
1420031799;residential;;51.1281750;17.1226445
1420031800;residential;;51.1280760;17.1229415
1420031801;residential;;51.1283325;17.1233790
1420031802;residential;;51.1284250;17.1230460
1420031803;residential;;51.1285115;17.1227405
1420031804;residential;;51.1285975;17.1224320
1420943678;residential;;51.1683050;16.8884265
1420943679;residential;;51.1682905;16.8880530
1420943680;residential;;51.1685505;16.8881275
1420943681;residential;;51.1685840;16.8884485
1420943682;residential;;51.1688530;16.8885235
1420943683;residential;;51.1688365;16.8882085
1420943684;residential;;51.1691220;16.8882895
1420943685;residential;;51.1691220;16.8886005
1420943686;residential;;51.1693915;16.8886640
1420943687;residential;;51.1694090;16.8883700
1422676103;residential;;51.1049475;17.1536310
1422676104;residential;;51.1048175;17.1534820
1422676105;residential;;51.1046870;17.1533335
1422676171;residential;;51.1102070;17.1440875
1422676174;residential;;51.1072860;17.1522960
1422676175;residential;;51.1071710;17.1525165
1422866785;residential;;51.0465680;17.0292755
1422866786;residential;;51.0465330;17.0295480
1423126884;residential;;51.0554655;17.0817740
1423126885;residential;;51.0555140;17.0815650
1423126886;residential;;51.0555440;17.0814375
1423126887;residential;;51.0557570;17.0815615
1423126888;residential;;51.0557270;17.0816895
1423126889;residential;;51.0556790;17.0818980
1423126890;residential;;51.0568015;17.0843165
1423126891;residential;;51.0566675;17.0842475
1423127356;residential;;51.0725095;16.9794440
1423127357;residential;;51.0725505;16.9791675
1423127358;residential;;51.0725915;16.9788895
1423127359;residential;;51.0726360;16.9786135
1423127360;residential;;51.0726770;16.9783360
1423127361;residential;;51.0727180;16.9780585
1423127362;residential;;51.0727590;16.9777810
1423127363;residential;;51.0724380;16.9775735
1423127364;residential;;51.0723975;16.9778420
1423127365;residential;;51.0723600;16.9781005
1423127366;residential;;51.0723215;16.9783585
1423127367;residential;;51.0722835;16.9786165
1423127368;residential;;51.0722455;16.9788750
1423127369;residential;;51.0722070;16.9791335
1423872509;residential;;51.1616190;17.0440420
1423885229;residential;;51.1542970;16.8570760
1423885230;residential;;51.1534765;16.8596005
1423888557;residential;;51.1398530;16.9243325
1425024699;residential;;51.1604350;17.0491420
1425024700;residential;;51.1603495;17.0490400
1425024701;residential;;51.1601615;17.0488150
1427117511;residential;;51.0994330;17.1534250
1427119674;residential;;51.1235750;16.9551290
1427119675;residential;;51.1244000;16.9478085
1427509810;residential;;51.1660835;17.1083885
1427509811;residential;;51.1653345;17.1062630
1427509813;residential;;51.1692915;17.1123575
1427509814;residential;;51.1692675;17.1124730
1427509815;residential;;51.1704100;17.1078225
1438824;residential;;51.0678386;17.0328242
1447022;residential;;51.1380202;17.0457612
1447037;residential;;51.1383460;17.0456791
5310955;residential;;51.0740377;17.0436613
5712549;residential;Patio House;51.1364383;16.9552715
11768963;residential;;51.0824591;17.0144660
11768964;residential;;51.0823642;17.0144142
11768965;residential;;51.0822704;17.0143829
16291071;residential;;51.1123887;17.0077367